HITid,AssignmentId,WorkerId,Time of Day,Day of Week,Start Time,End Time,Time,Minutes,Input Time (s),Query Time (s),Query,Category,FilteredDocs,doc1id,doc1selected,doc1score,doc2id,doc2selected,doc2score,doc3id,doc3selected,doc3score,doc4id,doc4selected,doc4score,doc5id,doc5selected,doc5score,doc6id,doc6selected,doc6score,doc7id,doc7selected,doc7score,doc8id,doc8selected,doc8score,doc9id,doc9selected,doc9score,doc10id,doc10selected,doc10score,doc11id,doc11selected,doc11score,doc12id,doc12selected,doc12score,doc13id,doc13selected,doc13score,Num Relevant Selected,Num NR Selected
3TD33TP5EPIDO0685TL503W8AGEBAN,36ZN444YTWEF0WC9BOO5B5GF4J1OIT,A2CWJRAEFZ44HU,2022-02-11T13:23:01,FRIDAY,1644603781000,1644603880000,99.0,1.65,16.445,0.0," list of radioactive elements"," Science",null," clueweb09-en0008-56-42166",true,0.10430908," clueweb09-en0010-49-15615",false,0.10430908," nr-clueweb09-en0004-88-10589",false,-1.0," clueweb09-en0002-05-39713",false,0.10430908," clueweb09-en0008-56-42163",false,0.10430908," clueweb09-en0011-94-05183",true,0.10430908," clueweb09-en0011-94-06904",false,0.10430908," nr-clueweb09-en0011-67-14155",false,-1.0," clueweb09-en0009-69-22488",false,0.10430908," random-clueweb09-enwp00-42-07293",false,-2.0," clueweb09-en0006-96-08490",false,0.10430908," clueweb09-en0006-96-08607",true,0.10430908," clueweb09-en0009-17-06505",false,0.10430908,3,0
3TD33TP5EPIDO0685TL503W8AGEBAN,3WAKVUDHU1WDOHFAOJWHJMIV8PEU7H,AQNCH42WD4ITI,2022-02-11T13:23:38,FRIDAY,1644603818000,1644603959000,141.0,2.35,21.68,0.0," new movie summer"," Entertainment",null," random-clueweb09-en0003-07-27095",false,-2.0," clueweb09-en0000-44-07766",false,0.088134766," clueweb09-en0002-08-00006",true,0.088134766," clueweb09-en0003-28-11610",true,0.088134766," nr-clueweb09-en0003-07-08876",false,-1.0," clueweb09-en0011-83-19020",false,0.088134766," nr-clueweb09-en0005-03-10830",false,-1.0," clueweb09-en0004-34-31967",true,0.088134766," clueweb09-en0000-46-13874",false,0.088134766," clueweb09-en0001-62-11881",false,0.088134766," clueweb09-en0001-49-05049",false,0.088134766," clueweb09-en0000-18-05102",false,0.088134766," clueweb09-en0003-28-11600",false,0.088134766,3,0
3TD33TP5EPIDO0685TL503W8AGEBAN,3QRYMNZ7F3XNRPS84LNWANIJPRENTY,A34O453D7VWWUK,2022-02-11T13:30:11,FRIDAY,1644604211000,1644604288000,77.0,1.2833333333333334,26.718,0.0," free courses"," Education",null," clueweb09-en0009-06-13096",true,0.06878662," clueweb09-en0004-34-27170",true,0.06878662," clueweb09-en0000-80-01745",false,0.06878662," random-clueweb09-en0007-49-03198",false,-2.0," clueweb09-en0004-34-27166",true,0.06878662," nr-clueweb09-en0005-03-10822",false,-1.0," clueweb09-en0009-24-19960",true,0.06878662," nr-clueweb09-en0005-84-17287",false,-1.0," clueweb09-en0001-27-06558",true,0.078552246," clueweb09-en0009-06-13094",true,0.06878662," clueweb09-en0003-27-18679",true,0.078552246," clueweb09-en0001-27-06547",false,0.06878662," clueweb09-en0009-87-14983",false,0.06878662,7,0
3TD33TP5EPIDO0685TL503W8AGEBAN,3GD6L00D3XDG0NVZQ1OMR2AOSIDM1O,A2ESBX4C2Q6TQY,2022-02-11T13:30:47,FRIDAY,1644604247000,1644604305000,58.0,0.9666666666666667,16.093,0.0," best law schools in the us"," Education",null," clueweb09-en0011-89-10674",false,0.11419678," clueweb09-enwp00-98-04260",true,0.11419678," clueweb09-en0002-91-18174",true,0.11419678," clueweb09-en0011-84-20379",true,0.11419678," clueweb09-en0011-89-10673",false,0.11419678," clueweb09-en0009-40-06015",true,0.11419678," nr-clueweb09-en0003-89-09440",false,-1.0," clueweb09-en0001-83-16082",true,0.11407471," clueweb09-en0001-83-16093",true,0.11407471," nr-clueweb09-en0001-88-28859",false,-1.0," clueweb09-en0007-98-13374",false,0.11419678," clueweb09-enwp01-76-13530",true,0.11407471," random-clueweb09-en0009-64-30845",false,-2.0,7,0
3TD33TP5EPIDO0685TL503W8AGEBAN,37XITHEIS1PRK6IPB69NUXNP212CRP,A1VMPZVVVZUCS4,2022-02-11T13:25:20,FRIDAY,1644603920000,1644604519000,599.0,9.983333333333333,18.675,0.0," raising chickens"," Crafts &amp; Hobbies",null," clueweb09-en0010-66-03044",false,0.09893799," clueweb09-en0004-20-21960",false,0.09893799," nr-clueweb09-en0000-20-35222",false,-1.0," clueweb09-en0001-65-13811",true,0.09857178," random-clueweb09-en0002-82-08074",false,-2.0," clueweb09-en0010-69-20380",true,0.09893799," clueweb09-en0008-82-31429",false,0.09893799," clueweb09-en0011-83-08685",false,0.09857178," clueweb09-en0003-78-15596",true,0.09893799," clueweb09-en0011-83-08727",false,0.09893799," nr-clueweb09-en0001-10-24003",false,-1.0," clueweb09-en0010-17-16520",false,0.09893799," clueweb09-en0005-57-03959",false,0.09893799,3,0
3TD33TP5EPIDO0685TL503W8AGEBAN,3XM0HYN6NPFL5RMOU5BTFQNDMWUEPX,A3AFLE1W4L89MH,2022-02-11T13:38:34,FRIDAY,1644604714000,1644604800000,86.0,1.4333333333333333,8.092,0.0," education in usa"," Education",null," clueweb09-enwp01-90-13072",false,0.14086914," clueweb09-en0006-86-28724",true,0.14086914," clueweb09-enwp01-95-14076",false,0.14086914," clueweb09-en0000-76-11931",true,0.14086914," clueweb09-en0009-57-16071",true,0.14086914," clueweb09-en0004-92-01199",false,0.14086914," random-clueweb09-en0002-63-12795",false,-2.0," clueweb09-en0010-18-05827",true,0.14086914," clueweb09-en0001-27-19753",false,0.14086914," nr-clueweb09-en0011-58-19014",true,-1.0," nr-clueweb09-en0003-18-10516",false,-1.0," clueweb09-en0006-04-28167",false,0.14086914," clueweb09-en0011-25-31615",true,0.14086914,5,1
3TD33TP5EPIDO0685TL503W8AGEBAN,392CY0QWG67BW32RS49WX7AANT7I4L,A2825I2XO6KZEP,2022-02-11T13:46:59,FRIDAY,1644605219000,1644605471000,252.0,4.2,31.854,0.0," Olympics"," History",null," clueweb09-en0007-52-24185",false,0.09967041," clueweb09-en0001-94-14994",false,0.090148926," clueweb09-en0005-29-21227",true,0.09967041," clueweb09-en0001-94-16347",false,0.105285645," clueweb09-en0010-83-10760",false,0.09967041," clueweb09-en0003-97-19285",true,0.09967041," nr-clueweb09-enwp00-49-00631",false,4.734199," random-clueweb09-en0006-75-34429",false,-2.0," clueweb09-en0001-54-17916",false,0.090148926," clueweb09-en0001-15-10053",false,0.09967041," clueweb09-en0001-49-18512",true,0.105285645," clueweb09-en0011-70-16855",false,0.090148926," nr-clueweb09-en0000-71-19400",false,0.031402588,3,0
3TD33TP5EPIDO0685TL503W8AGEBAN,38JBBYETQTQZGY05WLJ5CSCIV00E48,AKA8TN8H8DQ6T,2022-02-11T13:44:39,FRIDAY,1644605079000,1644605620000,541.0,9.016666666666667,26.975,0.0," Founding fathers of America"," History",null," clueweb09-en0008-68-03837",true,0.11694336," clueweb09-en0006-74-08811",false,0.11694336," clueweb09-en0011-69-21283",false,0.11694336," clueweb09-en0006-37-20355",true,0.11694336," clueweb09-en0011-69-21284",false,0.11694336," clueweb09-en0006-53-33239",true,0.11694336," clueweb09-en0008-15-13374",false,0.11694336," nr-clueweb09-en0003-04-12742",false,-1.0," nr-clueweb09-en0000-54-34645",false,-1.0," clueweb09-en0003-67-12116",false,0.11694336," clueweb09-en0006-64-06342",true,0.11694336," random-clueweb09-en0003-07-27095",false,-2.0," clueweb09-en0006-37-25394",true,0.11694336,5,0
3TD33TP5EPIDO0685TL503W8AGEBAN,3YJ6NA41JGWTG78G86MKC605R4VJPS,A2H1RXUC8XNNIW,2022-02-11T13:56:39,FRIDAY,1644605799000,1644605860000,61.0,1.0166666666666666,18.473,0.0," what bat pets eat"," Pets",null," clueweb09-en0006-59-19837",true,0.078125," nr-clueweb09-en0003-99-13694",false,-1.0," clueweb09-en0003-74-06342",false,0.078125," clueweb09-en0005-71-22782",false,0.08520508," nr-clueweb09-en0002-05-03059",false,-1.0," clueweb09-en0009-64-00615",false,0.082092285," clueweb09-en0006-59-19839",true,0.078125," clueweb09-en0002-31-14271",false,0.078125," clueweb09-en0001-63-16434",false,0.078125," clueweb09-en0008-86-07448",false,0.078125," clueweb09-en0003-74-06349",false,0.078125," random-clueweb09-enwp02-01-03342",false,-2.0," clueweb09-en0005-71-11710",false,0.078125,2,0
3538U0YQ2JA3HWJ31GSRWL9NJ4E3F1,3WEV0KO0OR8DQDOGQR434DA393WSDS,A1SX8IVV82M0LW,2022-02-11T13:24:21,FRIDAY,1644603861000,1644603939000,78.0,1.3,28.037,0.0," average home price in garden ridge tx"," Home",null," clueweb09-en0002-52-25361",false,0.08972168," clueweb09-en0003-95-18754",false,0.08972168," nr-clueweb09-en0002-51-23398",false,-1.0," clueweb09-en0002-92-35742",false,0.08972168," random-clueweb09-en0002-63-12795",false,-2.0," clueweb09-en0009-91-19463",false,0.08972168," clueweb09-en0006-13-00461",false,0.08972168," clueweb09-en0002-52-24942",false,0.08972168," clueweb09-en0010-08-01456",false,0.08972168," clueweb09-en0007-92-32946",false,0.08972168," clueweb09-en0007-04-23855",false,0.08972168," clueweb09-en0008-90-08955",false,0.08972168," nr-clueweb09-en0004-17-06582",false,-1.0,0,0
3538U0YQ2JA3HWJ31GSRWL9NJ4E3F1,3Q5ZZ9ZEVTV03GUEXNGFPAMAKSS851,AQNCH42WD4ITI,2022-02-11T13:25:59,FRIDAY,1644603959000,1644604089000,130.0,2.1666666666666665,35.547,0.0," noodles recipes"," Food &amp; Drink",null," clueweb09-en0011-76-22652",true,0.06439209," clueweb09-en0004-86-15847",true,0.06439209," clueweb09-en0007-50-17899",true,0.06439209," clueweb09-en0000-67-15807",true,0.06439209," clueweb09-en0006-02-17958",true,0.06439209," nr-clueweb09-en0000-27-17334",false,-1.0," clueweb09-en0008-38-02885",false,0.06439209," nr-clueweb09-en0007-19-19346",false,-1.0," clueweb09-en0004-74-28775",true,0.06439209," clueweb09-en0004-74-28776",true,0.06439209," random-clueweb09-en0005-85-21121",false,-2.0," clueweb09-en0000-67-10183",false,0.06439209," clueweb09-en0000-55-33562",true,0.06439209,8,0
3538U0YQ2JA3HWJ31GSRWL9NJ4E3F1,3634BBTX0TALUJZGCL5FOB71CIAFIY,A1LRJ4U04532TM,2022-02-11T13:21:48,FRIDAY,1644603708000,1644604155000,447.0,7.45,89.885,0.0," jainism leader"," History",null," clueweb09-en0008-78-04313",false,0.054901123," clueweb09-en0006-67-26722",false,0.054901123," nr-clueweb09-en0000-22-02044",false,-1.0," clueweb09-enwp00-04-10143",false,0.057922363," clueweb09-en0004-49-07666",false,0.057922363," clueweb09-en0000-71-07511",false,0.057922363," clueweb09-enwp01-30-10081",true,0.057922363," clueweb09-en0004-18-24601",false,0.057922363," random-clueweb09-en0006-35-27399",false,-2.0," clueweb09-en0001-18-17532",false,0.05947876," nr-clueweb09-en0008-10-12180",true,-1.0," clueweb09-en0008-10-12333",false,0.054901123," clueweb09-en0000-71-07584",false,0.057922363,1,1
3538U0YQ2JA3HWJ31GSRWL9NJ4E3F1,3R8YZBNQ9MYLWO8T7ACC9LL655A7QT,A34O453D7VWWUK,2022-02-11T13:28:37,FRIDAY,1644604117000,1644604211000,94.0,1.5666666666666667,37.173,0.0," how to connect with god"," Spirituality",null," clueweb09-en0007-40-19456",false,0.0847168," clueweb09-en0008-99-10971",false,0.08630371," clueweb09-en0003-47-08982",true,0.0847168," clueweb09-en0003-94-16762",false,0.0847168," clueweb09-en0005-77-35031",false,0.0847168," nr-clueweb09-en0002-95-25622",false,-1.0," random-clueweb09-enwp02-01-03342",false,-2.0," clueweb09-en0001-23-31197",false,0.07647705," nr-clueweb09-en0001-25-17239",true,-1.0," clueweb09-en0009-01-07381",false,0.07647705," clueweb09-en0009-85-03572",false,0.0847168," clueweb09-en0003-49-11326",false,0.0847168," clueweb09-en0009-56-28865",false,0.07647705,1,1
3538U0YQ2JA3HWJ31GSRWL9NJ4E3F1,3TEM0PF1QADDP444HPLJU74KEBE0DE,A1VMPZVVVZUCS4,2022-02-11T13:25:10,FRIDAY,1644603910000,1644604332000,422.0,7.033333333333333,12.763,0.0," history of purple dye"," History",null," clueweb09-en0007-74-25163",false,0.08215332," clueweb09-en0005-29-34555",true,0.08215332," clueweb09-en0009-51-06962",false,0.08215332," clueweb09-en0008-62-27463",false,0.08734131," clueweb09-en0009-17-04101",false,0.08215332," clueweb09-en0005-29-34554",false,0.08215332," nr-clueweb09-en0004-37-02115",false,-1.0," clueweb09-en0005-46-31321",false,0.08215332," random-clueweb09-en0008-13-05976",false,-2.0," clueweb09-en0004-45-10938",false,0.08215332," clueweb09-en0011-90-24512",false,0.08215332," clueweb09-en0006-30-40724",false,0.08215332," nr-clueweb09-en0001-22-19432",false,-1.0,1,0
3538U0YQ2JA3HWJ31GSRWL9NJ4E3F1,3N8OEVH1FW6PWINC9J1AV2C1GS0OOO,A2CWJRAEFZ44HU,2022-02-11T13:23:13,FRIDAY,1644603793000,1644604335000,542.0,9.033333333333333,21.977,0.0," san bernardino nature hikes"," Nature",null," nr-clueweb09-en0001-71-09672",false,-1.0," clueweb09-en0004-60-24428",false,0.07318115," nr-clueweb09-en0004-58-31323",false,-1.0," clueweb09-en0008-64-09422",true,0.07318115," clueweb09-en0000-59-17271",false,0.07318115," clueweb09-en0008-54-15207",false,0.07318115," clueweb09-en0004-55-06507",false,0.07318115," clueweb09-en0005-23-17814",false,0.07318115," clueweb09-en0004-55-06505",false,0.07318115," random-clueweb09-en0008-13-05976",false,-2.0," clueweb09-en0004-60-24438",false,0.07318115," clueweb09-en0000-59-17111",false,0.07318115," clueweb09-en0007-87-16564",false,0.07318115,1,0
3538U0YQ2JA3HWJ31GSRWL9NJ4E3F1,33PPO7FEC0VOWZLKLFAP0B4G06ZIDX,A2H1RXUC8XNNIW,2022-02-11T13:41:20,FRIDAY,1644604880000,1644604933000,53.0,0.8833333333333333,15.611,0.0," The invasion of afganistan"," History",null," clueweb09-enwp01-54-12124",false,0.09857178," clueweb09-en0009-90-32401",false,0.09857178," clueweb09-en0001-07-18998",false,0.09979248," clueweb09-en0004-49-14302",false,0.09857178," clueweb09-en0006-78-04139",false,0.10638428," clueweb09-enwp01-43-05008",false,0.09857178," clueweb09-en0011-94-07065",false,0.09857178," nr-clueweb09-en0001-05-09563",false,-1.0," clueweb09-en0002-79-20195",true,0.09857178," nr-clueweb09-en0000-58-01695",false,-1.0," clueweb09-en0006-78-04138",false,0.10638428," random-clueweb09-en0006-75-34429",false,-2.0," clueweb09-en0001-07-19102",false,0.09979248,1,0
3538U0YQ2JA3HWJ31GSRWL9NJ4E3F1,3B837J3LDTC7RN7L8SZN92R7O5TRS5,A2825I2XO6KZEP,2022-02-11T13:46:38,FRIDAY,1644605198000,1644605410000,212.0,3.533333333333333,22.369,0.0," day trade"," Economy &amp; Finance",null," clueweb09-en0004-42-20373",false,0.0982666," nr-clueweb09-en0000-34-05719",true,-1.0," clueweb09-en0000-90-14397",false,0.0982666," clueweb09-en0010-06-34612",false,0.0982666," clueweb09-en0005-40-14353",false,0.0982666," clueweb09-en0005-67-15731",false,0.0982666," nr-clueweb09-en0001-00-33013",false,-1.0," random-clueweb09-en0005-85-21121",false,-2.0," clueweb09-en0004-07-29988",true,0.0982666," clueweb09-en0006-40-17483",false,0.0982666," clueweb09-en0010-06-34599",false,0.0982666," clueweb09-en0000-90-14396",false,0.0982666," clueweb09-en0011-54-38428",false,0.0982666,1,1
3538U0YQ2JA3HWJ31GSRWL9NJ4E3F1,3X31TUMD722WU5DEQPN7RPVZSDR1L5,AKA8TN8H8DQ6T,2022-02-11T13:44:41,FRIDAY,1644605081000,1644605777000,696.0,11.6,19.511,0.0," size of milky way"," Science",null," clueweb09-en0009-90-31971",true,0.107421875," clueweb09-en0002-68-02766",false,0.107421875," clueweb09-en0011-26-05942",false,0.107421875," clueweb09-en0003-60-05711",true,0.107421875," clueweb09-en0001-92-22242",false,0.107421875," clueweb09-en0008-92-32523",false,0.107421875," clueweb09-en0002-71-19255",true,0.107421875," nr-clueweb09-en0007-85-36373",false,-1.0," clueweb09-en0005-93-10700",false,0.107421875," clueweb09-en0003-75-29378",false,0.107421875," clueweb09-en0007-55-18983",false,0.11175537," nr-clueweb09-en0011-58-19699",false,-1.0," random-clueweb09-en0006-35-27399",false,-2.0,3,0
3538U0YQ2JA3HWJ31GSRWL9NJ4E3F1,39DD6S19JURFJVOUHE9V6OPRWV6EZN,AHKOMKJ1HGJLM,2022-02-11T13:56:54,FRIDAY,1644605814000,1644605899000,85.0,1.4166666666666667,7.188,0.0," how to bake bread"," Food &amp; Drink",null," clueweb09-en0000-84-26988",true,0.07458496," clueweb09-en0006-34-20303",false,0.07458496," nr-clueweb09-en0006-78-00152",false,-1.0," clueweb09-en0005-76-17593",false,0.07458496," nr-clueweb09-en0011-58-18636",false,-1.0," clueweb09-en0006-50-27446",false,0.07458496," clueweb09-en0005-72-35675",false,0.07458496," clueweb09-en0004-39-35091",false,0.07977295," clueweb09-en0000-84-26989",true,0.07458496," clueweb09-en0004-15-03628",true,0.07977295," clueweb09-en0005-72-35674",false,0.07458496," clueweb09-en0007-58-02722",false,0.07458496," random-clueweb09-en0009-77-38942",false,-2.0,3,0
3A3KKYU7Q7X6E4D8XN76W84TEYKWM7,3PPTZCWALV04GYEZQ54V05E5FXLZQ9,A1SX8IVV82M0LW,2022-02-11T13:24:23,FRIDAY,1644603863000,1644603973000,110.0,1.8333333333333333,70.493,0.0," petscom bankruptcy"," Pets",null," clueweb09-en0008-51-31865",false,0.07751465," clueweb09-en0010-21-36843",false,0.07751465," nr-clueweb09-en0010-23-07204",false,-1.0," nr-clueweb09-en0006-56-10848",false,-1.0," random-clueweb09-en0002-82-08074",false,-2.0," clueweb09-en0002-29-33374",false,0.07751465," clueweb09-en0005-23-16723",false,0.07751465," clueweb09-en0002-29-33375",false,0.07751465," clueweb09-en0000-59-11705",false,0.07751465," clueweb09-en0003-55-26531",false,0.07751465," clueweb09-en0002-43-18387",false,0.07751465," clueweb09-en0002-95-32136",false,0.07751465," clueweb09-en0002-25-12316",false,0.07751465,0,0
3A3KKYU7Q7X6E4D8XN76W84TEYKWM7,3SB5N7Y3O8KG1OEVJFMR0S7HR3U0GO,A1VMPZVVVZUCS4,2022-02-11T13:25:12,FRIDAY,1644603912000,1644604405000,493.0,8.216666666666667,21.552,0.0," meditation retreats in colorado"," Spirituality",null," clueweb09-en0011-74-12752",false,0.10418701," random-clueweb09-en0007-00-09110",false,-2.0," clueweb09-en0011-24-00689",true,0.07281494," clueweb09-en0009-77-38278",true,0.07281494," clueweb09-en0007-70-03012",true,0.07281494," nr-clueweb09-en0000-33-17716",false,-1.0," nr-clueweb09-en0002-62-28459",false,-1.0," clueweb09-en0009-67-37021",false,0.07281494," clueweb09-en0011-25-20119",true,0.07281494," clueweb09-en0010-02-09860",false,0.07281494," clueweb09-en0005-35-25964",false,0.07281494," clueweb09-en0002-43-27625",false,0.07281494," clueweb09-en0002-65-13714",false,0.07281494,4,0
3A3KKYU7Q7X6E4D8XN76W84TEYKWM7,3PEIJLRY6Y9KV0A61WFGV9GGVZ7WXI,A34O453D7VWWUK,2022-02-11T13:35:34,FRIDAY,1644604534000,1644604598000,64.0,1.0666666666666667,22.425,0.0," medicine course"," Education",null," clueweb09-en0003-49-29680",true,0.09350586," clueweb09-en0000-01-03289",true,0.09350586," clueweb09-en0000-01-03307",false,0.09350586," clueweb09-en0001-74-01225",true,0.09350586," random-clueweb09-en0008-25-06683",false,-2.0," clueweb09-en0005-67-07448",false,0.09350586," clueweb09-en0004-95-20918",false,0.09350586," nr-clueweb09-en0011-97-25740",false,-1.0," nr-clueweb09-en0005-39-02638",false,-1.0," clueweb09-en0004-95-20922",true,0.09350586," clueweb09-en0000-29-04736",true,0.09350586," clueweb09-en0004-53-22004",false,0.09350586," clueweb09-en0000-94-17213",true,0.09350586,6,0
3A3KKYU7Q7X6E4D8XN76W84TEYKWM7,3IJXV6UZ12ZIX94P3G5950LKF6LRI5,A2CWJRAEFZ44HU,2022-02-11T13:23:27,FRIDAY,1644603807000,1644604809000,1002.0,16.7,21.363,0.0," hiking clubs nevada"," Recreation",null," nr-clueweb09-en0004-54-00122",false,-1.0," random-clueweb09-en0009-77-38942",false,-2.0," clueweb09-en0004-17-06917",false,0.09301758," clueweb09-en0010-72-12640",false,0.09301758," clueweb09-en0005-03-10657",true,0.09039307," clueweb09-en0011-59-16706",false,0.09301758," clueweb09-en0003-74-18502",false,0.09039307," clueweb09-en0002-39-26025",true,0.09039307," clueweb09-en0002-39-26024",false,0.09039307," clueweb09-en0004-17-06948",true,0.09301758," clueweb09-en0005-03-10654",true,0.09039307," nr-clueweb09-en0001-81-16900",false,-1.0," clueweb09-en0000-14-34746",false,0.09039307,4,0
3A3KKYU7Q7X6E4D8XN76W84TEYKWM7,3Q5C1WP23RHISGATY270A0Z26NQ51K,AQNCH42WD4ITI,2022-02-11T13:40:01,FRIDAY,1644604801000,1644605028000,227.0,3.783333333333333,57.733,0.0," most valuable paintings"," Arts",null," clueweb09-en0007-30-14292",false,0.09661865," clueweb09-en0008-31-24282",true,0.09661865," clueweb09-en0007-32-24285",false,0.09661865," clueweb09-en0008-01-17454",false,0.09661865," clueweb09-en0009-86-05718",false,0.09661865," clueweb09-en0005-60-15505",false,0.09661865," clueweb09-en0011-90-12416",false,0.09661865," nr-clueweb09-en0006-65-09781",false,-1.0," clueweb09-en0008-01-17455",false,0.09661865," clueweb09-en0001-14-12173",false,0.09661865," random-clueweb09-en0009-64-30845",false,-2.0," nr-clueweb09-en0004-65-06724",false,-1.0," clueweb09-en0007-82-38766",false,0.09661865,1,0
3A3KKYU7Q7X6E4D8XN76W84TEYKWM7,3YHH42UU5GVWNGSWU6J7DKCPNLL0L1,A2H1RXUC8XNNIW,2022-02-11T13:43:48,FRIDAY,1644605028000,1644605096000,68.0,1.1333333333333333,16.821,0.0," good investiment short term"," Economy &amp; Finance",null," random-clueweb09-en0007-29-30662",false,-2.0," clueweb09-en0005-00-24589",false,0.0947876," clueweb09-en0011-18-35354",true,0.0947876," nr-clueweb09-en0005-39-02724",false,-1.0," clueweb09-en0007-26-12704",false,0.0947876," clueweb09-en0007-47-39102",false,0.0947876," clueweb09-en0001-40-27560",false,0.0947876," clueweb09-en0002-10-05021",false,0.0947876," clueweb09-en0006-89-12379",false,0.0947876," clueweb09-en0011-46-12005",false,0.0947876," nr-clueweb09-en0001-40-26920",false,-1.0," clueweb09-en0010-68-02404",false,0.0947876," clueweb09-en0008-67-15768",false,0.0947876,1,0
3A3KKYU7Q7X6E4D8XN76W84TEYKWM7,3RANCT1ZVKX0QTI0108XOO4RRGBUBB,A2825I2XO6KZEP,2022-02-11T13:46:36,FRIDAY,1644605196000,1644605343000,147.0,2.45,16.192,0.0," Swimming"," Sports",null," clueweb09-en0010-75-03572",false,0.08538818," clueweb09-en0000-05-22854",false,0.08538818," nr-clueweb09-en0009-22-04445",false,-1.0," clueweb09-en0000-39-26242",false,0.08538818," clueweb09-en0000-05-22855",false,0.08538818," clueweb09-en0001-48-04544",false,0.08538818," clueweb09-en0000-07-00398",true,0.08538818," clueweb09-en0005-80-06450",true,0.08538818," random-clueweb09-en0011-47-15958",false,-2.0," nr-clueweb09-en0009-71-24814",false,3.981097," clueweb09-en0003-05-10181",false,0.08538818," clueweb09-en0009-45-10331",true,0.08538818," clueweb09-en0005-80-06449",false,0.08538818,3,0
3A3KKYU7Q7X6E4D8XN76W84TEYKWM7,3DH6GAKTY35DP05LHFLPDRH7E77YZI,AKA8TN8H8DQ6T,2022-02-11T13:44:37,FRIDAY,1644605077000,1644605476000,399.0,6.65,18.724,0.0," American colonies"," History",null," clueweb09-en0010-98-40188",true,0.09625244," clueweb09-en0010-90-34156",true,0.09625244," clueweb09-en0011-06-12652",false,0.09625244," random-clueweb09-en0008-25-06683",false,-2.0," clueweb09-en0000-66-06816",false,0.09625244," clueweb09-en0011-75-37962",false,0.09625244," clueweb09-en0005-88-03901",false,0.09625244," clueweb09-en0004-11-20370",false,0.09625244," clueweb09-en0000-66-06821",false,0.09625244," nr-clueweb09-en0002-22-32153",true,-1.0," clueweb09-en0010-90-34871",true,0.09625244," clueweb09-en0000-90-00366",true,0.09625244," nr-clueweb09-en0011-87-22859",false,-1.0,4,1
3A3KKYU7Q7X6E4D8XN76W84TEYKWM7,3OJSZ2ATDXCW32PVNIO9BAQF99S57J,AGZ3GHE3N634N,2022-02-11T13:47:28,FRIDAY,1644605248000,1644605641000,393.0,6.55,106.329,0.0," how to fix holes in jeans"," Crafts &amp; Hobbies",null," clueweb09-en0008-06-32523",false,0.09680176," clueweb09-en0008-37-32659",false,0.09680176," clueweb09-en0000-08-20709",false,0.09680176," clueweb09-en0004-62-13707",false,0.09680176," nr-clueweb09-en0011-23-17362",false,-1.0," clueweb09-en0005-48-13892",false,0.09680176," clueweb09-en0005-33-15063",false,0.09680176," random-clueweb09-en0002-86-03239",false,-2.0," clueweb09-en0005-18-15134",false,0.09680176," clueweb09-en0005-33-15066",false,0.09680176," clueweb09-en0005-48-13891",false,0.09680176," nr-clueweb09-en0011-58-19095",false,-1.0," clueweb09-en0005-26-30140",false,0.09680176,0,0
3A3KKYU7Q7X6E4D8XN76W84TEYKWM7,36W0OB37H1UR35FW7FH1RRM4OBZHZ7,AHKOMKJ1HGJLM,2022-02-11T13:58:20,FRIDAY,1644605900000,1644606236000,336.0,5.6,19.422,0.0," 35th president of the united states"," History",null," clueweb09-en0004-43-19658",false,0.13574219," clueweb09-en0009-31-38707",false,0.13574219," clueweb09-en0002-05-36395",false,0.13574219," clueweb09-en0010-84-33699",false,0.13574219," random-clueweb09-en0006-35-27399",false,-2.0," nr-clueweb09-en0009-88-16401",false,-1.0," clueweb09-en0006-37-23841",false,0.13574219," clueweb09-en0000-94-09519",false,0.13574219," clueweb09-en0007-08-22626",false,0.13574219," nr-clueweb09-en0000-88-22880",false,-1.0," clueweb09-en0010-70-25741",false,0.13574219," clueweb09-en0000-54-03169",false,0.13574219," clueweb09-en0005-81-36812",false,0.13574219,0,0
3P520RYKDLMVET3XAOBJXI8A7NK5US,31HQ4X3T3XQWOPC8382RNQI8ICYSL8,A1SX8IVV82M0LW,2022-02-11T13:24:30,FRIDAY,1644603870000,1644604036000,166.0,2.7666666666666666,135.478,0.0," tom brady most recent super bowl ring"," Sports",null," random-clueweb09-en0008-25-06683",false,-2.0," clueweb09-en0007-49-22502",false,0.099731445," clueweb09-en0008-35-02790",false,0.099731445," clueweb09-en0001-82-32040",false,0.099731445," clueweb09-en0000-87-15796",false,0.099731445," clueweb09-en0009-95-28883",false,0.099731445," nr-clueweb09-en0010-86-36615",false,-1.0," clueweb09-en0000-02-17941",false,0.099731445," clueweb09-en0002-51-19433",false,0.099731445," clueweb09-en0002-81-25920",false,0.099731445," clueweb09-en0006-64-06818",false,0.099731445," nr-clueweb09-en0003-24-00214",false,-1.0," clueweb09-en0000-63-22337",false,0.099731445,0,0
3P520RYKDLMVET3XAOBJXI8A7NK5US,3018Q3ZVON63RRLRRSDWO2X12YGRA1,A2CWJRAEFZ44HU,2022-02-11T13:23:09,FRIDAY,1644603789000,1644604238000,449.0,7.483333333333333,27.316,0.0," mexico election results"," Politics",null," clueweb09-en0010-02-03318",false,0.07116699," nr-clueweb09-en0000-92-18378",false,-1.0," clueweb09-en0005-70-13236",false,0.07116699," clueweb09-en0004-88-09724",false,0.07116699," clueweb09-enwp01-58-04121",true,0.07116699," clueweb09-en0010-95-03939",true,0.074279785," nr-clueweb09-en0003-04-27346",false,-1.0," clueweb09-en0000-52-04557",false,0.074279785," random-clueweb09-en0009-06-35915",false,-2.0," clueweb09-en0005-70-13235",false,0.07116699," clueweb09-enwp00-18-04121",true,0.07116699," clueweb09-en0010-02-03314",false,0.07116699," clueweb09-en0011-20-05548",false,0.07116699,3,0
3P520RYKDLMVET3XAOBJXI8A7NK5US,337RC3OW0AICGHTCX37WYD2FHHUVLK,A34O453D7VWWUK,2022-02-11T13:32:48,FRIDAY,1644604368000,1644604533000,165.0,2.75,23.059,0.0," how to save money"," Economy &amp; Finance",null," clueweb09-en0008-53-15195",false,0.07574463," clueweb09-en0001-01-11416",false,0.07574463," nr-clueweb09-enwp00-74-13432",false,-1.0," clueweb09-en0008-67-00116",false,0.07574463," clueweb09-en0009-32-24654",true,0.07574463," clueweb09-en0005-23-12692",true,0.07574463," clueweb09-en0009-86-00219",false,0.07574463," clueweb09-en0007-25-32561",false,0.07574463," random-clueweb09-en0007-49-03198",false,-2.0," nr-clueweb09-en0001-89-23938",false,-1.0," clueweb09-en0009-32-24649",false,0.07574463," clueweb09-en0009-98-00998",false,0.07574463," clueweb09-en0003-38-20159",false,0.07574463,2,0
3P520RYKDLMVET3XAOBJXI8A7NK5US,3YZ8UPK3VY2J0YA6F04SZ8A9906CUT,A1VMPZVVVZUCS4,2022-02-11T13:25:24,FRIDAY,1644603924000,1644604573000,649.0,10.816666666666666,19.438,0.0," urban exploration in las vegas"," Recreation",null," clueweb09-en0004-13-11983",false,0.07434082," clueweb09-en0000-94-14510",false,0.07434082," clueweb09-en0004-96-24304",false,0.07434082," clueweb09-en0001-36-25635",false,0.077941895," clueweb09-en0000-93-02265",false,0.07434082," nr-clueweb09-en0001-01-21036",false,-1.0," nr-clueweb09-en0001-37-26259",false,-1.0," clueweb09-en0003-24-04614",false,0.07434082," clueweb09-en0007-39-12760",false,0.07434082," clueweb09-en0011-12-18947",false,0.07434082," random-clueweb09-en0005-85-21121",false,-2.0," clueweb09-en0011-84-20854",false,0.077941895," clueweb09-en0001-36-25637",false,0.077941895,0,0
3P520RYKDLMVET3XAOBJXI8A7NK5US,3M0BCWMB80CDIX75W0NY6CPOCVGBWJ,A1LRJ4U04532TM,2022-02-11T13:21:55,FRIDAY,1644603715000,1644604581000,866.0,14.433333333333334,140.096,0.0," 1910 silent movies"," Entertainment",null," clueweb09-en0005-51-19976",true,0.12963867," clueweb09-en0005-85-27273",false,0.12963867," nr-clueweb09-en0002-50-00643",false,-1.0," random-clueweb09-en0009-64-30845",false,-2.0," clueweb09-en0009-95-00521",false,0.12963867," clueweb09-en0000-52-17042",false,0.12963867," clueweb09-en0001-22-12413",false,0.12963867," clueweb09-en0008-98-12106",false,0.12963867," clueweb09-en0007-11-29794",false,0.12963867," nr-clueweb09-en0011-06-09219",false,-1.0," clueweb09-en0009-95-00417",false,0.12963867," clueweb09-en0000-51-36362",false,0.12963867," clueweb09-en0004-54-31415",false,0.12963867,1,0
3P520RYKDLMVET3XAOBJXI8A7NK5US,31LM9EDVOQ8TDMW3SR9S8HVARPONJU,AQNCH42WD4ITI,2022-02-11T13:35:15,FRIDAY,1644604515000,1644604639000,124.0,2.066666666666667,13.691,0.0," how to train dogs"," Pets",null," clueweb09-en0011-68-34521",true,0.05618286," clueweb09-en0001-16-01447",true,0.05618286," clueweb09-en0010-70-17861",true,0.05618286," nr-clueweb09-en0008-07-19698",true,-1.0," nr-clueweb09-en0008-15-19348",false,-1.0," clueweb09-en0009-43-35495",false,0.05618286," random-clueweb09-en0004-13-04016",false,-2.0," clueweb09-en0007-58-05441",true,0.05618286," clueweb09-en0009-65-24405",false,0.05618286," clueweb09-en0004-05-10189",false,0.05618286," clueweb09-en0006-52-19650",false,0.05618286," clueweb09-en0004-41-25720",false,0.05618286," clueweb09-en0006-35-10223",true,0.05618286,5,1
3P520RYKDLMVET3XAOBJXI8A7NK5US,3ZGVPD4G6YXH8E6R79YQ5APSZ5NZTS,AGZ3GHE3N634N,2022-02-11T13:36:11,FRIDAY,1644604571000,1644604840000,269.0,4.483333333333333,88.177,0.0," the best way to cook rice"," Food &amp; Drink",null," clueweb09-en0002-45-20624",false,0.097473145," random-clueweb09-en0007-00-09110",false,-2.0," nr-clueweb09-en0004-42-00445",false,-1.0," clueweb09-en0010-65-17984",true,0.097473145," nr-clueweb09-en0005-35-20448",false,-1.0," clueweb09-en0004-24-29133",false,0.097473145," clueweb09-en0005-69-03878",false,0.09411621," clueweb09-en0001-46-04818",false,0.097473145," clueweb09-en0002-60-26868",false,0.097473145," clueweb09-en0004-68-22640",false,0.095581055," clueweb09-en0001-73-19048",false,0.09436035," clueweb09-en0009-60-41148",false,0.097473145," clueweb09-en0002-22-12524",false,0.09411621,1,0
3P520RYKDLMVET3XAOBJXI8A7NK5US,3YOH7BII0EN1WBBUC3VVJDP0SHRKV8,A2H1RXUC8XNNIW,2022-02-11T13:40:06,FRIDAY,1644604806000,1644604880000,74.0,1.2333333333333334,14.617,0.0," What is Antifa"," Politics",null," nr-clueweb09-en0001-83-26499",false,0.04284668," clueweb09-en0011-62-08749",false,0.11291504," clueweb09-en0003-44-04595",false,0.11291504," clueweb09-en0006-88-44963",false,0.11291504," clueweb09-en0005-33-09060",false,0.11291504," clueweb09-en0002-35-19772",false,0.11291504," clueweb09-en0001-42-11924",false,0.11291504," nr-clueweb09-en0010-79-35572",false,0.07141113," clueweb09-en0001-42-11917",false,0.11291504," clueweb09-en0000-02-07196",true,0.11291504," random-clueweb09-en0007-49-03198",false,-2.0," clueweb09-en0008-45-17232",false,0.11291504," clueweb09-en0000-02-07169",false,0.11291504,1,0
3P520RYKDLMVET3XAOBJXI8A7NK5US,374TNBHA8GB4B84UUJ2CMY5394LYQN,AFU00NU09CFXE,2022-02-11T13:41:09,FRIDAY,1644604869000,1644605310000,441.0,7.35,16.415,0.0," how much TV is okay for kids"," Parenting",null," clueweb09-en0002-96-26457",true,0.08660889," random-clueweb09-enwp00-42-07293",false,-2.0," clueweb09-en0005-53-14221",false,0.09350586," nr-clueweb09-en0010-69-16110",false,-1.0," clueweb09-en0011-98-18746",false,0.10168457," clueweb09-en0003-08-31379",true,0.10168457," nr-clueweb09-en0003-91-26339",false,-1.0," clueweb09-en0008-15-14789",false,0.10168457," clueweb09-en0003-08-31380",false,0.10168457," clueweb09-en0011-72-31835",false,0.10168457," clueweb09-en0007-06-22413",false,0.10168457," clueweb09-en0000-09-24532",false,0.09350586," clueweb09-en0004-21-09080",false,0.08660889,2,0
3P520RYKDLMVET3XAOBJXI8A7NK5US,317HQ483IC8XIBCXA9OSWGGAEA2ING,AKA8TN8H8DQ6T,2022-02-11T13:44:42,FRIDAY,1644605082000,1644605826000,744.0,12.4,20.203,0.0," Best cinema theater in the world"," Entertainment",null," clueweb09-en0008-88-27465",false,0.089904785," clueweb09-en0007-25-31328",true,0.089904785," clueweb09-en0010-36-28415",true,0.089904785," clueweb09-en0001-16-04155",false,0.081726074," nr-clueweb09-en0001-33-01411",false,-1.0," clueweb09-en0003-29-24024",false,0.089904785," clueweb09-en0003-73-24564",true,0.089904785," random-clueweb09-en0003-33-30335",false,-2.0," clueweb09-en0001-86-29078",false,0.089904785," clueweb09-en0004-96-02586",true,0.089904785," clueweb09-en0008-32-04226",false,0.081726074," clueweb09-en0011-01-34573",false,0.081726074," nr-clueweb09-en0004-08-15961",false,-1.0,4,0
3WPCIUYH2EOBIT31PP3SQYA01QBDTH,3HSYG7LRBOENG0HIDZHOH4EJCIGKKG,A1SX8IVV82M0LW,2022-02-11T13:24:12,FRIDAY,1644603852000,1644603895000,43.0,0.7166666666666667,19.922,0.0," joe biden vp"," Politics",null," random-clueweb09-en0000-21-15033",false,-2.0," clueweb09-en0000-78-29067",false,0.12780762," clueweb09-en0000-23-04100",false,0.12780762," nr-clueweb09-en0008-80-34009",true,-1.0," clueweb09-en0004-56-07729",false,0.12780762," clueweb09-en0003-34-01357",false,0.12780762," clueweb09-en0004-08-19117",false,0.12780762," clueweb09-en0005-23-18617",false,0.12780762," clueweb09-en0011-80-08736",false,0.12780762," clueweb09-en0008-25-03950",false,0.12780762," nr-clueweb09-en0002-02-25551",false,-1.0," clueweb09-en0004-26-19550",false,0.12780762," clueweb09-en0011-17-37123",false,0.13110352,0,1
3WPCIUYH2EOBIT31PP3SQYA01QBDTH,3NPFYT4IZHKOYEK6MRBY96US1AEXGF,A2ESBX4C2Q6TQY,2022-02-11T13:24:27,FRIDAY,1644603867000,1644603944000,77.0,1.2833333333333334,28.083,0.0," water parks in north carolina"," Recreation",null," random-clueweb09-en0000-87-03924",false,-2.0," nr-clueweb09-en0005-09-13049",false,-1.0," nr-clueweb09-en0003-64-31012",false,-1.0," clueweb09-en0004-28-21160",false,0.107543945," clueweb09-en0011-31-30367",false,0.107543945," clueweb09-en0001-90-00881",false,0.107543945," clueweb09-enwp00-65-08754",true,0.107543945," clueweb09-en0003-04-28269",false,0.107543945," clueweb09-en0010-45-23182",false,0.107543945," clueweb09-en0004-77-25212",true,0.107543945," clueweb09-en0003-04-28274",false,0.107543945," clueweb09-en0009-37-05860",true,0.107543945," clueweb09-en0003-58-27277",false,0.107543945,3,0
3WPCIUYH2EOBIT31PP3SQYA01QBDTH,3FPRZHYEP3NV0D3NRX3W2R8YHU2V33,ANX6Q4NMZL8EI,2022-02-11T13:29:29,FRIDAY,1644604169000,1644604351000,182.0,3.033333333333333,31.935,0.0," best waterbed mattresses"," Shopping",null," clueweb09-en0000-70-18892",false,0.064453125," nr-clueweb09-en0002-66-00020",false,-1.0," clueweb09-en0007-55-11345",false,0.064453125," clueweb09-en0004-33-05136",false,0.064453125," random-clueweb09-en0005-94-21396",false,-2.0," clueweb09-en0004-29-37754",false,0.064453125," nr-clueweb09-en0010-97-26820",false,-1.0," clueweb09-en0003-51-04331",false,0.064453125," clueweb09-en0007-70-26844",true,0.064453125," clueweb09-en0002-60-23711",false,0.064453125," clueweb09-en0005-49-12687",false,0.064453125," clueweb09-en0002-60-23705",false,0.064453125," clueweb09-en0004-76-30995",false,0.064453125,1,0
3WPCIUYH2EOBIT31PP3SQYA01QBDTH,31LM9EDVOQ8TDMW3SR9S8HVAROLJNL,A2CWJRAEFZ44HU,2022-02-11T13:23:16,FRIDAY,1644603796000,1644604446000,650.0,10.833333333333334,18.482,0.0," Seattle happy hour"," Food &amp; Drink",null," clueweb09-en0007-96-37130",false,0.0914917," clueweb09-en0003-67-19943",true,0.0914917," clueweb09-en0003-48-12561",true,0.0914917," clueweb09-en0001-52-29016",false,0.10559082," clueweb09-en0003-56-05317",true,0.0914917," nr-clueweb09-en0004-32-13949",false,-1.0," clueweb09-en0000-37-15962",false,0.0914917," clueweb09-en0002-57-37455",true,0.0914917," clueweb09-en0010-35-35766",false,0.0914917," nr-clueweb09-en0001-85-14849",false,-1.0," clueweb09-en0011-53-17919",true,0.0914917," clueweb09-en0000-58-03884",true,0.0914917," random-clueweb09-en0000-21-15033",false,-2.0,6,0
3WPCIUYH2EOBIT31PP3SQYA01QBDTH,3OXV7EAXLJ6ALNOMQPVOQZSZ02D36O,AQNCH42WD4ITI,2022-02-11T13:32:33,FRIDAY,1644604353000,1644604515000,162.0,2.7,80.256,0.0," how to teach my children to walk"," Parenting",null," clueweb09-en0005-27-33057",false,0.089904785," nr-clueweb09-en0006-77-03113",true,-1.0," clueweb09-en0002-94-21372",false,0.08319092," nr-clueweb09-en0003-76-14085",false,-1.0," clueweb09-en0009-65-32279",false,0.089904785," clueweb09-en0010-98-18929",false,0.08319092," clueweb09-en0006-35-34773",false,0.089904785," clueweb09-en0001-45-30695",false,0.08319092," clueweb09-en0004-09-06563",false,0.089904785," clueweb09-en0007-37-01115",false,0.08319092," clueweb09-en0004-09-06562",false,0.089904785," random-clueweb09-en0002-63-12795",false,-2.0," clueweb09-en0005-29-24287",false,0.084106445,0,1
3WPCIUYH2EOBIT31PP3SQYA01QBDTH,37UQDCYH62BD1W4AT96MF8KEMWO7VK,A1VMPZVVVZUCS4,2022-02-11T13:25:28,FRIDAY,1644603928000,1644604646000,718.0,11.966666666666667,17.074,0.0," how to take care of pet iguanas"," Pets",null," nr-clueweb09-en0011-58-18698",false,-1.0," clueweb09-en0007-87-27916",true,0.070739746," clueweb09-en0000-69-11555",false,0.07739258," clueweb09-en0004-25-17218",true,0.070739746," clueweb09-en0004-50-39938",false,0.070739746," clueweb09-enwp00-87-06803",false,0.070739746," clueweb09-en0009-18-03291",false,0.070739746," nr-clueweb09-en0004-07-04554",false,-1.0," clueweb09-en0007-42-31403",true,0.070739746," random-clueweb09-en0006-75-34429",false,-2.0," clueweb09-en0007-42-31402",true,0.070739746," clueweb09-en0000-88-19873",false,0.070739746," clueweb09-en0010-89-35716",false,0.070739746,4,0
3WPCIUYH2EOBIT31PP3SQYA01QBDTH,3PW9OPU9PV0QTJR6GJ52CTWQMCU128,A1LRJ4U04532TM,2022-02-11T13:21:56,FRIDAY,1644603716000,1644604662000,946.0,15.766666666666667,156.816,0.0," teach swimming to toddler"," Parenting",null," clueweb09-en0000-92-35630",false,0.06945801," clueweb09-en0007-82-34328",true,0.06945801," clueweb09-en0004-77-27090",false,0.06945801," nr-clueweb09-en0006-77-03113",false,-1.0," clueweb09-en0007-55-08968",false,0.06945801," random-clueweb09-en0007-09-17000",false,-2.0," clueweb09-en0006-36-27992",false,0.06945801," clueweb09-en0011-99-19903",false,0.06945801," clueweb09-en0004-74-23251",false,0.06945801," nr-clueweb09-en0011-58-20330",false,-1.0," clueweb09-en0007-57-07273",false,0.06945801," clueweb09-en0005-71-01098",true,0.06945801," clueweb09-en0000-81-05589",false,0.06945801,2,0
3WPCIUYH2EOBIT31PP3SQYA01QBDTH,3AMYWKA6YG2Z7CH89NFGE2QAVTA6ON,A2H1RXUC8XNNIW,2022-02-11T13:38:07,FRIDAY,1644604687000,1644604748000,61.0,1.0166666666666666,19.205,0.0," good tv shows from 2005"," Entertainment",null," nr-clueweb09-en0005-39-02724",false,-1.0," clueweb09-en0004-94-09813",true,0.10229492," nr-clueweb09-en0010-69-16110",false,-1.0," clueweb09-en0003-98-06289",false,0.08538818," clueweb09-en0003-97-25360",false,0.08538818," clueweb09-en0005-09-15453",false,0.07696533," clueweb09-en0001-55-33924",false,0.080444336," clueweb09-enwp01-35-07281",false,0.07696533," clueweb09-en0010-66-05227",false,0.08538818," clueweb09-en0009-64-26543",false,0.08538818," clueweb09-en0011-56-14652",false,0.07696533," random-clueweb09-en0003-33-30335",false,-2.0," clueweb09-en0000-18-11963",false,0.08538818,1,0
3WPCIUYH2EOBIT31PP3SQYA01QBDTH,3TE3O85735OEMOQNEDKHIKE3QBSR20,A34O453D7VWWUK,2022-02-11T13:38:43,FRIDAY,1644604723000,1644604794000,71.0,1.1833333333333333,26.442,0.0," Influenza vaccination campaign"," Science",null," clueweb09-en0010-56-13888",false,0.06359863," clueweb09-en0011-49-13230",false,0.06359863," nr-clueweb09-en0000-57-02578",true,-1.0," clueweb09-en0009-43-13903",false,0.06359863," clueweb09-en0004-59-16195",false,0.085876465," clueweb09-en0004-59-16194",false,0.085876465," clueweb09-en0009-68-15165",true,0.06359863," clueweb09-en0009-68-15158",false,0.06359863," clueweb09-en0001-49-06095",true,0.06359863," random-clueweb09-en0005-94-21396",false,-2.0," clueweb09-en0004-06-05182",true,0.06359863," clueweb09-en0009-31-08169",true,0.06359863," nr-clueweb09-en0000-45-04849",true,-1.0,4,2
3WPCIUYH2EOBIT31PP3SQYA01QBDTH,3JRJSWSMQM1EY2H1W7EM2NKCH07E3Q,A2825I2XO6KZEP,2022-02-11T13:55:56,FRIDAY,1644605756000,1644605919000,163.0,2.716666666666667,33.75,0.0," Chelsea"," Sports",null," clueweb09-en0000-54-05607",true,0.108947754," clueweb09-en0001-08-17560",false,0.108947754," clueweb09-en0000-54-05651",true,0.108947754," clueweb09-en0000-12-18314",false,0.108947754," clueweb09-en0002-01-00133",false,0.108947754," nr-clueweb09-en0000-97-30659",false,0.058288574," clueweb09-en0005-37-17210",false,0.108947754," random-clueweb09-en0002-63-12795",false,-2.0," clueweb09-en0002-01-00113",false,0.108947754," clueweb09-en0000-97-24329",false,0.108947754," clueweb09-en0004-47-29128",false,0.108947754," clueweb09-en0007-25-11593",false,0.108947754," nr-clueweb09-en0001-77-26258",false,0.040740967,2,0
3K8CQCU3LIHCWMY89OM69NTTJOUWN7,3YDTZAI2W2W0WX6TKXOQ58TO6QR418,A1SX8IVV82M0LW,2022-02-11T13:24:32,FRIDAY,1644603872000,1644604074000,202.0,3.3666666666666667,10.578,0.0," brett favre most recent super bowl"," Sports",null," clueweb09-en0006-52-12167",false,0.090026855," clueweb09-en0000-87-10080",false,0.090026855," clueweb09-en0000-35-14146",false,0.090026855," clueweb09-en0000-87-10138",false,0.090026855," clueweb09-en0011-77-06481",false,0.090026855," nr-clueweb09-en0010-71-15189",false,-1.0," clueweb09-en0011-61-33052",false,0.090026855," clueweb09-en0005-06-13759",false,0.090026855," clueweb09-en0000-12-17983",false,0.090026855," nr-clueweb09-en0009-94-19362",false,-1.0," clueweb09-enwp00-18-19323",false,0.090026855," random-clueweb09-en0007-29-30662",false,-2.0," clueweb09-enwp01-58-19323",false,0.090026855,0,0
3K8CQCU3LIHCWMY89OM69NTTJOUWN7,3R6P78PK7PRHHXBMHHA1K39MOEQGTF,A2CWJRAEFZ44HU,2022-02-11T13:23:06,FRIDAY,1644603786000,1644604109000,323.0,5.383333333333334,14.666,0.0," college scholarships california"," Education",null," clueweb09-en0009-52-03679",true,0.18969727," random-clueweb09-en0008-13-05976",false,-2.0," clueweb09-en0009-57-16084",false,0.18969727," clueweb09-en0004-04-16085",false,0.18969727," clueweb09-en0006-04-26483",false,0.18969727," clueweb09-en0010-73-19042",false,0.18969727," clueweb09-en0006-04-26501",false,0.18969727," clueweb09-en0004-31-32604",false,0.18969727," nr-clueweb09-en0003-77-29549",true,-1.0," clueweb09-en0009-72-37593",false,0.18969727," clueweb09-en0007-69-21058",false,0.18969727," nr-clueweb09-en0003-77-29412",false,-1.0," clueweb09-en0004-31-32605",false,0.18969727,1,1
3K8CQCU3LIHCWMY89OM69NTTJOUWN7,3Y9N9SS8L3R96W310C32W52RHNY3DC,A34O453D7VWWUK,2022-02-11T13:27:19,FRIDAY,1644604039000,1644604117000,78.0,1.3,32.119,0.0," Brazilian President"," Politics",null," clueweb09-en0006-14-31575",false,0.08062744," clueweb09-en0000-89-30601",true,0.08062744," clueweb09-en0005-55-27245",true,0.08062744," nr-clueweb09-en0000-88-22880",false,-1.0," clueweb09-en0006-52-10899",true,0.07904053," nr-clueweb09-en0001-66-14258",false,-1.0," clueweb09-en0007-70-33472",false,0.08062744," random-clueweb09-en0007-00-09110",false,-2.0," clueweb09-en0002-48-32098",false,0.08062744," clueweb09-en0001-00-30189",false,0.08062744," clueweb09-en0005-85-09020",false,0.08062744," clueweb09-en0004-09-10880",true,0.07904053," clueweb09-en0011-14-09757",false,0.08062744,4,0
3K8CQCU3LIHCWMY89OM69NTTJOUWN7,32UTUBMZ7LC038706QI2KA6A5MEBV9,A1LRJ4U04532TM,2022-02-11T13:21:54,FRIDAY,1644603714000,1644604531000,817.0,13.616666666666667,85.151,0.0," Moroccan food"," Food &amp; Drink",null," clueweb09-en0008-35-46197",true,0.07751465," nr-clueweb09-en0003-90-33767",false,-1.0," nr-clueweb09-en0011-57-13961",false,-1.0," random-clueweb09-en0011-47-15958",false,-2.0," clueweb09-en0000-46-31598",false,0.07751465," clueweb09-en0002-39-25879",false,0.07751465," clueweb09-en0000-67-17782",false,0.07751465," clueweb09-en0007-19-12127",false,0.07751465," clueweb09-en0001-59-29586",false,0.07751465," clueweb09-en0001-25-33353",false,0.07751465," clueweb09-en0000-98-11016",false,0.07751465," clueweb09-en0010-23-14577",false,0.07751465," clueweb09-en0000-32-14697",false,0.07751465,1,0
3K8CQCU3LIHCWMY89OM69NTTJOUWN7,3WJEQKOXADIFYMMATYYHIBFOY0NA1P,A1VMPZVVVZUCS4,2022-02-11T13:25:32,FRIDAY,1644603932000,1644604747000,815.0,13.583333333333334,31.873,0.0," highest grossing movies of 2005"," Entertainment",null," clueweb09-en0009-83-28633",false,0.07989502," clueweb09-en0010-40-37536",false,0.07989502," random-clueweb09-enwp02-01-03342",false,-2.0," clueweb09-en0004-00-37596",false,0.07989502," clueweb09-en0011-49-27231",false,0.07989502," nr-clueweb09-en0001-69-06132",false,-1.0," clueweb09-en0004-35-06534",false,0.07989502," clueweb09-en0005-74-13596",false,0.08850098," clueweb09-en0002-27-34944",false,0.07989502," clueweb09-en0009-83-28631",false,0.07989502," nr-clueweb09-en0000-69-06725",false,-1.0," clueweb09-en0010-48-03260",false,0.10614014," clueweb09-en0008-85-13083",false,0.07989502,0,0
3K8CQCU3LIHCWMY89OM69NTTJOUWN7,3R8YZBNQ9MYLWO8T7ACC9LL655DQ7F,AGZ3GHE3N634N,2022-02-11T13:43:26,FRIDAY,1644605006000,1644605183000,177.0,2.95,74.063,0.0," Mona Lisa painting"," Arts",null," clueweb09-en0008-18-24154",true,0.0619812," nr-clueweb09-en0001-82-11337",false,-1.0," clueweb09-en0009-77-29298",false,0.0619812," clueweb09-en0004-50-21412",true,0.0619812," clueweb09-en0007-14-06032",false,0.0619812," clueweb09-en0009-33-01016",false,0.0619812," nr-clueweb09-en0003-67-03757",false,-1.0," clueweb09-en0004-53-03060",false,0.06915283," clueweb09-en0001-77-15289",true,0.0619812," clueweb09-en0010-42-34279",false,0.0619812," clueweb09-en0010-39-04094",false,0.0619812," random-clueweb09-en0000-21-15033",false,-2.0," clueweb09-en0001-44-06315",false,0.0619812,3,0
3K8CQCU3LIHCWMY89OM69NTTJOUWN7,37UEWGM5HYO7X38RV9K3D14YY5G1RV,A2H1RXUC8XNNIW,2022-02-11T13:44:56,FRIDAY,1644605096000,1644605185000,89.0,1.4833333333333334,50.769,0.0," the most awesome forest of the world"," Nature",null," nr-clueweb09-en0001-57-11877",false,-1.0," clueweb09-en0009-43-01613",false,0.11340332," random-clueweb09-en0003-33-30335",false,-2.0," clueweb09-en0008-53-26002",false,0.11340332," clueweb09-en0008-38-34915",true,0.11340332," clueweb09-en0001-52-25790",false,0.11340332," clueweb09-en0005-49-26140",false,0.11340332," clueweb09-en0002-09-31424",false,0.11340332," clueweb09-en0004-59-37648",false,0.11340332," clueweb09-en0011-33-18533",false,0.11340332," clueweb09-en0007-29-10295",false,0.11340332," clueweb09-en0002-53-12877",false,0.11340332," nr-clueweb09-en0001-39-10185",false,-1.0,1,0
3K8CQCU3LIHCWMY89OM69NTTJOUWN7,30IQTZXKAPMRNA9L8PMVOE7CUUU0XM,A2IWGAADU93RNZ,2022-02-11T13:40:47,FRIDAY,1644604847000,1644605335000,488.0,8.133333333333333,231.263,0.0," Lion"," <font style="vertical-align: inherit;">Animais de estima??o </font>",null," clueweb09-en0000-31-05816",false,0.07757568," clueweb09-en0006-52-12315",true,0.07757568," random-clueweb09-en0003-07-27095",false,-2.0," clueweb09-en0001-02-29814",false,0.07757568," nr-clueweb09-en0009-94-36321",false,-1.0," clueweb09-en0005-16-03284",false,0.07757568," clueweb09-en0008-18-22545",false,0.07757568," clueweb09-en0000-08-11504",false,0.07757568," nr-clueweb09-en0011-78-08570",false,4.727818," clueweb09-en0008-32-24144",true,0.07757568," clueweb09-en0008-32-24145",false,0.07757568," clueweb09-en0000-74-02312",false,0.07757568," clueweb09-en0004-28-18338",true,0.07757568,3,0
3K8CQCU3LIHCWMY89OM69NTTJOUWN7,3RRCEFRB7RS19VOLMUHFBK6XS3NB45,AKA8TN8H8DQ6T,2022-02-11T13:44:40,FRIDAY,1644605080000,1644605717000,637.0,10.616666666666667,31.82,0.0," How earth revolves around the sun"," Science",null," clueweb09-en0003-90-25835",false,0.09283447," nr-clueweb09-en0005-15-17543",false,-1.0," clueweb09-en0009-02-29202",false,0.09283447," clueweb09-en0003-08-26284",true,0.09283447," clueweb09-en0003-34-19062",true,0.09283447," random-clueweb09-en0000-21-15033",false,-2.0," clueweb09-en0000-53-33730",false,0.09283447," clueweb09-en0002-36-00872",false,0.10412598," clueweb09-en0000-53-33729",true,0.09283447," clueweb09-en0000-44-35631",false,0.09283447," clueweb09-en0001-90-17181",true,0.09283447," clueweb09-en0007-82-37492",true,0.09283447," nr-clueweb09-en0004-90-07706",false,-1.0,5,0
3K8CQCU3LIHCWMY89OM69NTTJOUWN7,37W3JXSD6BO9V50G6S1IENNPX56YWV,A2825I2XO6KZEP,2022-02-11T13:56:01,FRIDAY,1644605761000,1644606092000,331.0,5.516666666666667,45.007,0.0," snow ski"," Sports",null," clueweb09-en0011-61-37238",false,0.09436035," clueweb09-en0007-60-30414",true,0.09436035," clueweb09-en0009-59-17085",false,0.09436035," nr-clueweb09-en0010-14-24167",true,-1.0," clueweb09-en0011-66-35089",false,0.09436035," clueweb09-en0011-33-13766",false,0.09436035," clueweb09-en0004-18-23401",false,0.09436035," nr-clueweb09-en0011-55-19413",false,-1.0," random-clueweb09-en0006-75-34429",false,-2.0," clueweb09-en0009-45-10317",false,0.09436035," clueweb09-en0010-99-12740",false,0.07232666," clueweb09-en0011-33-13768",false,0.09436035," clueweb09-en0004-18-24838",false,0.09436035,1,1
3TKSOBLOIPWI7AB0B7L1VEGESYZBBI,3ITXP059P1ZQTZO80NQE7B5GENTSJ6,A1SX8IVV82M0LW,2022-02-11T13:24:28,FRIDAY,1644603868000,1644603999000,131.0,2.183333333333333,98.01,0.0," buddhist sutras to study"," Spirituality",null," clueweb09-en0011-30-34481",false,0.09277344," nr-clueweb09-en0006-99-13942",true,-1.0," clueweb09-en0007-75-14459",false,0.09173584," clueweb09-en0001-00-29697",false,0.09173584," clueweb09-en0009-43-16489",false,0.09173584," random-clueweb09-en0002-86-03239",false,-2.0," clueweb09-en0001-11-15643",false,0.09173584," clueweb09-en0001-11-15871",false,0.09173584," clueweb09-en0003-54-10679",false,0.09173584," clueweb09-en0008-22-14115",false,0.09173584," clueweb09-en0006-40-15298",false,0.09277344," clueweb09-en0000-06-26359",false,0.09277344," nr-clueweb09-en0000-19-00278",false,-1.0,0,1
3TKSOBLOIPWI7AB0B7L1VEGESYZBBI,33CUSNVVNSSJQYDGVLNI1UW1MIT883,A34O453D7VWWUK,2022-02-11T13:26:04,FRIDAY,1644603964000,1644604039000,75.0,1.25,37.68,0.0," how to make a photo album"," Crafts &amp; Hobbies",null," clueweb09-en0010-40-01561",false,0.08843994," clueweb09-en0011-66-02211",true,0.08843994," clueweb09-en0004-63-22171",false,0.08843994," clueweb09-en0007-58-00877",true,0.08843994," clueweb09-en0009-82-21926",true,0.08843994," clueweb09-en0006-50-29194",false,0.08843994," clueweb09-en0009-95-07620",false,0.08843994," nr-clueweb09-en0002-28-35454",false,-1.0," nr-clueweb09-en0003-31-06856",false,-1.0," clueweb09-en0010-73-19540",false,0.08843994," clueweb09-en0005-79-29595",false,0.08843994," random-clueweb09-en0009-64-30845",false,-2.0," clueweb09-en0011-01-04008",true,0.08843994,4,0
3TKSOBLOIPWI7AB0B7L1VEGESYZBBI,3D8YOU6S9J0UKH1559RPD8IZDEUU6I,A2CWJRAEFZ44HU,2022-02-11T13:23:21,FRIDAY,1644603801000,1644604597000,796.0,13.266666666666667,14.361,0.0," denver buddhist retreat"," Spirituality",null," clueweb09-en0010-02-09891",true,0.06866455," clueweb09-en0002-43-27649",true,0.107177734," clueweb09-en0010-05-23125",false,0.107177734," nr-clueweb09-en0000-19-00278",false,-1.0," clueweb09-en0008-60-37191",false,0.107177734," clueweb09-en0001-66-32269",false,0.06866455," random-clueweb09-en0002-86-03239",false,-2.0," clueweb09-en0009-11-10332",false,0.06866455," clueweb09-en0002-43-27650",true,0.06866455," clueweb09-en0005-73-20009",false,0.107177734," nr-clueweb09-en0004-60-01094",false,-1.0," clueweb09-en0000-64-07677",false,0.06866455," clueweb09-en0006-05-35378",false,0.06866455,3,0
3TKSOBLOIPWI7AB0B7L1VEGESYZBBI,3KMS4QQVK76C0EP4COQR1RME4MZFK9,A1LRJ4U04532TM,2022-02-11T13:21:50,FRIDAY,1644603710000,1644604723000,1013.0,16.883333333333333,975.165,0.0," potassium rich foods"," Health &amp; Wellness",null," clueweb09-en0001-08-26267",false,0.088256836," clueweb09-en0008-38-01731",false,0.088256836," clueweb09-en0006-49-14649",false,0.088256836," clueweb09-en0007-65-08866",false,0.088256836," random-clueweb09-en0000-21-15033",false,-2.0," clueweb09-en0011-22-10318",true,0.088256836," nr-clueweb09-en0010-71-18957",false,-1.0," clueweb09-en0008-95-30846",false,0.088256836," clueweb09-en0006-49-14668",false,0.088256836," clueweb09-en0007-32-26053",false,0.088256836," clueweb09-en0011-20-06966",false,0.088256836," clueweb09-en0009-40-30454",true,0.088256836," nr-clueweb09-en0000-83-12904",false,-1.0,2,0
3TKSOBLOIPWI7AB0B7L1VEGESYZBBI,339ANSOTRAIWA5RUDWWC4OZ6KFVIK9,AQNCH42WD4ITI,2022-02-11T13:37:20,FRIDAY,1644604640000,1644604799000,159.0,2.65,46.415,0.0," indian spiritual practices"," Spirituality",null," clueweb09-en0006-08-26908",true,0.09185791," clueweb09-en0008-58-00969",true,0.09185791," clueweb09-en0004-41-28055",true,0.09185791," clueweb09-en0005-26-29300",false,0.09185791," clueweb09-en0004-41-28053",true,0.09185791," nr-clueweb09-en0002-29-09039",false,-1.0," nr-clueweb09-en0010-73-24200",false,-1.0," clueweb09-en0004-49-12419",false,0.09185791," clueweb09-en0001-58-30462",false,0.09185791," clueweb09-en0003-88-19525",false,0.09185791," random-clueweb09-en0000-87-03924",false,-2.0," clueweb09-en0006-16-33236",true,0.09185791," clueweb09-en0008-09-17280",true,0.09185791,6,0
3TKSOBLOIPWI7AB0B7L1VEGESYZBBI,3Y9N9SS8L3R96W310C32W52RHNYD3M,A1VMPZVVVZUCS4,2022-02-11T13:25:40,FRIDAY,1644603940000,1644604896000,956.0,15.933333333333334,19.561,0.0," recovery exercises for runners"," Health &amp; Wellness",null," clueweb09-en0005-01-04151",true,0.06994629," clueweb09-en0008-73-01376",false,0.06994629," nr-clueweb09-en0001-49-13367",false,-1.0," clueweb09-en0011-27-27721",false,0.06994629," nr-clueweb09-en0004-87-07164",false,-1.0," clueweb09-en0003-97-14426",false,0.06994629," clueweb09-en0011-13-35078",true,0.06994629," clueweb09-en0008-73-01359",false,0.06994629," clueweb09-en0011-13-35084",true,0.06994629," clueweb09-en0002-93-03374",false,0.06994629," clueweb09-en0009-60-39714",false,0.06994629," clueweb09-en0003-19-27093",false,0.06994629," random-clueweb09-en0004-13-04016",false,-2.0,3,0
3TKSOBLOIPWI7AB0B7L1VEGESYZBBI,3B3WTRP3DGI8IOU1KWKVRZE9KPO92X,AKA8TN8H8DQ6T,2022-02-11T13:44:35,FRIDAY,1644605075000,1644605217000,142.0,2.3666666666666667,12.511,0.0," what is oil painting"," Arts",null," clueweb09-en0002-59-17679",true,0.08685303," clueweb09-en0007-68-37639",false,0.08105469," clueweb09-en0008-81-04704",true,0.08105469," random-clueweb09-en0000-87-03924",false,-2.0," clueweb09-en0000-18-00638",true,0.08105469," clueweb09-en0001-34-28191",false,0.08105469," clueweb09-en0002-28-12996",false,0.08105469," clueweb09-en0008-67-00425",false,0.08105469," clueweb09-en0003-95-10548",true,0.08105469," nr-clueweb09-en0001-00-10476",false,-1.0," nr-clueweb09-en0004-71-12330",false,-1.0," clueweb09-en0010-74-09555",true,0.08105469," clueweb09-en0002-59-17668",false,0.091552734,5,0
3TKSOBLOIPWI7AB0B7L1VEGESYZBBI,3U5NZHP4LWIXP1DQK6JZ0TKQECOPHQ,A2H1RXUC8XNNIW,2022-02-11T13:46:26,FRIDAY,1644605186000,1644605255000,69.0,1.15,26.617,0.0," the best way to educate a 10 year old"," Education",null," clueweb09-en0001-01-14106",false,0.13671875," nr-clueweb09-en0005-35-20448",false,-1.0," clueweb09-en0005-64-11141",false,0.13671875," clueweb09-en0008-04-10230",true,0.13671875," clueweb09-en0009-78-07844",false,0.13671875," clueweb09-en0007-92-03202",false,0.13671875," clueweb09-en0000-42-21933",false,0.13671875," random-clueweb09-en0009-06-35915",false,-2.0," clueweb09-en0002-45-31383",false,0.13671875," clueweb09-en0008-22-12507",false,0.13671875," nr-clueweb09-en0001-11-21071",false,-1.0," clueweb09-en0011-27-26554",false,0.13671875," clueweb09-en0011-36-04483",false,0.13671875,1,0
3TKSOBLOIPWI7AB0B7L1VEGESYZBBI,3TGOYF99122FMSR61RPSTEWFG1HUUR,A3AFLE1W4L89MH,2022-02-11T13:43:03,FRIDAY,1644604983000,1644605321000,338.0,5.633333333333334,103.014,0.0," nature now"," Nature",null," clueweb09-en0011-55-22190",true,0.07965088," nr-clueweb09-en0003-82-26724",true,-1.0," random-clueweb09-en0007-00-09110",false,-2.0," clueweb09-enwp00-89-14911",true,0.07965088," clueweb09-en0003-25-09970",false,0.07965088," nr-clueweb09-en0002-62-05095",false,-1.0," clueweb09-en0008-02-18471",false,0.07965088," clueweb09-en0001-13-14517",false,0.07965088," clueweb09-en0007-87-30612",false,0.07965088," clueweb09-en0008-69-12408",true,0.08270264," clueweb09-en0010-46-15389",false,0.107910156," clueweb09-en0010-94-23479",false,0.10015869," clueweb09-en0007-87-30623",false,0.07965088,3,1
3TKSOBLOIPWI7AB0B7L1VEGESYZBBI,30BUDKLTXIBHCH45AQ2FHKIWVWYE5G,A2825I2XO6KZEP,2022-02-11T13:55:59,FRIDAY,1644605759000,1644606024000,265.0,4.416666666666667,33.427,0.0," Lemon Juice"," Food &amp; Drink",null," clueweb09-en0011-25-03171",false,0.093933105," clueweb09-en0008-42-32953",false,0.093933105," clueweb09-en0003-43-29956",false,0.093933105," clueweb09-en0003-81-26743",false,0.093933105," clueweb09-en0000-94-13839",false,0.093933105," clueweb09-en0000-79-13803",false,0.093933105," nr-clueweb09-en0003-72-15818",true,-1.0," nr-clueweb09-en0005-02-11917",false,-1.0," clueweb09-en0008-04-05292",false,0.093933105," clueweb09-en0000-28-07624",false,0.093933105," clueweb09-en0010-31-04067",false,0.093933105," random-clueweb09-en0004-13-04016",false,-2.0," clueweb09-en0003-81-26739",false,0.093933105,0,1
3P0I4CQYW2NUE7YKA3MJOCTY9YZWOM,3W92K5RLWZXYESQR5GRPHO6IVQSV5S,A1SX8IVV82M0LW,2022-02-11T13:24:25,FRIDAY,1644603865000,1644603980000,115.0,1.9166666666666667,84.286,0.0," claude monet highest auction price"," Arts",null," clueweb09-en0004-31-16618",false,0.06677246," clueweb09-en0006-61-34489",false,0.07141113," clueweb09-en0009-40-26389",false,0.090270996," random-clueweb09-en0006-26-18498",false,-2.0," clueweb09-en0004-06-17294",false,0.06677246," nr-clueweb09-en0004-05-16267",false,-1.0," clueweb09-en0004-93-14760",false,0.06677246," clueweb09-en0006-61-34500",false,0.07141113," clueweb09-en0005-61-32587",false,0.06677246," clueweb09-en0000-52-01743",false,0.06677246," clueweb09-en0004-93-14758",false,0.06677246," clueweb09-en0009-13-23966",false,0.06677246," nr-clueweb09-en0004-05-16267",false,-1.0,0,0
3P0I4CQYW2NUE7YKA3MJOCTY9YZWOM,3OVR4I9USUZOD1QA5CE5691WE2J4Q3,A1VMPZVVVZUCS4,2022-02-11T13:25:08,FRIDAY,1644603908000,1644604283000,375.0,6.25,13.176,0.0," gdp of czech republic"," Economy &amp; Finance",null," clueweb09-en0007-38-40736",true,0.17126465," clueweb09-en0010-90-29726",true,0.10058594," clueweb09-en0006-35-27657",false,0.17126465," clueweb09-en0001-75-24773",false,0.20446777," nr-clueweb09-en0007-86-38042",false,-1.0," random-clueweb09-en0002-86-03239",false,-2.0," clueweb09-en0010-90-29733",true,0.10058594," clueweb09-en0002-27-30550",false,0.19311523," nr-clueweb09-en0000-85-04280",false,-1.0," clueweb09-en0001-66-13388",false,0.17126465," clueweb09-en0006-35-27672",false,0.20483398," clueweb09-en0007-38-40732",false,0.17126465," clueweb09-en0010-22-04223",false,0.10058594,3,0
3P0I4CQYW2NUE7YKA3MJOCTY9YZWOM,3HMVI3QICO8GU4KD94CXLXXV1SS1YU,A34O453D7VWWUK,2022-02-11T13:31:28,FRIDAY,1644604288000,1644604367000,79.0,1.3166666666666667,25.43,0.0," soccer games in latin america"," Sports",null," clueweb09-en0008-25-24147",false,0.07495117," nr-clueweb09-en0011-05-37212",false,-1.0," random-clueweb09-en0007-29-30662",false,-2.0," nr-clueweb09-en0000-66-00481",false,-1.0," clueweb09-en0009-98-34695",false,0.07495117," clueweb09-en0004-48-25378",false,0.07495117," clueweb09-en0000-86-05876",false,0.07495117," clueweb09-en0003-41-11918",true,0.07495117," clueweb09-en0006-64-07014",false,0.07495117," clueweb09-en0000-86-05875",false,0.07495117," clueweb09-en0005-13-06991",false,0.07495117," clueweb09-en0004-30-29892",false,0.07495117," clueweb09-en0003-41-11914",false,0.07495117,1,0
3P0I4CQYW2NUE7YKA3MJOCTY9YZWOM,3U84XHCDIHTXRTR1S8XIX2D0J664Z1,AGZ3GHE3N634N,2022-02-11T13:32:24,FRIDAY,1644604344000,1644604485000,141.0,2.35,75.419,0.0," what is the best cat food"," Pets",null," clueweb09-en0000-95-29647",false,0.07824707," clueweb09-en0009-12-19567",false,0.07824707," clueweb09-en0009-35-08144",false,0.07824707," clueweb09-en0009-35-08147",false,0.07824707," clueweb09-en0009-99-31763",false,0.07824707," clueweb09-en0002-19-11626",false,0.07824707," random-clueweb09-en0000-87-03924",false,-2.0," clueweb09-en0011-21-26289",true,0.07824707," clueweb09-en0005-23-18832",false,0.07824707," clueweb09-en0004-05-10182",true,0.07824707," nr-clueweb09-en0011-57-13961",false,-1.0," nr-clueweb09-en0001-01-12744",false,-1.0," clueweb09-en0003-61-11697",false,0.07861328,2,0
3P0I4CQYW2NUE7YKA3MJOCTY9YZWOM,3X0H8UUIT64CZJO77M9TW1ZOGJ2WS5,A2CWJRAEFZ44HU,2022-02-11T13:23:24,FRIDAY,1644603804000,1644604714000,910.0,15.166666666666666,41.134,0.0," canadian presidential election"," Politics",null," clueweb09-en0011-61-39923",false,0.12597656," clueweb09-en0009-90-34058",true,0.12597656," clueweb09-en0004-08-20416",false,0.12597656," clueweb09-en0011-94-03292",false,0.12597656," nr-clueweb09-en0011-58-20005",false,-1.0," clueweb09-en0011-94-00759",true,0.12597656," random-clueweb09-en0003-07-27095",false,-2.0," clueweb09-en0009-61-15491",false,0.12597656," clueweb09-en0008-11-26727",false,0.12597656," clueweb09-en0008-98-02199",false,0.12597656," nr-clueweb09-en0002-28-35766",false,-1.0," clueweb09-en0003-48-18392",false,0.12597656," clueweb09-en0010-92-01297",false,0.12597656,2,0
3P0I4CQYW2NUE7YKA3MJOCTY9YZWOM,3ZAK8W07I9UZ66FQ3KB847880CCU0N,A2H1RXUC8XNNIW,2022-02-11T13:39:08,FRIDAY,1644604748000,1644604806000,58.0,0.9666666666666667,17.606,0.0," how to switch a lamp"," Complete a task",null," clueweb09-en0006-42-17211",false,0.093688965," random-clueweb09-en0008-31-37861",false,-2.0," clueweb09-en0007-15-19463",false,0.093688965," clueweb09-en0006-23-13424",false,0.093688965," nr-clueweb09-en0001-57-11876",false,-1.0," clueweb09-en0001-00-07121",false,0.093688965," clueweb09-en0004-23-25079",false,0.093688965," clueweb09-en0007-47-26213",false,0.093688965," nr-clueweb09-en0004-69-06504",false,-1.0," clueweb09-en0006-47-30850",false,0.093688965," clueweb09-en0007-58-00908",false,0.093688965," clueweb09-en0007-47-26246",false,0.093688965," clueweb09-en0007-58-00336",true,0.093688965,1,0
3P0I4CQYW2NUE7YKA3MJOCTY9YZWOM,337RC3OW0AICGHTCX37WYD2FHHXVLN,AQNCH42WD4ITI,2022-02-11T13:43:49,FRIDAY,1644605029000,1644605168000,139.0,2.316666666666667,68.486,0.0," mass building workout"," Health &amp; Wellness",null," clueweb09-en0007-13-15360",true,0.07159424," nr-clueweb09-en0003-52-21472",false,-1.0," clueweb09-en0004-56-00776",false,0.07159424," clueweb09-en0005-35-03473",true,0.07159424," nr-clueweb09-en0007-79-35217",false,-1.0," random-clueweb09-en0006-35-27399",false,-2.0," clueweb09-en0004-24-01351",true,0.07159424," clueweb09-en0011-95-31260",false,0.07159424," clueweb09-en0004-59-25958",true,0.07159424," clueweb09-en0004-70-14297",true,0.07159424," clueweb09-en0003-35-11603",true,0.07159424," clueweb09-en0005-74-40354",true,0.07159424," clueweb09-en0004-35-06046",true,0.07159424,8,0
3P0I4CQYW2NUE7YKA3MJOCTY9YZWOM,3YZ8UPK3VY2J0YA6F04SZ8A991BUCI,AEYZI1SFFJ172,2022-02-11T13:46:37,FRIDAY,1644605197000,1644605295000,98.0,1.6333333333333333,8.443,0.0," Yakisoba"," Food &amp; Drink",null," nr-clueweb09-en0011-33-07949",true,0.034362793," clueweb09-en0006-37-01065",false,0.06964111," clueweb09-en0010-91-33219",true,0.06964111," clueweb09-en0006-15-28443",false,0.06964111," clueweb09-en0005-46-37642",false,0.06964111," nr-clueweb09-en0009-01-19568",true,0.0647583," clueweb09-en0004-95-07529",false,0.06964111," clueweb09-en0008-23-15812",false,0.06964111," clueweb09-en0004-39-08234",false,0.06964111," clueweb09-en0011-76-22652",false,0.06964111," random-clueweb09-en0002-82-08074",false,-2.0," clueweb09-en0010-04-29851",false,0.06964111," clueweb09-en0007-88-34539",false,0.06964111,1,2
3P0I4CQYW2NUE7YKA3MJOCTY9YZWOM,3VSOLARPKGPX36QKOWY0A9J1Q3O938,AKA8TN8H8DQ6T,2022-02-11T13:44:35,FRIDAY,1644605075000,1644605319000,244.0,4.066666666666666,36.344,0.0," what are main gods in India"," Spirituality",null," clueweb09-en0007-67-19665",false,0.06390381," clueweb09-en0007-43-16932",true,0.066467285," nr-clueweb09-en0003-63-27985",false,-1.0," clueweb09-en0007-42-19413",true,0.06390381," clueweb09-en0011-51-22379",false,0.07885742," clueweb09-en0003-36-11914",false,0.07885742," random-clueweb09-en0006-26-18498",false,-2.0," clueweb09-en0007-42-18993",false,0.06390381," clueweb09-en0007-29-28178",false,0.06390381," clueweb09-en0007-43-16871",false,0.066467285," clueweb09-en0000-87-00570",false,0.07885742," clueweb09-en0004-68-23624",false,0.07885742," nr-clueweb09-en0003-00-06560",false,-1.0,2,0
3P0I4CQYW2NUE7YKA3MJOCTY9YZWOM,30MVJZJNHRT8OKS9RHQNQG0QM0DJ9X,A2825I2XO6KZEP,2022-02-11T13:56:03,FRIDAY,1644605763000,1644606143000,380.0,6.333333333333333,25.355,0.0," Iphone"," Shopping",null," clueweb09-en0001-54-29690",false,0.07574463," clueweb09-en0006-51-09250",false,0.07574463," nr-clueweb09-en0008-12-09413",false,-1.0," clueweb09-en0008-20-29241",false,0.07574463," clueweb09-en0006-51-09249",false,0.07574463," clueweb09-en0003-28-20577",false,0.07574463," clueweb09-en0004-85-35856",true,0.07574463," clueweb09-en0001-54-29698",false,0.07574463," nr-clueweb09-en0010-39-02964",false,0.05609131," clueweb09-en0004-99-13448",false,0.07574463," clueweb09-en0008-20-29166",false,0.07574463," random-clueweb09-en0007-29-30662",false,-2.0," clueweb09-en0005-00-35751",true,0.07574463,2,0
309D674SI311HF36P7HW6YMWAJZBCP,37TD41K0AMP3LLI2QV9SK7SLO3KSCS,A1SX8IVV82M0LW,2022-02-11T13:24:19,FRIDAY,1644603859000,1644603905000,46.0,0.7666666666666667,22.281,0.0," adirondacks trails"," Nature",null," clueweb09-en0002-40-27278",true,0.05581665," nr-clueweb09-en0004-54-00312",false,-1.0," clueweb09-en0004-81-07192",false,0.05581665," clueweb09-en0010-87-11368",false,0.05581665," clueweb09-en0003-04-23321",false,0.05581665," clueweb09-en0010-16-01124",false,0.05581665," clueweb09-en0007-43-00276",false,0.05581665," random-clueweb09-en0006-35-27399",false,-2.0," nr-clueweb09-en0002-93-07931",false,-1.0," clueweb09-en0003-04-23335",true,0.05581665," clueweb09-en0004-81-07203",false,0.05581665," clueweb09-en0004-17-24266",true,0.05581665," clueweb09-en0004-10-11131",true,0.05581665,4,0
309D674SI311HF36P7HW6YMWAJZBCP,3D3VGR7TA5V376M6IDYM1UJVWPQ3RL,AQNCH42WD4ITI,2022-02-11T13:30:33,FRIDAY,1644604233000,1644604351000,118.0,1.9666666666666666,38.607,0.0," most beautiful mountains in japan"," Nature",null," clueweb09-en0001-66-32389",false,0.078308105," clueweb09-en0010-15-07728",false,0.079711914," clueweb09-en0006-17-13267",false,0.09063721," clueweb09-en0005-95-07966",true,0.0836792," random-clueweb09-en0008-25-06683",false,-2.0," clueweb09-en0002-88-18178",true,0.09063721," nr-clueweb09-en0001-92-34461",false,-1.0," clueweb09-en0003-97-25061",false,0.09063721," clueweb09-en0003-71-14904",false,0.079833984," nr-clueweb09-en0003-54-07998",false,-1.0," clueweb09-en0003-97-25063",false,0.09063721," clueweb09-en0002-36-17483",false,0.09063721," clueweb09-en0011-30-34532",false,0.09063721,2,0
309D674SI311HF36P7HW6YMWAJZBCP,3H0W84IWBPI6H4237XFIKLNSNDEREW,A2CWJRAEFZ44HU,2022-02-11T13:23:18,FRIDAY,1644603798000,1644604523000,725.0,12.083333333333334,24.994,0.0," oscar winners 2004"," Entertainment",null," nr-clueweb09-en0003-26-21852",false,-1.0," nr-clueweb09-en0000-93-07427",false,-1.0," clueweb09-en0009-21-28770",false,0.09967041," clueweb09-en0002-72-06944",false,0.070129395," clueweb09-en0008-89-21834",false,0.070129395," random-clueweb09-enwp03-08-12100",false,-2.0," clueweb09-en0000-24-22855",true,0.070129395," clueweb09-en0010-74-05055",false,0.09967041," clueweb09-en0002-88-25748",true,0.070129395," clueweb09-en0010-74-05073",false,0.09967041," clueweb09-en0000-91-25313",false,0.070129395," clueweb09-en0005-32-33466",false,0.070129395," clueweb09-en0000-24-22887",false,0.070129395,2,0
309D674SI311HF36P7HW6YMWAJZBCP,3GNCZX450N3IFE5CE097J7XM1HWAPY,A34O453D7VWWUK,2022-02-11T13:36:38,FRIDAY,1644604598000,1644604662000,64.0,1.0666666666666667,28.201,0.0," how to train your dog to pee in the right place"," Pets",null," clueweb09-en0000-79-34243",true,0.115722656," nr-clueweb09-en0003-78-21736",false,-1.0," clueweb09-en0003-54-13283",false,0.115722656," clueweb09-en0002-96-11407",false,0.115722656," clueweb09-en0003-12-08641",false,0.115722656," clueweb09-en0006-31-01659",false,0.115722656," clueweb09-en0009-18-03619",false,0.112976074," clueweb09-en0008-83-35490",false,0.115722656," clueweb09-en0010-43-24700",false,0.115722656," random-clueweb09-en0007-29-30662",false,-2.0," nr-clueweb09-en0008-15-19348",false,-1.0," clueweb09-en0005-73-15145",false,0.115722656," clueweb09-en0007-66-40882",false,0.115722656,1,0
309D674SI311HF36P7HW6YMWAJZBCP,3ERMJ6L4D38UB9A1FH5VSC11V4F7M8,A35O5Z3ER74FBC,2022-02-11T13:36:09,FRIDAY,1644604569000,1644604666000,97.0,1.6166666666666667,28.559,0.0," how to keep children busy"," Solve a problem",null," clueweb09-en0002-29-12512",false,0.10638428," random-clueweb09-en0008-13-05976",false,-2.0," clueweb09-en0009-48-32369",false,0.10638428," clueweb09-en0009-47-34704",false,0.10638428," clueweb09-en0010-02-38953",false,0.10638428," nr-clueweb09-en0003-76-14085",false,-1.0," clueweb09-en0010-34-03864",false,0.10638428," clueweb09-en0005-85-22998",true,0.10638428," clueweb09-en0010-27-08167",true,0.10638428," nr-clueweb09-en0004-04-21152",false,-1.0," clueweb09-en0002-97-26124",false,0.10638428," clueweb09-en0008-27-12589",true,0.10638428," clueweb09-en0005-58-03460",false,0.10394287,3,0
309D674SI311HF36P7HW6YMWAJZBCP,3TOK3KHVJYYIBCVDSXK8KGQ6Q3R7OI,A1VMPZVVVZUCS4,2022-02-11T13:25:36,FRIDAY,1644603936000,1644604799000,863.0,14.383333333333333,26.85,0.0," best chili dogs in new york"," Food &amp; Drink",null," random-clueweb09-enwp03-08-12100",false,-2.0," clueweb09-en0000-58-03932",false,0.10095215," nr-clueweb09-en0002-17-22535",false,-1.0," clueweb09-en0008-56-13847",false,0.10107422," clueweb09-en0002-61-11214",false,0.10107422," clueweb09-en0002-36-20473",true,0.10095215," clueweb09-en0000-26-11732",false,0.10107422," clueweb09-en0005-93-19542",false,0.10095215," clueweb09-en0008-16-15410",false,0.10095215," clueweb09-en0008-56-13822",false,0.10107422," clueweb09-en0011-84-00327",false,0.10107422," nr-clueweb09-en0008-07-19698",false,-1.0," clueweb09-en0002-61-11212",false,0.10107422,1,0
309D674SI311HF36P7HW6YMWAJZBCP,3TXD01ZLD9XG5UXRMLYAGAYLHOTU44,A3AFLE1W4L89MH,2022-02-11T13:42:21,FRIDAY,1644604941000,1644604978000,37.0,0.6166666666666667,20.049,0.0," spiritualism"," Spirituality",null," clueweb09-en0001-14-32438",true,0.05734253," clueweb09-en0007-22-23015",true,0.06719971," clueweb09-en0003-42-31934",false,0.06719971," clueweb09-en0001-13-08782",true,0.06982422," random-clueweb09-en0008-13-05976",false,-2.0," nr-clueweb09-en0000-34-34132",false,0.020889282," clueweb09-en0008-83-34096",false,0.04660034," clueweb09-en0007-39-08175",false,0.05050659," clueweb09-en0007-22-23094",true,0.06719971," nr-clueweb09-en0009-80-28736",false,0.033599854," clueweb09-en0011-92-20927",true,0.05050659," clueweb09-en0001-11-15860",false,0.04660034," clueweb09-en0004-07-02176",false,0.064819336,5,0
309D674SI311HF36P7HW6YMWAJZBCP,3SPJ033426JNPL0HZTI3PXTHV9UJYI,A2H1RXUC8XNNIW,2022-02-11T13:42:13,FRIDAY,1644604933000,1644605028000,95.0,1.5833333333333333,15.05,0.0," how to put a baby to sleep"," Parenting",null," clueweb09-en0011-55-37787",true,0.09295654," clueweb09-en0008-66-23423",true,0.08062744," clueweb09-en0005-16-16122",false,0.08062744," clueweb09-en0005-78-16627",false,0.08062744," clueweb09-en0003-02-29615",false,0.08062744," clueweb09-en0005-78-16625",true,0.08062744," clueweb09-en0004-07-19090",false,0.08062744," clueweb09-en0004-07-19052",false,0.08062744," clueweb09-en0008-50-01700",false,0.082336426," nr-clueweb09-en0011-58-18490",false,-1.0," nr-clueweb09-en0003-79-33301",false,-1.0," random-clueweb09-en0008-13-05976",false,-2.0," clueweb09-en0003-59-33706",true,0.08062744,4,0
309D674SI311HF36P7HW6YMWAJZBCP,34V1S5K3GXHW0PD27YWYHCVL0UQ96E,AKA8TN8H8DQ6T,2022-02-11T13:44:37,FRIDAY,1644605077000,1644605361000,284.0,4.733333333333333,11.249,0.0," how magnets work"," Science",null," clueweb09-en0001-82-16955",true,0.097839355," nr-clueweb09-en0006-31-01936",false,-1.0," clueweb09-en0003-20-18564",true,0.097839355," nr-clueweb09-en0001-34-10667",false,-1.0," clueweb09-en0008-99-12879",false,0.097839355," random-clueweb09-en0004-13-04016",false,-2.0," clueweb09-en0001-35-19572",false,0.097839355," clueweb09-en0011-37-09515",false,0.097839355," clueweb09-en0003-20-18562",true,0.097839355," clueweb09-en0011-88-21307",true,0.097839355," clueweb09-en0002-94-23718",false,0.097839355," clueweb09-en0011-88-21313",false,0.097839355," clueweb09-en0008-87-28583",true,0.097839355,5,0
309D674SI311HF36P7HW6YMWAJZBCP,3G5W44VEUCYIEELZN8W9JCMQ528GKK,A2825I2XO6KZEP,2022-02-11T13:55:58,FRIDAY,1644605758000,1644605962000,204.0,3.4,16.876,0.0," Iron Men"," Entertainment",null," clueweb09-en0005-62-28395",false,0.074523926," clueweb09-en0000-53-29943",false,0.074523926," random-clueweb09-en0008-31-37861",false,-2.0," clueweb09-en0004-98-14364",false,0.074523926," nr-clueweb09-en0004-90-05656",false,-1.0," clueweb09-en0008-01-39890",false,0.06530762," clueweb09-en0004-98-12697",false,0.074523926," clueweb09-en0010-64-17556",false,0.074523926," nr-clueweb09-en0000-83-03221",false,-1.0," clueweb09-en0009-18-09752",true,0.074523926," clueweb09-en0000-53-30180",false,0.074523926," clueweb09-en0008-20-29626",false,0.074523926," clueweb09-en0001-28-15130",false,0.074523926,1,0
3R0WOCG22QPQI6IQPUT2VUW2K4IDU8,36DSNE9QZAEBV7WFT695N6VFHYQOJ5,A2CWJRAEFZ44HU,2022-02-11T13:23:03,FRIDAY,1644603783000,1644604007000,224.0,3.7333333333333334,31.826,0.0," explorers that circumnavigated globe"," History",null," clueweb09-en0009-22-14268",false,0.08868408," clueweb09-en0003-78-02349",true,0.07702637," nr-clueweb09-enwp00-56-02125",false,-1.0," clueweb09-en0003-81-35704",false,0.07702637," clueweb09-en0007-40-11086",false,0.07702637," clueweb09-en0003-81-35703",false,0.07702637," clueweb09-en0007-39-25801",false,0.07702637," random-clueweb09-en0007-49-03198",false,-2.0," clueweb09-en0002-96-01527",false,0.07702637," clueweb09-en0007-66-05704",false,0.07702637," clueweb09-en0006-61-40718",false,0.07702637," nr-clueweb09-en0004-75-13054",false,-1.0," clueweb09-en0005-60-22482",false,0.07702637,1,0
3R0WOCG22QPQI6IQPUT2VUW2K4IDU8,3UWN2HHPU3LMCPFTFLI60IMXN7YSNA,A1SX8IVV82M0LW,2022-02-11T13:24:34,FRIDAY,1644603874000,1644604046000,172.0,2.8666666666666667,153.958,0.0," GOOG analyst recommendation"," Economy &amp; Finance",null," clueweb09-en0001-78-21986",true,0.09350586," random-clueweb09-en0008-13-05976",false,-2.0," clueweb09-en0002-49-19685",false,0.09350586," nr-clueweb09-en0008-73-34311",false,-1.0," clueweb09-en0006-26-18720",false,0.09350586," clueweb09-en0002-62-04984",false,0.09350586," nr-clueweb09-en0001-18-31952",false,-1.0," clueweb09-en0011-40-19844",false,0.09350586," clueweb09-en0003-74-21056",false,0.09350586," clueweb09-en0001-37-33258",false,0.09350586," clueweb09-en0001-78-22243",false,0.09350586," clueweb09-en0003-74-20378",false,0.09350586," clueweb09-en0010-76-36043",false,0.09350586,1,0
3R0WOCG22QPQI6IQPUT2VUW2K4IDU8,33NF62TLXOIS5GB0VEHCGPE6XTHKJI,AQNCH42WD4ITI,2022-02-11T13:28:10,FRIDAY,1644604090000,1644604232000,142.0,2.3666666666666667,43.938,0.0," canada golf tournament"," Sports",null," random-clueweb09-en0003-33-30335",false,-2.0," clueweb09-en0007-24-04141",true,0.15112305," nr-clueweb09-en0007-66-43663",false,-1.0," nr-clueweb09-en0000-75-21829",false,-1.0," clueweb09-en0005-77-05982",true,0.15112305," clueweb09-en0005-77-05981",true,0.15112305," clueweb09-en0008-70-28183",false,0.15112305," clueweb09-en0006-43-02982",false,0.15112305," clueweb09-en0005-32-24415",false,0.15112305," clueweb09-en0005-57-17128",false,0.15112305," clueweb09-enwp00-37-21040",false,0.15112305," clueweb09-en0006-17-05303",false,0.15112305," clueweb09-enwp00-75-02882",true,0.15112305,4,0
3R0WOCG22QPQI6IQPUT2VUW2K4IDU8,3TY7ZAOG5K0L3AAE9676YKZAYKB0KR,A1VMPZVVVZUCS4,2022-02-11T13:25:16,FRIDAY,1644603916000,1644604461000,545.0,9.083333333333334,20.144,0.0," history of china tibet conflict"," Politics",null," clueweb09-en0008-55-27660",false,0.0769043," clueweb09-en0008-01-05460",false,0.08154297," clueweb09-en0003-33-23868",false,0.08154297," clueweb09-enwp00-07-03157",false,0.07434082," clueweb09-en0007-88-19865",false,0.08154297," clueweb09-enwp00-11-03026",true,0.07434082," nr-clueweb09-en0010-99-12653",false,-1.0," nr-clueweb09-en0004-37-02115",false,-1.0," clueweb09-en0006-77-45471",false,0.0947876," clueweb09-en0007-53-21712",false,0.0769043," clueweb09-en0005-29-34372",false,0.0769043," random-clueweb09-en0009-06-35915",false,-2.0," clueweb09-en0003-62-28673",false,0.08154297,1,0
3R0WOCG22QPQI6IQPUT2VUW2K4IDU8,3R8YZBNQ9MYLWO8T7ACC9LL655BQ7D,A2H1RXUC8XNNIW,2022-02-11T13:35:53,FRIDAY,1644604553000,1644604658000,105.0,1.75,21.222,0.0," food for saguis"," Pets",null," clueweb09-en0002-43-18669",true,0.09893799," nr-clueweb09-en0011-57-13961",false,-1.0," clueweb09-en0005-23-18953",false,0.09893799," nr-clueweb09-en0004-41-36649",false,-1.0," clueweb09-en0006-67-19913",false,0.09893799," clueweb09-en0004-06-09969",false,0.09893799," clueweb09-en0004-06-09971",false,0.09893799," clueweb09-en0005-33-15965",false,0.09893799," clueweb09-en0006-15-25019",false,0.09893799," clueweb09-en0006-15-25017",false,0.09893799," clueweb09-en0008-49-16548",false,0.09893799," random-clueweb09-enwp00-42-07293",false,-2.0," clueweb09-en0001-40-01238",false,0.09893799,1,0
3R0WOCG22QPQI6IQPUT2VUW2K4IDU8,3VFJCI1K44F41IYUDS56KO840UXGR8,A34O453D7VWWUK,2022-02-11T13:37:43,FRIDAY,1644604663000,1644604721000,58.0,0.9666666666666667,26.651,0.0," best new york barbecue"," Food &amp; Drink",null," clueweb09-en0007-70-02741",false,0.085998535," clueweb09-en0002-16-00569",true,0.085998535," clueweb09-en0004-00-16105",true,0.085998535," nr-clueweb09-en0004-24-36003",false,-1.0," clueweb09-en0010-38-04928",false,0.085998535," clueweb09-en0009-54-25996",false,0.085998535," clueweb09-en0005-11-38717",false,0.085998535," clueweb09-en0010-93-33173",false,0.085998535," clueweb09-en0007-96-14238",true,0.085998535," clueweb09-en0003-82-29353",false,0.085998535," clueweb09-en0003-92-09313",false,0.085998535," nr-clueweb09-en0011-26-11486",false,-1.0," random-clueweb09-en0006-35-27399",false,-2.0,3,0
3R0WOCG22QPQI6IQPUT2VUW2K4IDU8,3ZSY5X72N2RSTVFS1BIEPXH6RGQRO8,A2825I2XO6KZEP,2022-02-11T13:46:32,FRIDAY,1644605192000,1644605283000,91.0,1.5166666666666666,39.19,0.0," Barbecue"," Food &amp; Drink",null," clueweb09-en0004-93-09009",false,0.0859375," nr-clueweb09-en0004-56-10656",true,-1.0," clueweb09-en0000-95-14316",false,0.0859375," clueweb09-en0009-41-04869",false,0.0859375," clueweb09-en0004-16-34489",false,0.0859375," clueweb09-en0004-16-34490",false,0.0859375," nr-clueweb09-en0004-39-35646",false,5.549955," clueweb09-en0002-24-20983",false,0.0859375," clueweb09-en0000-19-06422",true,0.0859375," clueweb09-en0000-95-14256",false,0.0859375," random-clueweb09-en0008-31-37861",false,-2.0," clueweb09-en0000-54-09767",false,0.0859375," clueweb09-en0005-55-00115",true,0.0859375,2,1
3R0WOCG22QPQI6IQPUT2VUW2K4IDU8,3RXPCZQMQURG8DZDFYQREXQRWW6G1F,AEYZI1SFFJ172,2022-02-11T13:48:17,FRIDAY,1644605297000,1644605346000,49.0,0.8166666666666667,22.699,0.0," President Obama"," Politics",null," random-clueweb09-en0007-49-03198",true,-2.0," clueweb09-en0001-29-07309",true,0.09655762," clueweb09-en0000-10-20729",false,0.09655762," clueweb09-en0009-96-13092",true,0.09655762," clueweb09-en0003-65-11256",false,0.09655762," clueweb09-en0010-13-33588",false,0.09655762," clueweb09-en0005-94-05272",false,0.086120605," clueweb09-en0002-08-01745",false,0.09655762," clueweb09-en0000-55-02315",false,0.09655762," clueweb09-en0003-19-29738",true,0.09655762," clueweb09-en0004-49-01845",false,0.09655762," nr-clueweb09-en0000-88-22880",false,-1.0," nr-clueweb09-en0008-01-03771",false,-1.0,3,1
3R0WOCG22QPQI6IQPUT2VUW2K4IDU8,3JAOYWH7VNKEJAG9U2206VDIQPFL9Y,AKA8TN8H8DQ6T,2022-02-11T13:44:38,FRIDAY,1644605078000,1644605552000,474.0,7.9,28.669,0.0," keto diet"," Health &amp; Wellness",null," clueweb09-en0002-21-35486",true,0.087646484," clueweb09-en0009-15-32577",false,0.087646484," clueweb09-en0001-03-03650",true,0.087646484," random-clueweb09-en0007-09-17000",false,-2.0," clueweb09-en0005-33-25154",false,0.087646484," clueweb09-en0005-89-10460",false,0.087646484," nr-clueweb09-en0002-03-23602",false,-1.0," clueweb09-en0001-13-08206",false,0.105407715," clueweb09-en0003-35-21665",false,0.087646484," nr-clueweb09-en0010-96-02158",false,-1.0," clueweb09-en0000-93-15420",false,0.087646484," clueweb09-en0003-97-29190",true,0.087646484," clueweb09-en0009-15-32591",false,0.087646484,3,0
3R0WOCG22QPQI6IQPUT2VUW2K4IDU8,36DSNE9QZAEBV7WFT695N6VFHZ1OJI,A3AFLE1W4L89MH,2022-02-11T14:02:45,FRIDAY,1644606165000,1644606216000,51.0,0.85,14.479,0.0," best sushi restaurants"," Food &amp; Drink",null," clueweb09-en0001-38-15350",true,0.064941406," clueweb09-en0003-63-18424",false,0.064941406," clueweb09-en0010-69-30321",true,0.064941406," clueweb09-en0005-23-18143",false,0.064941406," clueweb09-en0000-49-08662",false,0.064941406," random-clueweb09-en0003-33-30335",false,-2.0," nr-clueweb09-en0004-95-09503",false,-1.0," nr-clueweb09-en0001-18-19139",false,-1.0," clueweb09-en0009-27-16864",false,0.064941406," clueweb09-en0011-76-25010",false,0.064941406," clueweb09-en0009-62-19456",true,0.064941406," clueweb09-en0004-48-28377",false,0.064941406," clueweb09-en0002-11-04558",false,0.064941406,3,0
