HITid,AssignmentId,WorkerId,Time,Minutes,Query,Description,Category,doc1id,doc1selected,doc2id,doc2selected,doc3id,doc3selected,doc4id,doc4selected,doc5id,doc5selected,doc6id,doc6selected,doc7id,doc7selected,doc8id,doc8selected,doc9id,doc9selected,doc10id,doc10selected,doc11id,doc11selected,doc12id,doc12selected,Num Relevant Selected,Num NR Selected
378G7J1SKPE82GLVGPJNJ0ZKUYAEWA,3UJ1CZ6IZM5IM09NBLMK61M9ECV5SO,A3T5UAYFKJBVTA,83.0,1.3833333333333333," Classroom management"," The search query intended to find documents about classroom management. Hopefully, techniques and advice for effectiveness."," Education"," nr-clueweb09-en0010-18-34168",false," clueweb09-en0002-15-21348",false," clueweb09-en0002-15-21344",true," clueweb09-en0001-93-11535",false," clueweb09-en0000-15-08428",false," clueweb09-en0004-90-08223",false," clueweb09-en0001-85-21603",false," clueweb09-en0002-05-33891",false," clueweb09-en0004-99-26675",true," clueweb09-en0005-10-32827",false," clueweb09-en0004-86-14563",true," nr-clueweb09-en0004-39-26663",false,3,0
378G7J1SKPE82GLVGPJNJ0ZKUYAEWA,34V1S5K3GXHW0PD27YWYHCVJIJJ69W,A3UWHJTAUTF6TO,121.0,2.0166666666666666," best soccer players"," i intend to find information on the most valuable soccer players at the time. information on the teams played and country would be useful."," Sports"," clueweb09-en0010-49-33147",false," clueweb09-en0001-49-23166",false," clueweb09-en0006-60-39145",false," clueweb09-en0010-64-15577",false," clueweb09-en0010-33-28977",true," nr-clueweb09-en0010-64-15682",true," clueweb09-en0006-35-31408",false," clueweb09-en0000-12-19001",false," clueweb09-en0009-42-21827",false," clueweb09-en0007-33-25823",false," clueweb09-en0006-60-39214",false," nr-clueweb09-en0010-64-15675",false,1,1
378G7J1SKPE82GLVGPJNJ0ZKUYAEWA,3P4RDNWNDAM1ZLLCVBW039ZRNFQIJX,A3BMEVFSETVOUR,328.0,5.466666666666667," 2009 movies"," I want to see what movies came out this year. Some rankings of the best movie by reviewer or box office would be nice too."," Entertainment"," clueweb09-en0007-63-33746",true," clueweb09-en0003-28-13034",false," clueweb09-en0002-98-25626",true," clueweb09-en0003-28-13040",false," nr-clueweb09-en0003-65-25560",false," clueweb09-en0004-77-04664",false," clueweb09-en0011-44-26525",false," clueweb09-en0002-98-25628",true," clueweb09-en0002-80-00696",false," clueweb09-en0001-08-27396",false," clueweb09-en0004-77-04662",false," nr-clueweb09-en0003-65-25537",false,3,0
378G7J1SKPE82GLVGPJNJ0ZKUYAEWA,3HPZF4IVNR90H7UBP11H2TGKNEHCYL,A2PD9SHVWNX7Q2,147.0,2.45," Youngstown State University courses"," To find all the causes offered by Youngstown State university that one can pursue."," Education"," clueweb09-en0006-60-12746",true," clueweb09-en0001-01-12341",true," clueweb09-en0006-60-12738",false," clueweb09-en0001-01-12333",false," nr-clueweb09-en0000-66-28379",false," clueweb09-en0001-75-02907",false," clueweb09-enwp02-02-00315",false," clueweb09-enwp03-48-01025",false," clueweb09-en0002-50-20529",false," clueweb09-en0000-80-35051",false," clueweb09-en0008-80-40613",false," nr-clueweb09-en0001-86-32194",false,2,0
378G7J1SKPE82GLVGPJNJ0ZKUYAEWA,3IAEQB9FMJ06XU5PAWE412DMX6TDWN,A1L1S0IAPZB4MO,87.0,1.45," eating healthy"," having more energy"," Health &amp; Wellness"," clueweb09-en0006-52-15133",true," clueweb09-en0005-33-29948",false," clueweb09-en0003-68-32432",false," nr-clueweb09-en0010-43-02857",false," clueweb09-en0007-90-34327",false," clueweb09-en0002-77-13065",false," clueweb09-en0004-05-35422",false," clueweb09-en0005-33-32555",false," clueweb09-en0008-27-05345",false," clueweb09-en0002-43-18673",false," clueweb09-en0002-67-15904",false," nr-clueweb09-en0005-43-19521",false,1,0
378G7J1SKPE82GLVGPJNJ0ZKUYAEWA,3S96KQ6I9RKE5D1VFR9TEI6NTCBDTX,A1KI7C9UTUBCAT,94.0,1.5666666666666667," baseball teams"," professional baseball teams"," Recreation"," clueweb09-en0000-76-22774",false," nr-clueweb09-en0010-47-26015",false," clueweb09-en0001-44-34761",true," clueweb09-en0001-44-15543",true," clueweb09-en0010-29-45885",true," clueweb09-en0007-62-21096",false," clueweb09-en0004-18-05178",true," clueweb09-en0004-91-32170",false," clueweb09-en0008-84-20248",true," clueweb09-en0010-22-30341",true," clueweb09-enwp01-27-03026",true," nr-clueweb09-en0010-47-26014",false,7,0
378G7J1SKPE82GLVGPJNJ0ZKUYAEWA,3DEL4X4ELB1OK556GXX4G61UOW4XY7,A28HWJIJNRZ157,319.0,5.316666666666666," what is the best weight for a healthy person"," To find everything about health versus weight."," Health &amp; Wellness"," clueweb09-en0005-33-33852",true," clueweb09-en0003-60-24027",false," clueweb09-en0005-49-01694",true," nr-clueweb09-en0002-27-24949",true," clueweb09-en0006-52-19241",true," clueweb09-en0011-91-00458",true," clueweb09-en0003-03-33872",true," clueweb09-en0003-03-33239",true," clueweb09-en0000-45-00257",true," clueweb09-en0001-84-30040",true," clueweb09-en0002-40-16460",true," nr-clueweb09-en0000-41-14669",false,9,1
378G7J1SKPE82GLVGPJNJ0ZKUYAEWA,3XLBSAQ9Z9SUAG9KU6VP0EX8SXUZ76,A2BVS5FSVXG48A,406.0,6.766666666666667," What is the best airline to use when travelling from Africa to France?"," The query tends to give  a clue on the best rated airline to use when flying out of Africa to Europe ,France"," Travel"," clueweb09-en0005-51-21461",true," clueweb09-en0009-85-33022",true," nr-clueweb09-en0005-51-20791",false," clueweb09-en0010-10-28978",true," clueweb09-en0005-51-21488",true," clueweb09-en0000-97-03291",true," clueweb09-en0002-27-08836",true," clueweb09-en0007-15-38962",true," clueweb09-en0005-00-12542",true," clueweb09-en0003-03-28666",true," clueweb09-en0005-94-24888",true," nr-clueweb09-en0005-51-20559",true,10,1
378G7J1SKPE82GLVGPJNJ0ZKUYAEWA,3OF2M9AATL4I5VG4D0KY4J2UYHUKZX,A9OOV3976AFYF,759.0,12.65," most competitive boxing matches"," I want to find out about the closest and most competitive boxing matches which had audiences on-edge"," Sports"," clueweb09-en0005-37-17119",false," clueweb09-en0005-37-17144",false," nr-clueweb09-en0010-72-07865",true," clueweb09-en0006-49-20910",false," clueweb09-en0007-90-25724",false," clueweb09-en0003-71-25221",false," clueweb09-en0003-71-25213",false," clueweb09-en0011-72-16688",false," clueweb09-en0002-06-02229",false," clueweb09-en0002-32-26976",false," clueweb09-en0007-90-25720",false," nr-clueweb09-en0006-49-20906",false,0,1
378G7J1SKPE82GLVGPJNJ0ZKUYAEWA,3Z4AIRP3CBTRUZU348QV2JQKHC2X1I,A3UP4PP3ZF1J39,401.0,6.683333333333334," how can I know when God speak to me as human being"," From my perspective spirituality is something that in ecclesiastical law belongs to the church or to a cleric as such. And this term developed and expanded over time, and various connotations can be found alongside each other. Traditionally, spirituality referred to a religious process of re-formation which "aims to recover the original shape of man"," Spirituality"," clueweb09-en0008-74-23260",true," clueweb09-en0004-40-05826",true," nr-clueweb09-en0007-26-15104",false," clueweb09-en0004-23-28452",false," clueweb09-en0010-44-03720",true," clueweb09-en0005-49-20840",false," clueweb09-en0007-03-12199",false," clueweb09-en0007-41-08416",false," clueweb09-en0000-16-04269",false," clueweb09-en0011-88-26841",false," clueweb09-en0011-94-20330",false," nr-clueweb09-en0006-35-19085",false,3,0
3OWZNK3RZP53FWKAS59LZB5YCF9U2P,3DR23U6WEAUJXJFVBMKDK0O8TO1ETG,ARQR5NIFA1AJ,105.0,1.75," denim jeans"," It would want to find denim jeans. Men denim athletic jeans with wide taper"," Shopping"," clueweb09-en0009-98-27022",false," clueweb09-en0005-11-26360",true," clueweb09-en0005-47-18107",false," clueweb09-en0002-32-17281",false," clueweb09-en0007-37-29073",true," clueweb09-en0000-78-04117",false," clueweb09-en0004-87-15291",true," nr-clueweb09-en0006-09-07313",false," clueweb09-en0002-88-33324",false," clueweb09-en0010-79-32951",false," clueweb09-en0006-09-14754",false," nr-clueweb09-en0007-00-40447",false,3,0
3OWZNK3RZP53FWKAS59LZB5YCF9U2P,3U5JL4WY5PP8MYRMRQ9X0HXNTVV4XJ,AOISRRTXB6VTA,103.0,1.7166666666666666," Fun crafts to do at home"," Descriptive documents with visuals that describe fun crafts to do at home"," Crafts &amp; Hobbies"," clueweb09-en0002-06-06109",true," nr-clueweb09-en0009-74-21574",false," clueweb09-en0005-47-22595",true," clueweb09-en0002-06-06121",true," clueweb09-en0011-36-41821",false," clueweb09-en0009-85-40466",true," clueweb09-en0002-95-10310",false," clueweb09-en0004-81-04491",false," clueweb09-en0004-81-04443",false," clueweb09-en0009-85-40482",true," clueweb09-en0001-35-28513",false," nr-clueweb09-en0002-06-06135",false,5,0
3OWZNK3RZP53FWKAS59LZB5YCF9U2P,3ZV9H2YQQIN8F23SH78SOTRA6T03WB,A26F3K30VFCT8C,118.0,1.9666666666666666," Yoga classes Hoboken"," This query is intending to find Yoga classes I can attend in Hoboken. Useful documents would have schedules, links to websites, or reviews of nearby Yoga studios."," Health &amp; Wellness"," nr-clueweb09-en0009-53-24528",false," clueweb09-en0008-60-14528",true," clueweb09-en0008-60-14526",true," clueweb09-en0001-25-28521",true," clueweb09-en0006-30-27819",true," clueweb09-en0006-30-27820",false," clueweb09-en0000-57-11441",true," clueweb09-en0007-31-14962",false," clueweb09-en0007-31-14974",false," clueweb09-en0002-65-21559",false," clueweb09-en0000-07-07847",false," nr-clueweb09-en0005-58-18753",false,5,0
3OWZNK3RZP53FWKAS59LZB5YCF9U2P,3A9AA95AT12L98TVJ4IQBWHYRSPP5T,A3UWHJTAUTF6TO,86.0,1.4333333333333333," best places to travel right now."," i intend to find the best places in the world to travel. ranked lists and reviews of specific places would be useful."," Travel"," clueweb09-en0005-73-21133",true," clueweb09-en0004-95-01941",false," nr-clueweb09-en0010-35-00239",false," clueweb09-en0004-95-02142",true," clueweb09-en0011-24-01258",true," clueweb09-en0000-93-21666",true," clueweb09-en0005-58-15364",false," clueweb09-en0005-73-20777",false," clueweb09-en0005-58-15341",false," clueweb09-en0002-82-12898",true," clueweb09-en0002-62-07701",false," nr-clueweb09-en0003-52-29725",true,5,1
3OWZNK3RZP53FWKAS59LZB5YCF9U2P,3LQ8PUHQFQ858FQM7BTFRWJCANMIHS,A3BMEVFSETVOUR,120.0,2.0," picasso paintings"," I want to see picasso paintings from his early years. I would compare those to his later works"," Arts"," clueweb09-enwp01-55-19379",true," clueweb09-en0010-36-02848",true," nr-clueweb09-en0005-25-35514",false," clueweb09-en0011-85-04919",false," clueweb09-en0011-85-04669",false," clueweb09-enwp01-48-19559",true," clueweb09-en0004-31-34881",true," clueweb09-en0005-63-13916",true," clueweb09-en0001-87-14565",true," clueweb09-en0001-87-01392",false," clueweb09-en0005-25-35501",false," nr-clueweb09-en0005-25-35513",false,6,0
3OWZNK3RZP53FWKAS59LZB5YCF9U2P,3TEM0PF1QADDP444HPLJU74IW1DD0K,A2BABL5AHUOYC7,353.0,5.883333333333334," Family relationships"," the most important part of this query"," Relationships"," clueweb09-en0002-77-28748",true," clueweb09-en0002-77-28772",false," clueweb09-en0002-92-08554",false," clueweb09-en0003-77-30392",true," clueweb09-en0008-83-28945",true," clueweb09-en0009-48-36750",false," clueweb09-en0009-48-36751",false," clueweb09-en0007-03-38258",true," nr-clueweb09-en0009-44-12289",false," clueweb09-en0007-03-38248",true," clueweb09-en0007-15-11744",false," nr-clueweb09-en0009-48-36706",true,5,1
3OWZNK3RZP53FWKAS59LZB5YCF9U2P,3FFJ6VRIL64UXFKQ93MUL4KVO6LI0R,A2BVS5FSVXG48A,176.0,2.933333333333333," what is the best NBA team?"," the query intends to discover the best NBA team with more fans"," Sports"," clueweb09-en0003-93-03211",true," clueweb09-en0002-66-12387",true," clueweb09-en0001-11-35049",false," clueweb09-en0000-98-13478",true," clueweb09-en0007-73-00175",true," clueweb09-en0008-16-16995",true," clueweb09-en0001-06-05554",true," clueweb09-en0003-86-30137",true," clueweb09-en0009-38-16953",true," nr-clueweb09-en0004-08-20886",true," clueweb09-en0002-83-21806",true," nr-clueweb09-en0011-98-19527",true,9,2
3OWZNK3RZP53FWKAS59LZB5YCF9U2P,3G5W44VEUCYIEELZN8W9JCMONR0GK4,A1L1S0IAPZB4MO,123.0,2.05," how to make meatballs"," recipes and tips"," Food &amp; Drink"," clueweb09-en0010-96-03588",false," clueweb09-en0007-58-03393",false," clueweb09-en0003-22-32494",true," clueweb09-en0007-58-01692",false," clueweb09-en0002-53-27234",false," clueweb09-en0007-95-14144",false," clueweb09-en0002-62-08598",false," clueweb09-en0008-21-32819",false," clueweb09-en0007-33-33088",false," nr-clueweb09-en0011-06-26790",false," clueweb09-en0008-52-42143",false," nr-clueweb09-en0011-06-26781",false,1,0
3OWZNK3RZP53FWKAS59LZB5YCF9U2P,3B2X28YI31VFOISZ5IAU8IQ96JOB6D,A2PD9SHVWNX7Q2,153.0,2.55," How to lose weight"," To find all the relevant information of what you can do to lose weight."," Health &amp; Wellness"," nr-clueweb09-en0003-03-33877",true," clueweb09-en0011-42-06049",true," clueweb09-en0005-33-33856",false," clueweb09-en0003-46-20196",true," clueweb09-en0001-55-25607",true," clueweb09-en0002-60-14921",false," clueweb09-en0008-49-25010",false," clueweb09-en0002-60-14920",false," clueweb09-en0005-23-08479",false," clueweb09-en0001-44-46791",false," clueweb09-en0009-45-26048",false," nr-clueweb09-en0003-03-33511",false,3,1
3OWZNK3RZP53FWKAS59LZB5YCF9U2P,3E1QT0TDFUPCF4PT47Z9EJQD74YI8F,A9OOV3976AFYF,634.0,10.566666666666666," Economic policy on taxes"," I would like to find new federal mandates regarding citizen taxes"," Politics"," clueweb09-en0002-76-08723",false," clueweb09-en0000-12-30448",false," clueweb09-en0004-20-28935",true," clueweb09-en0003-77-22469",false," clueweb09-en0003-79-28857",true," clueweb09-en0009-88-07314",true," clueweb09-en0009-56-01127",false," clueweb09-en0003-26-14406",false," clueweb09-en0003-26-14405",false," nr-clueweb09-en0002-88-25043",false," clueweb09-en0009-47-20171",false," nr-clueweb09-en0006-86-29522",false,3,0
34ZTTGSNK14F2TGBUHSNCEEBYDLHQP,3PS7W85Z84I22NOE3B4RSMNX2RP9T5,AT6LDQNLKTUSE,1126.0,18.766666666666666," How do I get a passport?"," A passport is essential for any international travel. I want to find out how to get one so I can travel outside my country."," Travel"," nr-clueweb09-en0008-27-15773",false," clueweb09-en0007-83-03874",false," clueweb09-en0003-69-14211",false," clueweb09-en0011-57-24002",true," clueweb09-en0005-94-03396",false," clueweb09-en0010-34-10788",true," clueweb09-en0004-17-04144",false," clueweb09-en0009-21-21841",false," clueweb09-en0003-22-32663",false," clueweb09-en0001-01-13289",false," clueweb09-en0011-46-29153",true," nr-clueweb09-en0009-20-09392",false,3,0
34ZTTGSNK14F2TGBUHSNCEEBYDLHQP,326O153BMNECGUJYPWKYFW6MQ2LDE4,A3T5UAYFKJBVTA,48.0,0.8," business analytics"," I intend to find an array of results surrounding business analytics and information technology."," Technology"," clueweb09-en0008-56-41342",false," nr-clueweb09-en0006-74-00720",false," clueweb09-en0008-56-41341",false," clueweb09-en0011-77-32326",false," clueweb09-enwp00-29-17994",false," clueweb09-enwp00-57-13086",false," clueweb09-en0000-70-21370",false," clueweb09-en0007-23-35769",false," clueweb09-en0011-77-32144",false," clueweb09-en0011-16-21168",false," clueweb09-en0005-89-05335",false," nr-clueweb09-en0010-75-20048",false,0,0
34ZTTGSNK14F2TGBUHSNCEEBYDLHQP,3U4J9857OJRYSI64OSFMEWQ51U5B79,AXXWTCAPW93Y3,78.0,1.3," cat losing voice"," I'd be looking for a page describing the symptom I searched for that lists possible causes, and advice about what to do to remedy the problem."," Pets"," clueweb09-enwp00-80-19027",false," clueweb09-en0002-38-25323",false," clueweb09-en0001-49-20363",false," clueweb09-en0005-10-30404",false," clueweb09-en0004-74-23154",false," clueweb09-en0004-83-00407",false," clueweb09-en0002-72-17338",false," clueweb09-en0001-49-19730",false," clueweb09-en0001-54-14630",false," nr-clueweb09-en0008-44-34386",false," clueweb09-en0004-18-30674",false," nr-clueweb09-en0001-93-23127",false,0,0
34ZTTGSNK14F2TGBUHSNCEEBYDLHQP,3TAYZSBPLQOQN3Q0T2KM8UJXU262SM,A3BMEVFSETVOUR,64.0,1.0666666666666667," rams score"," I want to find the St. Louis Rams scores for the 2009 season. Maybe some stats would be good too."," Sports"," clueweb09-en0011-36-01953",false," clueweb09-en0010-68-17274",false," nr-clueweb09-en0006-81-22119",false," clueweb09-en0002-61-23405",false," clueweb09-en0011-87-27159",false," clueweb09-en0005-47-04228",true," clueweb09-en0004-95-13318",false," clueweb09-en0005-70-22992",false," clueweb09-en0003-33-18978",false," clueweb09-en0000-51-10787",false," clueweb09-en0006-16-26245",false," nr-clueweb09-en0007-62-09031",false,1,0
34ZTTGSNK14F2TGBUHSNCEEBYDLHQP,3GNCZX450N3IFE5CE097J7XKJ6RPA0,A3UWHJTAUTF6TO,194.0,3.2333333333333334," chanel fashion show"," i intend to find the latest chanel fashion show information. videos would be especially useful."," Style"," clueweb09-en0011-55-10350",true," clueweb09-en0010-47-39544",false," clueweb09-en0011-38-01488",true," clueweb09-en0000-23-28734",false," clueweb09-en0006-30-32203",true," clueweb09-en0008-69-29086",true," clueweb09-en0002-94-16346",false," clueweb09-en0001-02-16082",false," clueweb09-en0006-69-16334",false," nr-clueweb09-en0011-67-25250",false," clueweb09-en0002-94-16338",false," nr-clueweb09-en0004-37-23712",false,4,0
34ZTTGSNK14F2TGBUHSNCEEBYDLHQP,3WETL7AQWYOE2JO8L6LJYTEXMWY53Y,A249LDVPG27XCE,558.0,9.3," requirements for California teaching certificate"," What is required to get a teaching job in California. The document would be from or refer to some official state website or department. The document would list the requirements or where to start meeting them. The document could possibly suggest exemptions or exceptions to the rule."," Education"," nr-clueweb09-en0009-22-20207",false," clueweb09-en0009-22-20003",false," clueweb09-en0006-51-19358",true," clueweb09-en0006-01-12701",true," clueweb09-en0011-20-24719",false," clueweb09-enwp00-53-05342",false," clueweb09-en0004-17-22329",false," clueweb09-en0000-19-29740",false," clueweb09-en0011-89-17575",false," clueweb09-en0008-57-09664",true," clueweb09-en0007-09-02846",false," nr-clueweb09-en0006-91-16501",false,3,0
34ZTTGSNK14F2TGBUHSNCEEBYDLHQP,3YWRV122CXFHOVKTYOONXMEO1ZJU8X,A3T9K2RY06UO14,180.0,3.0," bardo afterlife rebirth"," what is bardo? why is it important in religion? is it a good thing or bad? I heard the word and wanted to understand its connotations."," Spirituality"," clueweb09-en0010-54-34854",true," clueweb09-en0002-14-23750",true," clueweb09-en0001-14-33364",true," clueweb09-en0005-05-39506",true," clueweb09-en0009-77-38087",true," nr-clueweb09-en0007-75-12806",false," clueweb09-en0010-68-24424",true," clueweb09-en0011-74-27925",true," clueweb09-en0009-77-27003",true," clueweb09-en0006-52-18595",true," clueweb09-en0010-54-34851",true," nr-clueweb09-en0005-11-02005",false,10,0
34ZTTGSNK14F2TGBUHSNCEEBYDLHQP,3BWI6RSP7LPWZLIOYJHCF4WQ4RKE7E,A2PD9SHVWNX7Q2,149.0,2.4833333333333334," Places to visit in Dubai"," To view various tourist beautiful sceneries you can visit in Dubai."," Travel"," clueweb09-en0008-84-07191",true," clueweb09-en0006-51-08615",true," clueweb09-en0011-52-10952",true," clueweb09-en0005-23-13766",false," nr-clueweb09-en0004-95-01206",false," clueweb09-en0004-35-05348",false," clueweb09-en0007-50-24555",false," clueweb09-en0007-50-24593",false," clueweb09-en0006-12-19707",false," clueweb09-en0001-74-13075",false," clueweb09-en0001-30-11039",false," nr-clueweb09-en0006-95-36333",false,3,0
34ZTTGSNK14F2TGBUHSNCEEBYDLHQP,358UUM7WR4JL8PNTKP1CEBV9JGAR74,A2BVS5FSVXG48A,120.0,2.0," when was coke invented?"," period when coke first hit the world market"," Food &amp; Drink"," clueweb09-en0008-20-34333",true," clueweb09-en0000-25-22266",true," clueweb09-en0001-39-30544",false," clueweb09-en0001-36-26670",true," clueweb09-en0001-02-14336",true," nr-clueweb09-en0006-35-19269",false," clueweb09-en0001-13-21401",false," clueweb09-en0002-59-24171",true," clueweb09-enwp01-41-17248",true," clueweb09-enwp01-36-18748",false," clueweb09-en0000-77-14745",true," nr-clueweb09-en0000-72-04597",true,7,1
34ZTTGSNK14F2TGBUHSNCEEBYDLHQP,304SM51WA8KKBGQWCVDX9NM1O8KBSY,A1EM0NU4IIOSNL,491.0,8.183333333333334," Pets store near me"," Local and nearby pet stores where I could buy a dog"," Pets"," clueweb09-en0002-14-23397",false," clueweb09-en0002-14-22991",false," clueweb09-en0011-68-32510",false," clueweb09-en0002-07-17992",false," clueweb09-en0000-26-05145",false," clueweb09-en0000-68-29406",false," clueweb09-en0008-98-20333",false," clueweb09-en0006-94-28240",false," clueweb09-en0002-52-05851",false," nr-clueweb09-en0011-39-25214",true," clueweb09-en0011-40-16381",false," nr-clueweb09-en0011-39-25208",true,0,2
3FSEU3P2OVGS3O9E31THV8QMH8LRRX,308Q0PEVBDTCT9839Z5NEFLORA59IK,ARG392N6HWZCJ,69.0,1.15," Democrat party in the south"," I want to find out about democrat politics in the south.  I want to learn about how to revive it."," Politics"," clueweb09-enwp02-20-15726",false," nr-clueweb09-enwp01-64-18484",false," clueweb09-enwp01-80-16844",false," clueweb09-en0004-26-24041",true," clueweb09-en0008-87-16548",false," clueweb09-en0004-25-03529",false," clueweb09-en0004-20-00095",false," nr-clueweb09-enwp00-33-13517",false,null,false,null,false,null,false,null,false,1,0
3FSEU3P2OVGS3O9E31THV8QMH8LRRX,3PM8NZGV83WFB3EKPNGA3KYSPNKXQ1,A3UWHJTAUTF6TO,116.0,1.9333333333333333," modern home interior design"," I intend to find modern room designs. Pictures or layouts of modern design rooms would be useful."," Home"," clueweb09-en0004-12-24978",false," clueweb09-en0000-02-13271",true," nr-clueweb09-en0006-52-16589",true," clueweb09-en0000-02-13186",true," clueweb09-en0000-51-10134",true," clueweb09-en0000-99-00033",true," clueweb09-en0000-51-10324",true," clueweb09-en0010-24-33948",true," clueweb09-en0000-99-00041",true," clueweb09-en0009-01-08169",true," clueweb09-en0010-24-33962",true," nr-clueweb09-en0000-51-10077",true,9,2
3FSEU3P2OVGS3O9E31THV8QMH8LRRX,3907X2AHF5LTABA81LGSDPEM7IZ2P6,A26F3K30VFCT8C,117.0,1.95," Cheap Bucket Hats"," This query is intended to help the user find bucket hats at discounted price. Useful documents would include links to a website where the user car browse and or buy bucket hats."," Shopping"," clueweb09-en0002-68-16566",false," clueweb09-en0009-29-37932",false," clueweb09-en0001-99-24285",true," clueweb09-en0002-09-06259",false," nr-clueweb09-en0004-97-18950",true," clueweb09-en0007-13-30414",false," clueweb09-en0005-81-03411",false," clueweb09-en0007-18-09727",false," clueweb09-en0008-12-25436",false," clueweb09-en0004-46-17707",false," clueweb09-en0000-04-07252",false," nr-clueweb09-en0011-28-22169",false,1,1
3FSEU3P2OVGS3O9E31THV8QMH8LRRX,3IUZPWIU1TNEB0BZ2D0R5F8CHFOKW5,A3BMEVFSETVOUR,355.0,5.916666666666667," french bulldog supplements"," I want to see if my frenchie needs hip supplements. I want to know what is good for him to take"," Pets"," clueweb09-en0005-28-10995",true," clueweb09-en0001-95-25077",true," clueweb09-en0007-63-14654",true," clueweb09-en0003-62-14394",false," clueweb09-en0011-48-08048",false," clueweb09-en0002-90-06714",false," clueweb09-en0007-69-34898",true," clueweb09-en0001-48-16321",true," clueweb09-en0007-76-23044",true," nr-clueweb09-en0003-62-14368",false," clueweb09-en0007-24-24133",false," nr-clueweb09-en0001-18-23533",false,6,0
3FSEU3P2OVGS3O9E31THV8QMH8LRRX,3EA3QWIZ4NBVDOHH75A45FM0LHJIT4,A9HIMVROPHE3P,178.0,2.966666666666667," Best places to visit in Berlin"," Best spots to visit in the city of Berlin, such as, parks, restaurants, museums, and historical sites. Recommended hotels or lodging in the area. Recommended transportation around Berlin."," Travel"," clueweb09-en0003-10-24128",false," clueweb09-en0006-70-20293",false," clueweb09-en0004-47-05470",true," clueweb09-en0004-42-39736",true," clueweb09-en0000-18-05522",false," clueweb09-en0010-13-19410",true," nr-clueweb09-en0005-63-33615",false," clueweb09-en0009-85-03942",false," clueweb09-en0000-73-10094",false," clueweb09-en0002-19-32127",true," clueweb09-en0002-48-08145",false," nr-clueweb09-en0007-97-21892",false,4,0
3FSEU3P2OVGS3O9E31THV8QMH8LRRX,3A9AA95AT12L98TVJ4IQBWHYRSS5PC,A2BVS5FSVXG48A,181.0,3.0166666666666666," what is the biggest store in Charlotte NC?"," This query strives to give travelers a clue on where they can do their shopping while in Charlotte, NC."," Shopping"," nr-clueweb09-en0000-68-29860",true," clueweb09-en0005-01-29189",true," clueweb09-en0000-88-00030",true," clueweb09-en0004-56-28633",true," clueweb09-en0005-49-41111",true," clueweb09-en0004-12-16967",true," clueweb09-en0000-68-29187",true," clueweb09-en0000-68-29703",true," clueweb09-en0006-63-33223",true," clueweb09-en0005-76-18578",true," clueweb09-en0009-16-17472",true," nr-clueweb09-en0000-68-29851",true,10,2
3FSEU3P2OVGS3O9E31THV8QMH8LRRX,3A7Y0R2P2T4YPGA7UXW16JM6BSVJXZ,A1NCWY01WAAP2K,488.0,8.133333333333333," streaming media"," For several years I have been interested in the idea of providing multimedia content to consumers over the internet. I would like to see the "state of the art" at that time. I am primarily concerned with the technical obstacles to delivery of voice and video through the internet. With that information I will be able to see how problems were solved and how new problems were identified."," Technology"," clueweb09-en0011-43-15537",false," clueweb09-en0000-40-08719",true," nr-clueweb09-en0002-14-01919",false," clueweb09-en0004-17-14675",false," clueweb09-en0008-84-33748",false," clueweb09-en0007-22-05420",false," clueweb09-enwp01-25-16823",false," clueweb09-en0008-01-01452",true," clueweb09-en0001-06-27880",true," clueweb09-en0006-23-06102",false," clueweb09-enwp01-89-05959",false," nr-clueweb09-en0001-29-18598",false,3,0
3FSEU3P2OVGS3O9E31THV8QMH8LRRX,3RKNTXVS3REWQLJTGGHJG9MPSAXA4W,A9OOV3976AFYF,499.0,8.316666666666666," most nutritious dog food"," I would like to find a comparison of dog food products in terms of nutrition."," Pets"," clueweb09-en0011-00-17337",false," clueweb09-en0006-04-20167",true," clueweb09-en0006-52-17139",true," nr-clueweb09-en0004-05-34151",true," clueweb09-en0004-62-22745",true," clueweb09-en0005-55-18717",false," clueweb09-en0005-27-35796",false," clueweb09-en0010-43-24848",true," clueweb09-en0006-04-20077",false," clueweb09-en0006-04-20054",false," clueweb09-en0005-27-35769",false," nr-clueweb09-en0008-67-12469",false,4,1
3FSEU3P2OVGS3O9E31THV8QMH8LRRX,3UN61F00H156LL9AWWMFGRHDSAG5R4,A19FEZUCRLSLSX,416.0,6.933333333333334," US Economy"," Why is US economy biggest in the world. How much has the economy grown over the years. What is US GDP growth rate? How much debt is on an average American citizen."," Economy &amp; Finance"," clueweb09-en0003-89-27629",true," clueweb09-en0004-89-00091",true," clueweb09-en0007-94-26995",false," clueweb09-en0007-94-27000",false," clueweb09-en0006-52-22791",false," clueweb09-en0006-60-36683",false," clueweb09-en0005-23-10138",false," clueweb09-en0002-10-02630",false," clueweb09-en0009-78-18049",false," nr-clueweb09-en0006-60-07225",false," clueweb09-en0008-25-07912",false," nr-clueweb09-en0007-94-26997",false,2,0
3FSEU3P2OVGS3O9E31THV8QMH8LRRX,3YZ8UPK3VY2J0YA6F04SZ8A7RRBCUU,A1L1S0IAPZB4MO,120.0,2.0," who won the golden globe awards?"," See red carpet looks and who won best picture"," Entertainment"," nr-clueweb09-en0008-03-02255",false," clueweb09-en0001-07-13249",false," clueweb09-en0000-00-20929",false," clueweb09-en0004-08-13538",false," clueweb09-en0000-14-12394",true," clueweb09-en0003-16-11209",false," clueweb09-en0003-16-11212",false," clueweb09-en0001-49-09973",false," clueweb09-en0000-13-18876",false," clueweb09-en0007-72-12290",false," clueweb09-en0007-50-35529",false," nr-clueweb09-en0003-06-25776",false,1,0
38RHULDVA2VKILNHC89E4FXCMRHWI1,33JKGHPFYHAJEU2OVOMKO9NPD88NMF,A23G0PXK4HL0C3,56.0,0.9333333333333333," How to make a Manhattan"," A recipe for classic variations of the Manhattan"," Food &amp; Drink"," clueweb09-en0009-18-08416",false," clueweb09-en0001-10-04314",false," clueweb09-en0005-63-13982",false," clueweb09-en0008-91-42671",false," clueweb09-en0008-18-18132",false," clueweb09-en0008-87-39232",false," clueweb09-en0007-44-06005",false," nr-clueweb09-en0005-32-27342",false," clueweb09-en0010-96-05956",false," clueweb09-en0002-15-18737",false," clueweb09-en0005-84-20454",false," nr-clueweb09-en0005-59-37122",false,0,0
38RHULDVA2VKILNHC89E4FXCMRHWI1,373ERPL3YTO86NK0XS4DJ7NR8DVRTA,A3HFMV7EIP4305,776.0,12.933333333333334," Where are the best places to shop for kids."," This would help me find the best places to get gifts for my friend's kids as well as my future kids. This could also be good to give as a recommendation for family members kids'."," Shopping"," clueweb09-en0002-32-24414",false," clueweb09-en0001-59-17388",true," clueweb09-en0003-35-01434",false," clueweb09-en0001-12-16317",false," clueweb09-en0004-95-02080",false," clueweb09-en0004-95-02018",false," clueweb09-en0001-68-25080",false," nr-clueweb09-en0010-35-00345",true," clueweb09-en0002-52-28498",false," clueweb09-en0005-33-29671",false," clueweb09-en0004-85-28175",true," nr-clueweb09-en0010-30-19486",false,2,1
38RHULDVA2VKILNHC89E4FXCMRHWI1,3LEP4MGT3LGE9R7EF5I8EO01N58BD2,A3T5UAYFKJBVTA,57.0,0.95," home decoration"," I intent to find home decoration websites, service, or advice."," Home"," clueweb09-en0003-64-28025",false," clueweb09-en0000-25-21829",false," clueweb09-en0003-41-27177",false," clueweb09-en0000-78-25250",false," clueweb09-en0004-21-11360",true," clueweb09-en0000-36-29340",false," clueweb09-en0002-89-11982",false," clueweb09-en0001-41-23777",true," clueweb09-en0006-97-30981",true," nr-clueweb09-en0006-79-36572",false," clueweb09-en0002-91-02798",false," nr-clueweb09-en0006-79-36571",false,3,0
38RHULDVA2VKILNHC89E4FXCMRHWI1,3PJ71Z61R9I1T3C51SKHMG42A82910,A26F3K30VFCT8C,170.0,2.8333333333333335," How to obtain valuable Pokemon cards"," This query is intended to help the user find valuable Pokemon cards. Useful documents might be links to Pokemon cards for sale, or websites with information on where you can buy Pokemon cards."," Crafts &amp; Hobbies"," clueweb09-en0004-51-37194",false," clueweb09-en0010-76-05483",true," clueweb09-en0010-76-05432",true," clueweb09-en0003-47-18147",false," clueweb09-en0011-64-03645",true," clueweb09-en0006-01-31712",true," clueweb09-en0003-52-02251",true," nr-clueweb09-en0010-39-25761",true," clueweb09-en0004-03-37532",true," clueweb09-en0011-10-03067",true," clueweb09-en0002-37-27334",true," nr-clueweb09-en0004-03-37543",true,8,2
38RHULDVA2VKILNHC89E4FXCMRHWI1,32N49TQG3LYVKY280CI6PZM25USAV6,A3BMEVFSETVOUR,159.0,2.65," new snacks 2009"," I would want to see new snacks. Like maybe new cereals or candy flavors."," Food &amp; Drink"," clueweb09-en0001-96-33761",false," clueweb09-en0010-82-24274",false," clueweb09-en0006-66-30070",false," clueweb09-en0002-79-00070",false," clueweb09-en0011-41-28049",false," nr-clueweb09-en0008-62-02505",false," clueweb09-en0005-13-20810",false," clueweb09-en0008-90-33230",false," clueweb09-en0010-82-24275",false," clueweb09-en0008-80-11207",true," clueweb09-en0002-78-21689",false," nr-clueweb09-en0011-15-29220",false,1,0
38RHULDVA2VKILNHC89E4FXCMRHWI1,37Q970SNZJOJYI84AYK83B9S2WT1S5,A2PD9SHVWNX7Q2,271.0,4.516666666666667," Donald trump"," I intended to know more about the latest news of of Donald Trump"," Politics"," nr-clueweb09-en0011-48-08287",false," clueweb09-en0009-23-17041",false," clueweb09-en0000-69-19105",false," clueweb09-en0011-64-06866",false," clueweb09-en0009-60-32642",false," clueweb09-en0009-44-34195",true," clueweb09-en0010-08-20284",false," clueweb09-en0009-85-40830",false," clueweb09-en0011-64-06819",false," clueweb09-en0009-23-17039",false," clueweb09-en0005-23-12149",false," nr-clueweb09-en0000-91-24128",false,1,0
38RHULDVA2VKILNHC89E4FXCMRHWI1,3NGI5ARFTYLMLQSCIHGE864HFCM1PP,A2WGW5Y3ZFBDEC,335.0,5.583333333333333," best japanese restaurants Tucson, AZ"," It should find listings on review sites of highly rated Japanese restaurants within 20 miles of Tucson, AZ (or whatever my current location is). It could also return the websites of restaurants, presuming there's also some third party site that recommends them. It could be any kind of Japanese restaurant, sushi, Beni-hana type grilled fare, or even a soup/noodle place."," Food &amp; Drink"," clueweb09-en0001-69-04689",false," clueweb09-en0008-26-20355",true," clueweb09-en0002-84-00355",false," clueweb09-en0008-34-14371",false," nr-clueweb09-en0000-21-16332",false," clueweb09-en0004-66-01971",false," clueweb09-en0011-52-16889",false," clueweb09-en0004-66-01970",false," clueweb09-en0002-84-00380",true," clueweb09-en0010-37-13431",false," clueweb09-en0009-16-15630",true," nr-clueweb09-en0000-84-12330",false,3,0
38RHULDVA2VKILNHC89E4FXCMRHWI1,30X31N5D686FS6L46HD1EC2V6QYSAJ,A3UWHJTAUTF6TO,199.0,3.316666666666667," best works of picasso."," i intend to find information on picasso's greatest works. explanation on why it is a great work would be useful."," Arts"," nr-clueweb09-enwp03-14-05240",false," clueweb09-en0005-64-11154",false," clueweb09-en0003-27-06935",false," clueweb09-en0004-60-03248",true," clueweb09-en0005-63-13916",true," clueweb09-en0010-81-09599",true," clueweb09-en0008-85-29955",false," clueweb09-en0007-69-17400",true," clueweb09-en0010-31-34906",false," clueweb09-en0011-25-32837",false," clueweb09-en0005-88-04733",false," nr-clueweb09-enwp01-53-19814",false,4,0
38RHULDVA2VKILNHC89E4FXCMRHWI1,3TESA3PJ36QDWCHOJN7KBUYP8I6MMM,A2VQ2M0S1NATGC,424.0,7.066666666666666," augmented reality movie"," Movies with 3d, 4d and advanced reality features are most express to entertain."," Entertainment"," clueweb09-en0000-03-02599",true," clueweb09-en0000-03-02622",false," clueweb09-en0011-30-39309",false," clueweb09-enwp01-89-07511",true," nr-clueweb09-en0010-39-25646",false," clueweb09-en0006-84-40269",false," clueweb09-en0002-86-04905",false," clueweb09-en0004-79-00588",false," clueweb09-en0011-33-12545",false," clueweb09-en0002-30-10219",true," clueweb09-en0001-94-25407",false," nr-clueweb09-en0002-40-26287",false,3,0
38RHULDVA2VKILNHC89E4FXCMRHWI1,3I02618YA5M2UNJAK5QYJ89EQANPUI,A2GIT09BQEUM9M,126.0,2.1," homemade biscuits and gravy"," how to make home made biscuits and gravy, what ingredients to use, little tricks to make the best ones."," Food &amp; Drink"," clueweb09-en0005-19-28832",false," nr-clueweb09-en0004-05-30914",false," clueweb09-en0003-89-08407",true," clueweb09-en0000-27-00847",false," clueweb09-en0007-33-32524",true," clueweb09-en0007-33-31840",true," clueweb09-en0004-87-30530",false," clueweb09-en0006-29-05374",false," clueweb09-en0005-32-31801",false," clueweb09-en0004-67-12404",false," clueweb09-en0008-52-19895",true," nr-clueweb09-en0001-99-04179",false,4,0
3DQYSJDTZPRNRGQLQUF9LJDR30GEX3,3OF2M9AATL4I5VG4D0KY4J2UYHIZK0,A3TPW4JUUJDUFI,255.0,4.25," about fitness"," To know about fitness"," Health &amp; Wellness"," clueweb09-en0001-02-17338",false," clueweb09-en0001-88-09084",true," nr-clueweb09-en0004-75-03496",false," clueweb09-en0001-88-09088",false," clueweb09-en0005-15-20696",false," clueweb09-en0005-07-19188",false," clueweb09-en0001-02-17271",false," clueweb09-en0005-07-19194",false," clueweb09-en0008-18-22885",false," clueweb09-en0005-94-25485",false," clueweb09-en0005-27-36518",false," nr-clueweb09-en0005-99-24411",false,1,0
3DQYSJDTZPRNRGQLQUF9LJDR30GEX3,3KJYX6QCMER6LR5CUIVJIYPLVHDJVM,A3EO5H2EI4G4TC,885.0,14.75," simple crafts method"," how can i craft  to decorate my house"," Crafts &amp; Hobbies"," clueweb09-en0010-28-31590",false," nr-clueweb09-en0010-81-00171",true," clueweb09-en0006-58-13310",false," clueweb09-en0010-61-12410",false," clueweb09-en0001-54-05311",false," clueweb09-en0005-33-22468",false," clueweb09-en0006-50-25804",false," clueweb09-en0006-81-31318",false," clueweb09-en0008-32-19480",false," clueweb09-en0010-49-15288",false," clueweb09-en0001-66-19139",true," nr-clueweb09-en0004-81-04482",false,1,1
3DQYSJDTZPRNRGQLQUF9LJDR30GEX3,3HUTX6F6VZ3BPBY7ML3DOP9WXDW2OI,A23G0PXK4HL0C3,140.0,2.3333333333333335," What plants are toxic for cats and dogs"," I intend to find a list of plant species that are clinically proven to be dangerous for cats and dogs to ingest"," Pets"," nr-clueweb09-en0001-11-10175",false," clueweb09-en0000-38-07245",true," clueweb09-en0000-47-08701",true," clueweb09-en0003-79-31421",true," clueweb09-en0010-91-05608",false," clueweb09-en0002-33-27742",false," clueweb09-en0003-39-00448",false," clueweb09-en0002-22-18369",true," clueweb09-en0009-37-09368",false," clueweb09-en0007-81-35560",false," clueweb09-en0007-20-01125",true," nr-clueweb09-en0007-98-27153",false,5,0
3DQYSJDTZPRNRGQLQUF9LJDR30GEX3,3DEL4X4ELB1OK556GXX4G61UOWXXY0,A23NL8JRP9Q0U5,478.0,7.966666666666667," home remedies for a constipated cat"," Actual safe remedies that I could administer myself, and not tell me to seek an appointment with a veterinarian. Something I could buy over the counter. Dosage according to cats weight. Possible side effects."," Pets"," clueweb09-en0009-15-09280",false," clueweb09-en0008-59-18569",false," clueweb09-en0009-65-36473",false," clueweb09-en0004-57-18292",false," clueweb09-en0009-54-08061",false," clueweb09-en0005-77-23928",false," clueweb09-en0005-98-18549",false," clueweb09-en0004-11-24059",true," nr-clueweb09-en0007-47-03688",false," clueweb09-en0007-32-27040",false," clueweb09-en0010-38-06256",false," nr-clueweb09-en0007-47-03651",false,1,0
3DQYSJDTZPRNRGQLQUF9LJDR30GEX3,39OWYR0EPP77KJELG3RIAZ1NKR4FYU,A26F3K30VFCT8C,145.0,2.4166666666666665," Jonas Brothers best hits"," This query is intending to find all of the Jonas Brothers top songs. A relevant document might include articles about the Jonas Brothers and their top songs, or Billboard chart data, or links to download their music."," Entertainment"," clueweb09-en0011-38-04087",true," clueweb09-en0010-96-24579",true," clueweb09-en0007-07-35618",false," clueweb09-enwp00-94-16222",true," nr-clueweb09-enwp01-14-01571",true," clueweb09-en0007-07-36538",true," clueweb09-en0000-74-11442",true," clueweb09-en0002-80-06212",false," clueweb09-enwp00-88-15797",true," clueweb09-en0000-74-11437",true," clueweb09-en0002-04-07523",true," nr-clueweb09-enwp02-06-03933",true,8,2
3DQYSJDTZPRNRGQLQUF9LJDR30GEX3,3OHYZ19UGHL0UETBZ0WSU7SU91TAO2,A3HFMV7EIP4305,73.0,1.2166666666666666," Good Tv shows"," Finding something good to watch. New shows to binge."," Entertainment"," clueweb09-en0010-11-06560",true," clueweb09-en0004-78-21409",false," clueweb09-en0010-11-06606",true," clueweb09-en0007-33-10526",true," clueweb09-enwp01-49-16984",true," clueweb09-enwp01-85-12069",true," nr-clueweb09-en0004-34-04226",false," clueweb09-en0001-08-27346",true," clueweb09-en0009-35-32273",false," clueweb09-en0000-95-24083",false," clueweb09-en0003-63-28565",true," nr-clueweb09-en0004-34-04224",false,7,0
3DQYSJDTZPRNRGQLQUF9LJDR30GEX3,30ZX6P7VFDBXO07A68B8GTSAYJR2J4,A3UJI5LFYX4HCG,111.0,1.85," rose wines"," Popular rose wines, how exactly is a rose made. How to buy rose wine online, or where to find it."," Food &amp; Drink"," clueweb09-en0005-34-21027",false," clueweb09-en0008-88-18505",false," clueweb09-en0007-85-05751",true," clueweb09-en0007-20-21124",true," clueweb09-en0011-26-32314",false," clueweb09-en0007-85-05739",false," clueweb09-en0004-89-32841",false," clueweb09-en0010-95-34081",false," nr-clueweb09-enwp03-09-01804",false," clueweb09-en0004-00-20247",false," clueweb09-en0004-52-32208",true," nr-clueweb09-enwp03-35-06677",false,3,0
3DQYSJDTZPRNRGQLQUF9LJDR30GEX3,32AT8R96GQPZ7FZ2CMUSEDEPDTPUSW,A3UWHJTAUTF6TO,141.0,2.35," marriage problems advice"," i intend to advice on how to fix issues in a marriage. professional advice from therapists would be very useful instead of generic magazine advice."," Relationships"," clueweb09-en0006-12-16666",true," clueweb09-en0010-61-01948",true," clueweb09-en0010-61-01950",true," clueweb09-en0008-54-08123",true," nr-clueweb09-en0002-02-07710",false," clueweb09-en0003-02-18923",true," clueweb09-en0011-46-38632",false," clueweb09-en0010-54-18866",true," clueweb09-en0008-83-15560",true," clueweb09-en0008-97-03394",true," clueweb09-en0006-57-15981",false," nr-clueweb09-en0006-46-16207",true,8,1
3DQYSJDTZPRNRGQLQUF9LJDR30GEX3,3KAKFY4PGZIQE7JNSQ4DN2I2RI43I6,A3BMEVFSETVOUR,230.0,3.8333333333333335," 2009 astronomical phenomena"," I would want to see what comets, meteors, stars, etc. were visible in 2009 and on what days. Some pictures would be cool too."," Science"," clueweb09-en0000-08-18524",true," clueweb09-en0007-64-22421",true," clueweb09-en0009-47-22601",false," clueweb09-en0000-08-18532",true," clueweb09-en0007-66-31560",false," clueweb09-en0000-91-16582",true," clueweb09-en0000-21-01404",true," clueweb09-en0009-47-22773",false," clueweb09-en0009-36-38670",true," nr-clueweb09-en0009-00-25458",false," clueweb09-en0000-91-16589",true," nr-clueweb09-en0004-16-33697",false,7,0
3DQYSJDTZPRNRGQLQUF9LJDR30GEX3,3Z7ISHFUH5BYAUE34BNVEET33I1Z8W,A2BVS5FSVXG48A,166.0,2.7666666666666666," what is the maximum number of pets should one have in a simple homestead?"," explores to show the maximum number of pets people should stock to avoid injury in homes"," Pets"," clueweb09-en0011-14-02167",true," clueweb09-en0009-55-05802",true," clueweb09-en0011-71-09362",true," clueweb09-en0002-04-14829",true," clueweb09-en0010-11-05514",false," clueweb09-en0005-56-33506",true," clueweb09-en0007-53-14711",true," clueweb09-en0005-30-04993",false," nr-clueweb09-en0007-83-22593",true," clueweb09-en0009-81-04251",true," clueweb09-en0011-98-35567",true," nr-clueweb09-en0006-30-10531",true,8,2
3W31J70BBWC2AI70VKUP515MMFOCKJ,39ZSFO5CADC68CGCPSLEMCN2HA9UJD,AVMK8HV2B8V3,333.0,5.55," gaming laptop cheap"," documents that show price and specs"," Technology"," clueweb09-en0009-85-46156",true," clueweb09-en0002-31-00611",true," nr-clueweb09-en0002-91-08929",false," clueweb09-en0002-91-08822",false," clueweb09-en0009-85-46157",false," clueweb09-en0002-91-08830",true," clueweb09-en0003-07-26918",false," clueweb09-en0006-45-31622",false," clueweb09-en0000-77-13666",false," clueweb09-en0006-52-16072",false," clueweb09-en0000-55-06876",false," nr-clueweb09-en0002-91-08913",false,3,0
3W31J70BBWC2AI70VKUP515MMFOCKJ,3CCZ6YKWRCZ0HLDO2FMTP6HJMO659D,A26F3K30VFCT8C,183.0,3.05," How I met your Mother"," This query is intending to find information on the TV show How I met your mother. Useful documents might include reviews of the show, airtime schedules, cast & crew, or summaries of the episodes."," Entertainment"," clueweb09-en0011-74-36994",false," clueweb09-en0001-21-31818",true," nr-clueweb09-en0003-29-11544",true," clueweb09-en0003-03-10545",true," clueweb09-en0004-53-20355",true," clueweb09-en0001-24-07370",false," clueweb09-en0003-75-15030",false," clueweb09-en0011-02-22942",false," clueweb09-en0003-65-24007",true," clueweb09-en0005-12-15235",false," clueweb09-en0005-12-15240",true," nr-clueweb09-en0003-29-11542",false,5,1
3W31J70BBWC2AI70VKUP515MMFOCKJ,30BXRYBRP9DN9AARWSXUSNSKPYJHWX,AXXWTCAPW93Y3,89.0,1.4833333333333334," alaia blanche"," It's intended to find a list of retailers that sell that specific product and what their prices are. It would be useful to also see shipping costs and promotions."," Shopping"," clueweb09-en0005-86-08446",true," clueweb09-en0007-27-07867",false," clueweb09-en0006-80-32302",false," clueweb09-enwp00-21-03089",false," nr-clueweb09-en0006-42-34765",false," clueweb09-en0004-25-41816",false," clueweb09-en0003-83-05374",false," clueweb09-en0002-56-28626",false," clueweb09-en0002-56-28565",false," clueweb09-en0010-37-04188",false," clueweb09-en0002-60-31630",false," nr-clueweb09-enwp00-81-11926",false,1,0
3W31J70BBWC2AI70VKUP515MMFOCKJ,30BUDKLTXIBHCH45AQ2FHKIUDLO5EP,A3UWHJTAUTF6TO,136.0,2.2666666666666666," apple products"," i intend to find the latest official products from apple. specs, prices, and any other information useful for purchases is needed."," Technology"," clueweb09-en0005-88-12633",false," clueweb09-en0000-03-09550",true," clueweb09-enwp00-07-19800",false," clueweb09-enwp00-06-19875",false," clueweb09-en0002-40-20533",true," clueweb09-en0005-06-37293",true," clueweb09-en0002-35-32003",false," clueweb09-en0005-63-12535",false," clueweb09-en0011-35-11476",false," nr-clueweb09-en0004-27-30555",false," clueweb09-en0010-92-35689",true," nr-clueweb09-en0006-03-05716",true,4,1
3W31J70BBWC2AI70VKUP515MMFOCKJ,3MTMREQS40Y8ZN2DQMN2B15GC3UAWG,A3BMEVFSETVOUR,414.0,6.9," hawaii tickets"," I want to know how much tickets to hawaii were in 2009. It would be cool to see what they were compared to today. The URL should show next to the title and list a price."," Travel"," clueweb09-en0005-93-20935",false," clueweb09-en0006-18-29024",false," clueweb09-en0005-05-06951",false," clueweb09-en0003-43-11288",true," clueweb09-en0005-29-10400",false," clueweb09-en0011-72-17757",false," clueweb09-en0009-99-25609",true," clueweb09-en0004-42-35607",false," nr-clueweb09-en0000-15-01670",false," clueweb09-en0008-00-35059",false," clueweb09-en0010-96-24523",false," nr-clueweb09-en0006-95-22607",false,2,0
3W31J70BBWC2AI70VKUP515MMFOCKJ,386PBUZZXKD3PMTIGETDVPRJ4JKLJE,A2BVS5FSVXG48A,153.0,2.55," how big is mars?"," size of a continent"," Science"," clueweb09-en0001-63-26664",true," clueweb09-en0002-81-00413",true," clueweb09-en0004-46-13908",true," clueweb09-en0001-63-26665",false," clueweb09-en0005-21-27090",true," clueweb09-en0004-43-26915",true," clueweb09-en0004-80-23722",false," clueweb09-en0003-20-18482",false," clueweb09-en0002-71-12254",true," nr-clueweb09-en0004-31-35833",true," clueweb09-en0002-14-18177",false," nr-clueweb09-en0010-47-25423",false,6,1
3W31J70BBWC2AI70VKUP515MMFOCKJ,3P4RDNWNDAM1ZLLCVBW039ZRNFRJIZ,A3T9K2RY06UO14,102.0,1.7," Covid effect long-term"," Few people are thinking about the problems of COVID even if someone doesn't die. I want to know what has been found thus far."," Health &amp; Wellness"," clueweb09-en0006-92-38859",false," clueweb09-en0000-83-04022",false," nr-clueweb09-en0008-54-28784",false," clueweb09-en0009-34-28427",false," clueweb09-en0009-34-28428",false," clueweb09-en0009-18-34733",false," clueweb09-en0006-77-01171",false," clueweb09-en0006-92-38860",false," clueweb09-en0007-68-34572",false," clueweb09-en0001-56-26321",false," clueweb09-en0007-38-40233",false," nr-clueweb09-en0009-41-24039",false,0,0
3W31J70BBWC2AI70VKUP515MMFOCKJ,3EG49X351ZSM1LV0AE2CXFH1PMBX67,A2PD9SHVWNX7Q2,149.0,2.4833333333333334," 5G USA"," To find all the latest news concerning the 5G coverage in USA"," Technology"," clueweb09-en0008-96-05388",true," clueweb09-en0010-95-09479",false," clueweb09-en0011-72-23453",false," clueweb09-en0011-72-23454",false," clueweb09-en0000-93-10355",false," clueweb09-en0001-61-28833",false," clueweb09-en0011-72-24783",false," clueweb09-en0011-45-06874",false," clueweb09-en0000-93-10353",false," nr-clueweb09-en0010-34-03408",false," clueweb09-en0006-05-14846",false," nr-clueweb09-en0005-54-31935",false,1,0
3W31J70BBWC2AI70VKUP515MMFOCKJ,3WOKGM4L76W4T1VT7YZZ51GH0FLO0T,A1L1S0IAPZB4MO,193.0,3.216666666666667," credit scores"," how to raise your credit scores"," Politics"," clueweb09-en0000-35-30137",false," clueweb09-en0000-08-14615",true," nr-clueweb09-en0008-87-05645",false," clueweb09-en0000-08-14617",false," clueweb09-en0005-52-29459",false," clueweb09-en0000-35-30138",false," clueweb09-en0005-52-29447",false," clueweb09-en0005-75-32480",false," clueweb09-en0000-89-05263",false," clueweb09-en0010-09-22701",false," clueweb09-en0002-78-11791",false," nr-clueweb09-en0002-46-20665",false,1,0
3W31J70BBWC2AI70VKUP515MMFOCKJ,3TXD01ZLD9XG5UXRMLYAGAYJZDP4U2,A9OOV3976AFYF,584.0,9.733333333333333," Samsung Phone Releases 2021"," I would like to find out if there are any new recent or upcoming Samsung smartphone releases."," Technology"," nr-clueweb09-en0008-02-09411",false," clueweb09-en0011-16-06771",false," clueweb09-en0002-16-24392",false," clueweb09-en0010-83-03097",false," clueweb09-en0005-60-08712",false," clueweb09-en0011-34-12958",false," clueweb09-en0005-60-08591",false," clueweb09-en0011-29-35844",false," clueweb09-en0002-16-24393",false," clueweb09-en0009-30-24334",true," clueweb09-en0011-95-04441",false," nr-clueweb09-enwp01-28-01758",false,1,0
3IZPORCT2JPFEUVB7WHNH4OGUZNHRQ,3I33IC7ZWKIMN746C2YVNUPR8WS2AJ,A3S3IJ880LPJ58,309.0,5.15," best dog breed for kids"," A list of friendly, non-aggressive dog breeds. A set of pictures showing dog breeds that are notoriously good with children. A paper written by a veterinarian regarding research on docile dog breeds."," Pets"," clueweb09-en0001-48-07142",false," clueweb09-en0006-52-14056",true," clueweb09-en0000-26-08658",false," clueweb09-en0004-44-11696",true," nr-clueweb09-en0001-30-00659",true," clueweb09-en0011-18-18917",false," clueweb09-en0001-48-07178",true," clueweb09-en0002-32-23784",true," clueweb09-en0005-84-20418",true," clueweb09-en0001-30-00608",true," clueweb09-en0008-94-08393",false," nr-clueweb09-en0001-30-00628",true,6,2
3IZPORCT2JPFEUVB7WHNH4OGUZNHRQ,39LNWE0K4ZCAD1W67A0EAB824VNIUS,A3UWHJTAUTF6TO,91.0,1.5166666666666666," angelina jolie movies"," I intend to find angelina jolie movies. List of best movies or the latest movies of angelina jolie would be useful."," Entertainment"," clueweb09-en0005-33-25417",false," clueweb09-en0010-05-23889",false," clueweb09-en0000-21-11098",true," clueweb09-en0000-31-14098",false," nr-clueweb09-en0004-16-00840",true," clueweb09-en0005-83-07016",false," clueweb09-en0000-82-11025",false," clueweb09-en0000-04-08245",false," clueweb09-en0008-31-32092",true," clueweb09-en0006-74-28943",false," clueweb09-en0010-80-04297",false," nr-clueweb09-en0006-32-15465",false,2,1
3IZPORCT2JPFEUVB7WHNH4OGUZNHRQ,3LJ7UR74RMT3A4DIPKMO2F6PRHT4N7,A249LDVPG27XCE,476.0,7.933333333333334," akc competitions for mixed breeds"," If the AKC has any competitions, thinking obedience, field trials, etc. The document would provide AKC's stance or preferably be from the AKC website. The document would define and name the competitions and requirements for competing."," Pets"," clueweb09-enwp01-43-00089",false," nr-clueweb09-en0004-69-36178",false," clueweb09-enwp01-47-01437",false," clueweb09-en0002-24-15931",true," clueweb09-en0003-43-35252",false," clueweb09-en0006-92-17075",false," clueweb09-en0001-49-05813",false," clueweb09-en0000-26-08656",false," clueweb09-en0003-06-09484",false," clueweb09-en0010-86-13093",true," clueweb09-en0006-92-16719",false," nr-clueweb09-en0005-13-33462",false,2,0
3IZPORCT2JPFEUVB7WHNH4OGUZNHRQ,3S96KQ6I9RKE5D1VFR9TEI6NTC9DTV,A3BMEVFSETVOUR,466.0,7.766666666666667," ashtray ceramic DIY"," I would want to learn to make an ashtray from clay or something. I would love to find a website with a step by step guide to making my own ashtray."," Crafts &amp; Hobbies"," clueweb09-en0006-45-25381",false," clueweb09-en0011-31-21358",false," clueweb09-en0011-31-21161",false," clueweb09-en0009-17-18863",false," clueweb09-en0006-28-16876",false," clueweb09-en0009-11-39678",false," clueweb09-en0002-98-30206",false," clueweb09-en0009-17-26357",false," clueweb09-en0002-66-07291",false," nr-clueweb09-en0002-31-28475",false," clueweb09-en0008-90-38851",false," nr-clueweb09-en0002-31-28473",false,0,0
3IZPORCT2JPFEUVB7WHNH4OGUZNHRQ,35DR22AR5I0N428IRC4EQC5HFV93X7,A3T9K2RY06UO14,130.0,2.1666666666666665," panic index doom index"," i don't remember the exact term, but there is an index that is used to predict bubbles. it has to do with the size of the stock market vs. size of the economy."," Economy &amp; Finance"," clueweb09-en0001-21-04207",false," clueweb09-en0003-82-32886",false," clueweb09-en0008-49-20736",false," clueweb09-en0010-79-08442",false," clueweb09-en0001-21-03876",false," clueweb09-en0010-96-15070",false," clueweb09-en0001-35-31083",false," nr-clueweb09-en0011-89-14290",true," clueweb09-en0008-49-20144",false," clueweb09-en0001-79-28314",false," clueweb09-en0008-64-23073",false," nr-clueweb09-en0011-89-14287",false,0,1
3IZPORCT2JPFEUVB7WHNH4OGUZNHRQ,3WMINLGALGJZLPW89VN1Z7YDKNBCA8,A19FEZUCRLSLSX,1191.0,19.85," electric cars"," This technology query intended to find information about electric cars. What they are and how they work. To make the document relevant and useful it should contain information and images regarding to the technology i searched for and how it can change the future."," Technology"," clueweb09-en0007-36-06667",false," clueweb09-en0001-09-05198",true," clueweb09-en0002-98-06573",true," clueweb09-en0004-33-33861",true," clueweb09-en0008-23-15435",true," clueweb09-en0009-37-23357",true," clueweb09-en0010-88-10081",false," clueweb09-enwp00-00-17653",false," clueweb09-en0007-36-06623",false," nr-clueweb09-en0005-71-14130",false," clueweb09-en0000-22-26075",false," nr-clueweb09-en0002-49-34316",false,5,0
3IZPORCT2JPFEUVB7WHNH4OGUZNHRQ,39OWYR0EPP77KJELG3RIAZ1NKR8FYY,A28HWJIJNRZ157,232.0,3.8666666666666667," cat"," find the best cat to keep at home"," Pets"," nr-clueweb09-en0008-99-09315",false," clueweb09-en0000-23-27442",true," clueweb09-en0004-01-27668",true," clueweb09-en0008-70-33735",false," clueweb09-en0005-05-12530",true," clueweb09-en0000-23-27449",true," clueweb09-en0008-90-07108",false," clueweb09-en0008-90-06624",false," clueweb09-en0003-07-22182",true," clueweb09-en0003-13-14813",true," clueweb09-en0008-99-09318",true," nr-clueweb09-en0004-35-17810",false,7,0
3IZPORCT2JPFEUVB7WHNH4OGUZNHRQ,3RGU30DZTFONV4B3GQUSV2684OCJMG,A1L1S0IAPZB4MO,166.0,2.7666666666666666," what was the score?"," looking up basketball statistics and"," Sports"," clueweb09-en0004-86-09450",false," clueweb09-en0003-58-32672",false," clueweb09-en0009-76-11421",false," clueweb09-en0009-76-11340",false," clueweb09-en0008-77-10502",false," nr-clueweb09-en0010-33-27066",true," clueweb09-en0003-42-04066",false," clueweb09-en0003-58-32667",false," clueweb09-en0010-59-00616",false," clueweb09-en0010-62-28878",false," clueweb09-en0006-94-05177",false," nr-clueweb09-en0008-93-14357",false,0,1
3IZPORCT2JPFEUVB7WHNH4OGUZNHRQ,3OUYGIZWRCEME17UMYCEU1L7AKHP0B,A9HIMVROPHE3P,114.0,1.9," Maxi dresses"," A selection of full-length ("maxi") dresses from which to choose and shop. Online shopping results. A variety of maxi dress prints and styles."," Style"," clueweb09-en0009-62-20908",false," clueweb09-en0009-62-20890",false," clueweb09-en0000-85-05753",false," clueweb09-en0007-55-37793",false," clueweb09-en0008-14-28707",false," nr-clueweb09-en0006-99-28793",false," clueweb09-en0006-99-29002",false," clueweb09-en0011-98-05823",true," clueweb09-en0006-99-28666",false," clueweb09-en0010-25-06993",true," clueweb09-en0010-25-06949",false," nr-clueweb09-en0006-99-28790",false,2,0
3IZPORCT2JPFEUVB7WHNH4OGUZNHRQ,3TDXMTX3CGAPBQ65BS2BU5UM198I6T,A9OOV3976AFYF,539.0,8.983333333333333," UFC heavyweight rankings"," I would like to find the top 15 heavyweight fighters in the UFC by official ranking."," Sports"," clueweb09-en0008-86-32041",true," nr-clueweb09-enwp01-93-13313",false," clueweb09-en0009-11-15780",false," clueweb09-en0007-35-30215",false," clueweb09-en0009-11-15886",false," clueweb09-en0001-90-15113",true," clueweb09-en0008-53-09910",false," clueweb09-en0011-21-13559",false," clueweb09-enwp01-70-13509",false," clueweb09-en0000-35-15245",false," clueweb09-enwp00-06-17476",false," nr-clueweb09-enwp01-97-13325",false,2,0
3V8JSVE8Z26CRLGVVQ1B4XK056AEY9,3PQMUDRV7WM54A16DTB0R8KRA0SIIC,ARQR5NIFA1AJ,111.0,1.85," speciality prescription dog food"," Special diet dog food for dogs with pancretitis"," Pets"," clueweb09-en0006-33-02800",false," clueweb09-en0006-48-11074",false," clueweb09-en0002-32-23781",false," nr-clueweb09-en0008-19-26196",false," clueweb09-en0011-44-31199",false," clueweb09-en0010-91-38410",false," clueweb09-en0010-31-31130",true," clueweb09-en0007-40-04970",false," clueweb09-en0010-44-05644",true," clueweb09-en0006-33-02812",false," clueweb09-en0006-63-11893",false," nr-clueweb09-en0002-43-12826",false,2,0
3V8JSVE8Z26CRLGVVQ1B4XK056AEY9,3Q5ZZ9ZEVTV03GUEXNGFPAM82IJ85M,A2LU3430Q972IN,208.0,3.466666666666667," Dog food"," food for dogs"," Shopping"," clueweb09-en0005-93-35152",false," clueweb09-en0002-91-05969",false," clueweb09-en0007-33-31051",true," clueweb09-en0011-36-29972",true," nr-clueweb09-en0006-04-20063",true," clueweb09-en0011-54-33429",false," clueweb09-en0005-94-25368",true," clueweb09-en0010-39-01686",true," clueweb09-en0002-91-31255",false," clueweb09-en0002-58-24907",true," clueweb09-en0011-47-22093",true," nr-clueweb09-en0004-37-12235",false,6,1
3V8JSVE8Z26CRLGVVQ1B4XK056AEY9,3VZLGYJEYQQOPVFBCJZNUDAWUQXZXP,AN8KNI96ZSZSZ,741.0,12.35," baby toys car"," battery operated car ride"," Shopping"," clueweb09-en0010-79-33712",true," clueweb09-en0009-19-18188",false," clueweb09-en0005-21-06611",true," clueweb09-en0005-21-06620",true," clueweb09-en0005-48-12251",false," clueweb09-en0005-40-15612",false," nr-clueweb09-en0005-40-15576",false," clueweb09-en0005-03-26340",false," clueweb09-en0005-03-26760",false," clueweb09-en0004-01-28252",false," clueweb09-en0009-19-18158",false," nr-clueweb09-en0000-80-15256",false,3,0
3V8JSVE8Z26CRLGVVQ1B4XK056AEY9,3GA6AFUKOT4QIC83M8MSNQHNR5MH3O,A249LDVPG27XCE,398.0,6.633333333333334," art galleries Bakersfield, CA"," I want to find out if there are any art galleries in or near Bakersfield, CA area. Documents would have an address that is in or near Bakersfield. Document would specify that it is an art gallery that is being represented by the given address or location."," Arts"," clueweb09-en0000-82-13803",false," clueweb09-en0002-85-04491",false," clueweb09-en0007-59-01176",false," clueweb09-en0010-44-33223",true," clueweb09-en0005-55-24095",true," clueweb09-en0000-81-19720",false," clueweb09-en0007-36-34049",true," clueweb09-en0002-86-11530",false," clueweb09-en0000-30-15193",false," nr-clueweb09-en0002-17-23909",false," clueweb09-en0006-06-13595",false," nr-clueweb09-en0002-17-23908",false,3,0
3V8JSVE8Z26CRLGVVQ1B4XK056AEY9,3EFVCAY5L8P8AF9ZMPK9QK5DKJJJ8O,A2OPLZU47CO9XE,267.0,4.45," Adult ballet classes"," Dance programs that cater to adult ballet interests as well as suggestions for ballet exercises, stretches, and practice guides for the adult dancer."," Arts"," clueweb09-en0009-42-30238",true," clueweb09-en0009-59-22670",true," clueweb09-en0000-28-12172",false," clueweb09-en0006-95-05857",true," clueweb09-en0000-28-12160",false," clueweb09-en0008-48-05835",false," clueweb09-en0000-65-03241",true," clueweb09-en0009-26-24919",false," clueweb09-en0002-49-34011",false," nr-clueweb09-en0009-59-22675",false," clueweb09-en0008-58-11039",true," nr-clueweb09-en0001-44-27913",false,5,0
3V8JSVE8Z26CRLGVVQ1B4XK056AEY9,3WJ1OXY92FWX9M6VSJ7WXL2UUWQA80,A26F3K30VFCT8C,138.0,2.3," Adopt a Husky"," This query is for someone considering adopting a Husky. Useful documents might include links to adoption sites with available Huskies, or websites with tips and information on how to raise huskies."," Pets"," nr-clueweb09-en0011-42-24549",false," clueweb09-en0007-88-04361",true," clueweb09-en0007-88-04362",false," clueweb09-en0010-66-25084",true," clueweb09-en0000-44-22604",false," clueweb09-en0005-67-04227",true," clueweb09-en0007-10-19927",false," clueweb09-en0004-33-36081",false," clueweb09-en0000-91-14525",false," clueweb09-en0010-25-30578",false," clueweb09-en0006-47-26707",false," nr-clueweb09-en0006-17-24259",false,3,0
3V8JSVE8Z26CRLGVVQ1B4XK056AEY9,3UN61F00H156LL9AWWMFGRHDSADR5N,A3T5UAYFKJBVTA,64.0,1.0666666666666667," Effective parenting"," I intend to find advice that is backed up by science and statistics to parent effectively."," Parenting"," clueweb09-en0003-19-01810",true," clueweb09-en0006-33-32996",true," clueweb09-en0008-16-36042",false," clueweb09-en0009-71-15714",true," clueweb09-en0000-10-38752",false," nr-clueweb09-en0009-28-15834",false," clueweb09-en0009-63-18073",false," clueweb09-en0000-44-29064",true," clueweb09-en0010-01-07066",true," clueweb09-en0005-32-35493",false," clueweb09-en0006-22-00731",false," nr-clueweb09-en0005-02-29184",false,5,0
3V8JSVE8Z26CRLGVVQ1B4XK056AEY9,382M9COHEMVYXWUKBRANPWAAC2HEUG,AWIBHH87SWYM1,117.0,1.95," What is the best resort in Phuket, Thailand?"," A list of 4 to 5 star resorts. These should be sorted by rating."," Travel"," clueweb09-en0004-29-23756",false," clueweb09-en0002-87-29474",false," clueweb09-en0007-00-11613",false," nr-clueweb09-en0008-09-00925",true," clueweb09-en0008-94-35501",true," clueweb09-en0010-11-10662",false," clueweb09-en0001-16-23476",false," clueweb09-en0009-34-14467",false," clueweb09-en0004-54-28444",false," clueweb09-en0007-21-39250",true," clueweb09-en0000-87-08950",true," nr-clueweb09-en0010-35-01660",false,3,1
3V8JSVE8Z26CRLGVVQ1B4XK056AEY9,3FDJT1UU79OKYHWF6CDIFFVZXIK5K9,A3BMEVFSETVOUR,286.0,4.766666666666667," home chest exercises"," I want chest exercises to do, preferably at home. Pictures and explanations would be helpful too."," Health &amp; Wellness"," clueweb09-en0008-09-17156",false," clueweb09-en0005-99-40129",false," clueweb09-en0005-97-02940",true," nr-clueweb09-en0009-57-05528",false," clueweb09-en0006-81-20142",true," clueweb09-en0004-97-34758",true," clueweb09-en0011-33-33455",true," clueweb09-en0009-13-03244",true," clueweb09-en0008-84-25155",true," clueweb09-en0005-19-30583",false," clueweb09-en0004-56-21598",true," nr-clueweb09-en0005-56-01577",true,7,1
3V8JSVE8Z26CRLGVVQ1B4XK056AEY9,3XIQGXAUMHO55L95TO743THXKXVX76,A2VQ2M0S1NATGC,232.0,3.8666666666666667," innovative products"," New innovative products that we are using nowadays having some best features with advanced technology."," Technology"," clueweb09-en0004-07-04453",true," clueweb09-en0004-90-07737",false," clueweb09-en0003-63-27990",false," clueweb09-en0002-89-06174",false," clueweb09-en0008-31-39523",true," nr-clueweb09-en0008-27-25695",false," clueweb09-en0010-75-33787",true," clueweb09-en0001-09-37126",false," clueweb09-en0006-62-27149",false," clueweb09-en0004-39-09773",false," clueweb09-en0005-28-13170",false," nr-clueweb09-en0008-27-25694",false,3,0
