HITid,AssignmentId,WorkerId,Time of Day,Day of Week,Start Time,End Time,Time,Minutes,Input Time (s),Query Time (s),Query,Description,Category,doc1id,doc1selected,doc2id,doc2selected,doc3id,doc3selected,doc4id,doc4selected,doc5id,doc5selected,doc6id,doc6selected,doc7id,doc7selected,doc8id,doc8selected,doc9id,doc9selected,doc10id,doc10selected,doc11id,doc11selected,doc12id,doc12selected,doc13id,doc13selected,Num Relevant Selected,Num NR Selected
38F60IALBKXHJ927DDFXBRQH2WTT0G,3P4RDNWNDAM1ZLLCVBW039ZSKYSIJ0,AWVLT2L5AP873,2021-10-14T16:04:57,THURSDAY,1634241897000,1634242155000,258.0,4.3,212.199,0.0," who will run in the next presidential election"," "," Politics"," clueweb09-enwp01-93-13993",true," clueweb09-en0004-35-31699",false," clueweb09-en0006-67-00438",false," clueweb09-enwp02-29-15887",false," nr-clueweb09-en0000-81-15415",false," clueweb09-en0000-23-05403",false," clueweb09-en0010-56-40032",false," random-clueweb09-en0005-94-21396",false," clueweb09-en0011-23-00816",false," clueweb09-en0002-88-24195",false," clueweb09-en0011-01-21751",false," clueweb09-en0001-41-23820",false," nr-clueweb09-en0003-45-20906",false,1,0
38F60IALBKXHJ927DDFXBRQH2WTT0G,3HVVDCPGTJ8H3OWMBNW7R3GP8JHYTR,A14GKRTUEHBLBZ,2021-10-14T16:06:15,THURSDAY,1634241975000,1634242215000,240.0,4.0,7.397,0.0," best giftcards for amazon"," "," Shopping"," clueweb09-en0000-14-00916",false," clueweb09-en0006-73-21331",false," clueweb09-en0005-78-05227",false," clueweb09-en0001-82-18099",false," clueweb09-en0011-51-36090",false," clueweb09-en0001-75-00432",false," random-clueweb09-en0009-64-30845",false," clueweb09-en0002-17-05270",false," clueweb09-en0005-47-08103",false," clueweb09-en0006-09-22973",false," nr-clueweb09-en0001-82-18099",false," clueweb09-en0007-46-20271",false," nr-clueweb09-en0002-69-17146",false,0,0
38F60IALBKXHJ927DDFXBRQH2WTT0G,36AHBNMV1WSAMZ0PPXWSMZY35YUDYQ,A3TUJHF9LW3M8N,2021-10-14T16:06:01,THURSDAY,1634241961000,1634242285000,324.0,5.4,14.965,0.0," Best computers for business"," "," Technology"," nr-clueweb09-en0009-88-06108",false," clueweb09-en0004-53-15111",false," clueweb09-en0006-43-04209",false," random-clueweb09-en0009-06-35915",false," clueweb09-en0005-58-14986",false," clueweb09-en0005-94-19644",true," clueweb09-en0006-43-04205",false," clueweb09-en0011-80-03546",false," clueweb09-en0002-25-16824",false," clueweb09-en0004-92-18008",false," clueweb09-en0004-49-38276",false," clueweb09-en0005-94-19645",false," nr-clueweb09-en0004-93-33956",false,1,0
38F60IALBKXHJ927DDFXBRQH2WTT0G,3F6KKYWMNGHGA0WBIVNH5J0W1DPND7,AFU00NU09CFXE,2021-10-14T16:04:20,THURSDAY,1634241860000,1634242310000,450.0,7.5,30.226,0.0," refinishing hardword floors"," "," Home"," clueweb09-en0009-52-29019",true," clueweb09-en0006-15-22351",true," clueweb09-en0002-29-17474",true," clueweb09-en0007-78-23645",true," clueweb09-en0000-47-12908",false," clueweb09-en0002-28-23724",true," clueweb09-en0000-21-15019",true," clueweb09-en0006-33-24949",false," nr-clueweb09-en0004-69-11049",false," clueweb09-en0002-80-10155",true," random-clueweb09-en0000-87-03924",false," clueweb09-en0006-97-11532",true," nr-clueweb09-en0007-69-17701",false,8,0
38F60IALBKXHJ927DDFXBRQH2WTT0G,3R8YZBNQ9MYLWO8T7ACC9LL5KEA7QO,A1YSYI926BBOHW,2021-10-14T16:08:51,THURSDAY,1634242131000,1634242342000,211.0,3.5166666666666666,193.538,0.0," when should kids potty train"," "," Parenting"," clueweb09-en0003-41-32152",true," nr-clueweb09-en0007-79-35212",false," clueweb09-en0004-67-24258",true," random-clueweb09-en0005-85-21121",false," clueweb09-en0005-55-19700",false," clueweb09-en0006-00-35184",false," clueweb09-en0001-80-16853",false," clueweb09-en0007-65-44679",false," clueweb09-en0011-98-07480",false," clueweb09-en0008-10-02950",true," clueweb09-en0003-41-32161",false," clueweb09-en0005-16-14700",false," nr-clueweb09-en0000-01-16524",false,3,0
38F60IALBKXHJ927DDFXBRQH2WTT0G,3JJVG1YBEGDJ5ESL0Z0PGCCA78F5BW,A2NAKIXS3DVGAA,2021-10-14T16:12:23,THURSDAY,1634242343000,1634242368000,25.0,0.4166666666666667,10.141,0.0," Is entertainment a compound word?"," "," Entertainment"," clueweb09-en0001-50-26990",false," clueweb09-enwp01-99-13378",false," clueweb09-en0002-54-12508",false," clueweb09-en0007-27-06603",false," clueweb09-en0002-33-07394",false," clueweb09-en0002-82-08840",false," clueweb09-en0008-34-02948",false," clueweb09-en0007-16-27937",false," clueweb09-en0007-37-34359",false," nr-clueweb09-en0003-07-27555",false," clueweb09-en0005-07-38700",false," random-clueweb09-en0006-75-34429",false," nr-clueweb09-en0003-72-10790",false,0,0
38F60IALBKXHJ927DDFXBRQH2WTT0G,39OWYR0EPP77KJELG3RIAZ1OHA9FY0,A2CWJRAEFZ44HU,2021-10-14T16:05:10,THURSDAY,1634241910000,1634242620000,710.0,11.833333333333334,23.178,0.0," birding guidebook"," "," Nature"," clueweb09-en0005-19-23519",true," clueweb09-en0011-46-24611",false," clueweb09-en0000-56-00684",false," nr-clueweb09-en0009-21-22503",false," clueweb09-en0005-74-03719",false," clueweb09-en0011-68-24134",false," clueweb09-en0004-36-31816",true," clueweb09-en0000-88-29946",false," clueweb09-en0011-96-34081",true," random-clueweb09-en0011-47-15958",false," clueweb09-en0004-17-05939",false," clueweb09-en0004-84-36211",false," nr-clueweb09-en0008-10-13400",false,3,0
38F60IALBKXHJ927DDFXBRQH2WTT0G,3WT783CTPGX44Z10F9NXUIIKZP1CBB,AHYTT3T8W9Y9Y,2021-10-14T16:15:51,THURSDAY,1634242551000,1634242740000,189.0,3.15,22.364,0.0," mutual fund tips"," "," Economy &amp; Finance"," clueweb09-en0004-42-38327",false," nr-clueweb09-en0001-63-33861",false," clueweb09-en0007-76-05227",true," clueweb09-en0005-94-20437",true," clueweb09-en0007-20-33022",true," clueweb09-en0011-14-16017",true," clueweb09-en0002-35-06708",false," clueweb09-en0008-85-13028",true," clueweb09-en0007-42-38804",false," random-clueweb09-en0007-09-17000",false," clueweb09-en0001-13-16795",false," clueweb09-en0004-17-02944",false," nr-clueweb09-en0004-82-03075",false,5,0
38F60IALBKXHJ927DDFXBRQH2WTT0G,3AMYWKA6YG2Z7CH89NFGE2Q9A296OH,A2QX3YJXAAHHVV,2021-10-14T16:13:59,THURSDAY,1634242439000,1634242937000,498.0,8.3,21.706,0.0," How do I heal my torn ligament?"," "," Health &amp; Wellness"," clueweb09-en0001-28-24158",true," nr-clueweb09-en0003-70-04449",false," clueweb09-en0009-11-07962",false," clueweb09-en0004-65-06163",false," clueweb09-en0003-62-19364",false," clueweb09-en0002-05-13503",false," clueweb09-en0008-16-17262",false," clueweb09-en0010-34-42133",false," clueweb09-en0002-55-15542",false," random-clueweb09-en0000-87-03924",false," clueweb09-en0004-41-04718",false," clueweb09-en0005-10-00530",false," nr-clueweb09-en0006-69-04557",false,1,0
38F60IALBKXHJ927DDFXBRQH2WTT0G,35BLDD71IBDWL6AGC4Y56SDCBZ4VZ0,ARI1EMAHUA9PO,2021-10-14T16:26:07,THURSDAY,1634243167000,1634243297000,130.0,2.1666666666666665,41.738,0.0," how much do beagles weigh"," "," Pets"," clueweb09-en0001-10-24005",false," clueweb09-en0009-43-35681",false," clueweb09-en0005-36-03008",false," clueweb09-enwp00-30-07471",false," clueweb09-en0005-51-06294",true," clueweb09-en0003-56-12079",false," clueweb09-enwp01-79-19902",false," random-clueweb09-en0011-47-15958",false," clueweb09-en0009-91-06270",false," nr-clueweb09-en0006-19-23035",false," clueweb09-en0004-83-05133",false," clueweb09-en0010-55-07065",true," nr-clueweb09-en0004-66-22781",false,2,0
31N9JPQXJTYUZW3JEP068KJ6ZV9NHB,3BXQMRHWK4EW9KMXSPY624FKINAUMO,AFU00NU09CFXE,2021-10-14T16:03:56,THURSDAY,1634241836000,1634241970000,134.0,2.2333333333333334,23.975,0.0," changing a showerhead"," "," Home"," clueweb09-en0009-64-39527",true," nr-clueweb09-en0003-03-13784",false," clueweb09-en0009-33-32821",true," clueweb09-en0004-48-15359",false," clueweb09-en0011-40-04365",true," clueweb09-en0004-19-18651",false," clueweb09-en0011-40-05106",true," random-clueweb09-en0008-25-06683",false," clueweb09-en0011-23-24412",false," clueweb09-en0003-87-14039",false," clueweb09-enwp01-61-20739",false," clueweb09-en0004-19-18681",false," nr-clueweb09-en0004-19-18651",false,4,0
31N9JPQXJTYUZW3JEP068KJ6ZV9NHB,32ZKVD547K3GRZ5HMGCW1FEQTCN3B3,A14GKRTUEHBLBZ,2021-10-14T16:06:09,THURSDAY,1634241969000,1634242077000,108.0,1.8,8.169,0.0," what is the heaviest element"," "," Science"," clueweb09-enwp01-97-12514",false," clueweb09-en0002-23-21658",false," clueweb09-en0006-17-22445",false," clueweb09-enwp01-96-14099",true," clueweb09-en0002-78-22814",true," clueweb09-en0010-46-22687",false," nr-clueweb09-en0010-80-27283",false," clueweb09-en0005-59-16723",true," clueweb09-en0011-30-37236",false," clueweb09-en0003-79-11312",false," random-clueweb09-en0006-35-27399",false," clueweb09-en0008-10-28356",false," nr-clueweb09-en0002-82-13771",false,3,0
31N9JPQXJTYUZW3JEP068KJ6ZV9NHB,323Q6SJS8NWLYOOW63NUOZ6LRFXHF6,A1YSYI926BBOHW,2021-10-14T16:08:47,THURSDAY,1634242127000,1634242287000,160.0,2.6666666666666665,117.48,0.0," how fast does sound travel"," "," Science"," nr-clueweb09-en0004-42-00472",false," clueweb09-en0001-42-18614",false," clueweb09-en0004-83-04494",false," clueweb09-en0011-30-00698",false," clueweb09-en0005-97-27199",false," clueweb09-en0001-04-22567",false," random-clueweb09-en0003-07-27095",false," clueweb09-en0003-80-22141",false," clueweb09-en0004-59-18424",false," clueweb09-en0000-08-13415",false," clueweb09-en0006-22-25751",false," clueweb09-en0000-08-13411",false," nr-clueweb09-en0003-67-03213",false,0,0
31N9JPQXJTYUZW3JEP068KJ6ZV9NHB,3FQ5JJ512Q4OO62LAC949WVMLMMNKK,AWVLT2L5AP873,2021-10-14T16:05:03,THURSDAY,1634241903000,1634242313000,410.0,6.833333333333333,368.892,0.0," top ivy league schools"," "," Education"," clueweb09-en0003-39-25663",false," clueweb09-enwp00-99-01447",false," clueweb09-enwp00-24-21329",false," clueweb09-en0000-75-32070",false," clueweb09-en0004-97-28944",false," nr-clueweb09-en0001-80-26907",false," clueweb09-en0009-69-13430",false," clueweb09-en0008-88-22980",false," clueweb09-en0010-07-12383",false," clueweb09-en0002-85-18100",false," random-clueweb09-enwp03-08-12100",false," clueweb09-en0007-68-34618",true," nr-clueweb09-en0011-58-19343",false,1,0
31N9JPQXJTYUZW3JEP068KJ6ZV9NHB,3J2UYBXQQQSE4VPP72D5O1URCZT06L,A2NAKIXS3DVGAA,2021-10-14T16:10:56,THURSDAY,1634242256000,1634242462000,206.0,3.433333333333333,13.21,0.0," Is arts a common word?"," "," Arts"," clueweb09-en0010-58-05105",false," clueweb09-en0000-04-10417",false," nr-clueweb09-en0009-88-06058",false," clueweb09-en0009-10-28256",false," clueweb09-en0001-68-04902",false," clueweb09-en0011-52-06745",false," clueweb09-en0008-69-17440",false," random-clueweb09-enwp02-01-03342",false," clueweb09-en0007-42-00894",false," clueweb09-en0010-05-23776",false," clueweb09-en0007-94-38783",false," clueweb09-en0005-58-36314",false," nr-clueweb09-en0002-02-25187",false,0,0
31N9JPQXJTYUZW3JEP068KJ6ZV9NHB,3Y4W8Q93L40TI55KKM98F0U9NGRVDW,A2CWJRAEFZ44HU,2021-10-14T16:05:12,THURSDAY,1634241912000,1634242728000,816.0,13.6,45.37,0.0," restaurants with prix fixe menu"," "," Food &amp; Drink"," clueweb09-en0003-50-25644",true," nr-clueweb09-en0004-95-09503",false," clueweb09-en0006-92-08095",true," clueweb09-en0004-21-15754",true," clueweb09-en0007-88-35896",true," clueweb09-en0001-99-26762",true," clueweb09-en0011-41-23400",true," clueweb09-en0007-56-18824",true," clueweb09-en0006-92-16410",false," random-clueweb09-en0008-25-06683",false," clueweb09-en0005-68-13950",true," clueweb09-en0010-37-13684",false," nr-clueweb09-en0004-90-08336",false,8,0
31N9JPQXJTYUZW3JEP068KJ6ZV9NHB,3X4MXAO0BL40Y4OUSX9O6RUR9RMRWC,AHYTT3T8W9Y9Y,2021-10-14T16:15:52,THURSDAY,1634242552000,1634242809000,257.0,4.283333333333333,51.159,0.0," best winter outfits"," "," Style"," clueweb09-en0009-32-34406",false," clueweb09-en0009-29-38814",false," nr-clueweb09-en0003-74-02037",false," random-clueweb09-en0003-07-27095",false," clueweb09-en0004-01-28359",false," clueweb09-en0009-20-09783",false," clueweb09-en0004-03-22573",true," clueweb09-en0002-97-09512",false," clueweb09-en0000-23-15779",false," clueweb09-en0007-65-25367",false," clueweb09-en0011-81-38685",false," clueweb09-en0011-24-01781",true," nr-clueweb09-en0007-81-21009",false,2,0
31N9JPQXJTYUZW3JEP068KJ6ZV9NHB,3N1FSUEFLAGUOSM50Q8L6AUWAXW4DX,A2QX3YJXAAHHVV,2021-10-14T16:13:59,THURSDAY,1634242439000,1634242968000,529.0,8.816666666666666,12.375,0.0," Can my cat eat moths?"," "," Pets"," clueweb09-en0006-52-19278",false," clueweb09-en0004-87-25606",false," clueweb09-en0005-88-03382",false," clueweb09-en0006-80-24586",false," clueweb09-en0011-31-07668",false," clueweb09-en0001-85-26223",false," clueweb09-en0003-00-15215",false," clueweb09-en0007-96-02885",false," nr-clueweb09-en0001-01-12744",false," clueweb09-en0007-77-15138",false," random-clueweb09-en0009-77-38942",false," clueweb09-en0005-40-36764",false," nr-clueweb09-en0004-69-19164",false,0,0
31N9JPQXJTYUZW3JEP068KJ6ZV9NHB,3X4JMASXCRPKA76K3TUDZHGJQ060B8,ARI1EMAHUA9PO,2021-10-14T16:25:53,THURSDAY,1634243153000,1634243210000,57.0,0.95,13.244,0.0," where can i buy a laptop?"," "," Shopping"," clueweb09-en0000-10-03324",false," clueweb09-en0000-94-13972",false," nr-clueweb09-en0003-70-04449",false," clueweb09-en0008-44-39293",true," clueweb09-en0004-83-05532",false," clueweb09-en0001-57-22781",false," clueweb09-en0002-49-29665",true," clueweb09-en0000-77-16912",false," clueweb09-en0011-25-14575",true," clueweb09-en0010-90-25971",false," clueweb09-en0000-06-27620",false," random-clueweb09-en0002-63-12795",false," nr-clueweb09-en0002-00-01999",false,3,0
31N9JPQXJTYUZW3JEP068KJ6ZV9NHB,3Z4XG4ZF4D795ZEO3TZAHTDTS168XC,AR8O1107OAW4V,2021-10-14T16:26:55,THURSDAY,1634243215000,1634243442000,227.0,3.783333333333333,17.937,0.0," What is a 3d printer?"," "," Technology"," clueweb09-enwp00-04-05421",true," clueweb09-en0010-09-14700",false," random-clueweb09-en0004-13-04016",false," clueweb09-en0006-79-27444",false," nr-clueweb09-en0002-53-31607",false," clueweb09-en0006-87-03780",false," clueweb09-en0010-84-36124",false," clueweb09-en0001-21-12352",false," clueweb09-enwp00-09-05602",false," clueweb09-en0004-20-18337",false," clueweb09-en0009-39-20805",false," clueweb09-en0007-93-03391",false," nr-clueweb09-en0009-55-19701",false,1,0
3PGQRAZX160D14LDWLLGTEOFCQUYSX,3VSOLARPKGPX36QKOWY0A9J05CK39T,A14GKRTUEHBLBZ,2021-10-14T16:06:07,THURSDAY,1634241967000,1634242025000,58.0,0.9666666666666667,9.763,0.0," how to prevent dog shedding"," "," Pets"," clueweb09-en0005-17-42961",true," clueweb09-en0011-91-22642",false," clueweb09-en0008-09-37725",true," clueweb09-en0005-65-31529",false," random-clueweb09-en0007-09-17000",false," clueweb09-en0003-86-30186",true," clueweb09-en0006-83-11152",true," clueweb09-en0011-46-25423",false," nr-clueweb09-en0002-80-22949",false," clueweb09-en0011-91-22650",false," clueweb09-en0004-87-17480",false," clueweb09-en0002-60-00091",false," nr-clueweb09-en0009-03-16765",false,4,0
3PGQRAZX160D14LDWLLGTEOFCQUYSX,3J4Q2Z4UT3J0M39UFIKO11KMD4IQW6,AWVLT2L5AP873,2021-10-14T16:04:59,THURSDAY,1634241899000,1634242198000,299.0,4.983333333333333,241.302,0.0," what is the rarest dog breed"," "," Pets"," random-clueweb09-en0002-82-08074",false," clueweb09-en0005-51-06422",false," clueweb09-en0006-50-14394",false," clueweb09-enwp01-21-00408",false," clueweb09-en0003-14-23455",false," clueweb09-en0009-98-38262",true," clueweb09-en0006-26-14886",false," clueweb09-en0006-50-14397",false," clueweb09-en0005-04-30250",false," nr-clueweb09-en0008-18-38540",false," clueweb09-en0007-93-21251",false," clueweb09-en0011-56-28233",true," nr-clueweb09-en0007-60-05479",false,2,0
3PGQRAZX160D14LDWLLGTEOFCQUYSX,31HQ4X3T3XQWOPC8382RNQI7XLZSL4,A2CWJRAEFZ44HU,2021-10-14T16:05:01,THURSDAY,1634241901000,1634242299000,398.0,6.633333333333334,16.045,0.0," stocks to watch out for"," "," Economy &amp; Finance"," clueweb09-en0000-23-22732",true," clueweb09-en0002-92-17436",false," clueweb09-en0011-32-33080",false," clueweb09-en0002-81-17691",false," nr-clueweb09-en0008-99-19617",false," clueweb09-en0001-74-19642",true," clueweb09-en0008-37-13682",false," clueweb09-en0003-81-27448",true," clueweb09-en0011-88-03978",false," clueweb09-en0009-01-09318",false," random-clueweb09-en0007-00-09110",false," clueweb09-en0000-23-22739",true," nr-clueweb09-en0003-07-27397",false,4,0
3PGQRAZX160D14LDWLLGTEOFCQUYSX,3WETL7AQWYOE2JO8L6LJYTEYJG1352,A3TUJHF9LW3M8N,2021-10-14T16:06:04,THURSDAY,1634241964000,1634242341000,377.0,6.283333333333333,7.59,0.0," How to get baby to sleep at 4 months"," "," Parenting"," clueweb09-en0011-01-04308",true," random-clueweb09-en0003-33-30335",false," clueweb09-en0000-34-21366",true," clueweb09-en0000-18-08705",false," clueweb09-en0005-49-07402",true," clueweb09-en0005-16-14727",false," clueweb09-en0005-16-14923",true," clueweb09-en0009-31-33819",false," clueweb09-en0004-02-09047",false," clueweb09-en0004-96-29075",false," nr-clueweb09-en0011-58-18490",false," clueweb09-en0000-18-07844",false," nr-clueweb09-en0009-24-19873",false,4,0
3PGQRAZX160D14LDWLLGTEOFCQUYSX,3EFE17QCRHLU2TTICNNTVYP0G5RSH0,A2NAKIXS3DVGAA,2021-10-14T16:11:56,THURSDAY,1634242316000,1634242342000,26.0,0.43333333333333335,9.302,0.0," Is sports a compound word?"," "," Sports"," clueweb09-en0001-04-28176",false," clueweb09-enwp00-72-09285",false," clueweb09-en0006-30-24554",false," random-clueweb09-en0009-64-30845",false," clueweb09-en0005-48-16086",false," clueweb09-en0004-84-02206",false," clueweb09-enwp01-60-12089",false," nr-clueweb09-en0009-88-06314",false," clueweb09-en0004-24-31529",false," clueweb09-en0003-49-28587",false," clueweb09-en0002-54-12512",false," clueweb09-en0004-46-16965",false," nr-clueweb09-en0003-72-10790",false,0,0
3PGQRAZX160D14LDWLLGTEOFCQUYSX,392CY0QWG67BW32RS49WX7A92234IY,A1YSYI926BBOHW,2021-10-14T16:08:32,THURSDAY,1634242112000,1634242515000,403.0,6.716666666666667,10.773,0.0," average home price in texas"," "," Home"," clueweb09-en0004-37-02165",false," clueweb09-en0006-76-02648",false," clueweb09-en0000-16-04693",false," random-clueweb09-en0008-31-37861",false," nr-clueweb09-en0004-17-06582",false," clueweb09-en0004-48-07092",true," clueweb09-en0009-91-19849",true," clueweb09-en0005-77-38892",false," clueweb09-en0006-76-02044",false," clueweb09-en0001-68-17865",false," clueweb09-en0006-02-08600",false," clueweb09-en0001-29-00369",false," nr-clueweb09-en0002-51-23398",false,2,0
3PGQRAZX160D14LDWLLGTEOFCQUYSX,3SEPORI8WSFCTI7I1979A5ZZQP2AZD,A2QX3YJXAAHHVV,2021-10-14T16:13:54,THURSDAY,1634242434000,1634242609000,175.0,2.9166666666666665,11.417,0.0," can a torn ACL heal?"," "," Sports"," clueweb09-en0000-13-02050",false," clueweb09-en0004-93-17025",true," clueweb09-en0009-71-20130",false," clueweb09-en0003-85-12340",true," clueweb09-en0003-62-19364",false," clueweb09-en0004-87-18128",false," clueweb09-en0006-13-22146",true," clueweb09-en0007-83-13584",false," clueweb09-en0003-04-23045",false," random-clueweb09-en0007-49-03198",false," nr-clueweb09-en0003-62-19364",false," clueweb09-en0003-85-12341",false," nr-clueweb09-en0001-85-13669",false,3,0
3PGQRAZX160D14LDWLLGTEOFCQUYSX,3PZDLQMM0Y1AGM14WGUMTPFG5JOC29,A49A0FF6ZXYDU,2021-10-14T16:15:31,THURSDAY,1634242531000,1634242724000,193.0,3.216666666666667,164.271,0.0," what are the odds of the Pittsburgh Steelers winning the Superbowl in 2009?"," "," Sports"," nr-clueweb09-en0001-24-00250",false," clueweb09-en0004-83-11530",false," clueweb09-en0010-97-20916",false," clueweb09-en0008-45-31675",false," clueweb09-en0010-19-06967",false," clueweb09-en0003-54-10217",true," random-clueweb09-en0003-33-30335",false," clueweb09-en0004-94-20872",true," clueweb09-en0010-19-06969",false," clueweb09-en0010-97-20918",false," clueweb09-en0001-67-28667",false," clueweb09-en0004-94-20847",false," nr-clueweb09-en0000-47-06586",false,2,0
3PGQRAZX160D14LDWLLGTEOFCQUYSX,3OB0CAO74M5RYF5RBTFIDKD1XQPYHM,A1F6MWP9A0XLJQ,2021-10-14T16:26:16,THURSDAY,1634243176000,1634243262000,86.0,1.4333333333333333,30.564,0.0," Catholic teaching"," "," Spirituality"," clueweb09-en0005-26-34027",false," clueweb09-en0006-23-01311",false," clueweb09-en0003-26-05453",true," random-clueweb09-en0005-94-21396",false," clueweb09-en0000-48-22064",false," clueweb09-en0010-32-30484",false," clueweb09-en0005-26-34123",false," clueweb09-en0003-26-05457",false," nr-clueweb09-en0002-28-35203",false," clueweb09-en0002-39-22845",false," clueweb09-en0002-64-08344",false," clueweb09-en0001-69-23308",true," nr-clueweb09-en0003-29-29861",false,2,0
3PGQRAZX160D14LDWLLGTEOFCQUYSX,3WMOAN2SRGD24HWX9GNBB5631LWVNJ,AHYTT3T8W9Y9Y,2021-10-14T16:25:28,THURSDAY,1634243128000,1634243759000,631.0,10.516666666666667,15.792,0.0," beginner tips to lose weight"," "," Health &amp; Wellness"," clueweb09-en0006-81-20049",true," clueweb09-en0005-28-00597",true," clueweb09-en0006-81-20019",false," clueweb09-en0007-74-12482",false," clueweb09-en0011-67-16323",false," clueweb09-en0008-67-00991",false," nr-clueweb09-en0003-94-29597",false," clueweb09-en0000-45-22910",true," random-clueweb09-en0005-85-21121",false," clueweb09-en0007-11-42039",false," clueweb09-en0004-60-01640",false," clueweb09-en0005-66-19324",true," nr-clueweb09-en0003-30-16543",false,4,0
3KTZHH2OOMVVO3HQZKR0IS17RMA8MI,3T3IWE1XGB38UM50KDFDEHDN9A0QTG,AWVLT2L5AP873,2021-10-14T16:04:53,THURSDAY,1634241893000,1634242050000,157.0,2.6166666666666667,93.112,0.0," tamagoyaki recipes"," "," Food &amp; Drink"," random-clueweb09-enwp00-42-07293",false," clueweb09-en0008-30-11595",true," clueweb09-en0002-79-00098",true," clueweb09-en0002-22-12354",false," clueweb09-en0011-61-16272",false," nr-clueweb09-enwp01-91-09669",false," clueweb09-en0000-27-15866",true," clueweb09-en0000-27-15870",true," clueweb09-enwp01-35-16499",false," clueweb09-enwp01-35-16534",false," clueweb09-en0002-79-00140",false," clueweb09-en0001-81-26629",false," nr-clueweb09-en0003-52-21521",false,4,0
3KTZHH2OOMVVO3HQZKR0IS17RMA8MI,3L70J4KAZL29QH2M9RICJDGW27RADD,A49A0FF6ZXYDU,2021-10-14T16:08:16,THURSDAY,1634242096000,1634242166000,70.0,1.1666666666666667,37.802,0.0," what is other music hours record store nyc"," "," Entertainment"," clueweb09-en0005-48-28385",false," clueweb09-en0011-84-06546",false," random-clueweb09-en0009-77-38942",false," clueweb09-en0010-20-17337",false," clueweb09-en0010-77-39194",false," clueweb09-en0003-04-25427",false," clueweb09-en0005-96-02510",true," clueweb09-en0009-00-06017",false," clueweb09-en0007-99-15588",false," nr-clueweb09-en0002-16-08905",false," clueweb09-en0010-77-39070",false," clueweb09-en0011-55-13190",false," nr-clueweb09-en0003-69-06916",false,1,0
3KTZHH2OOMVVO3HQZKR0IS17RMA8MI,3AWETUDC978RZ0QGDXZMR3NI3X6IZO,A14GKRTUEHBLBZ,2021-10-14T16:06:16,THURSDAY,1634241976000,1634242237000,261.0,4.35,6.34,0.0," most famous scientist"," "," Science"," random-clueweb09-en0008-13-05976",false," nr-clueweb09-en0000-69-06722",false," clueweb09-en0001-27-09282",true," clueweb09-en0003-10-23184",true," clueweb09-en0009-10-42833",false," clueweb09-en0006-52-13914",false," clueweb09-en0004-07-20771",false," clueweb09-en0004-48-16092",false," clueweb09-en0007-82-20882",false," clueweb09-en0009-17-04589",false," clueweb09-en0011-45-06086",false," clueweb09-en0006-52-14443",false," nr-clueweb09-en0010-37-35953",false,2,0
3KTZHH2OOMVVO3HQZKR0IS17RMA8MI,3T111IHZ5J6PM8BMZMZWS7MGBQ0R9L,A2NAKIXS3DVGAA,2021-10-14T16:09:00,THURSDAY,1634242140000,1634242252000,112.0,1.8666666666666667,87.288,0.0," Is shopping a compound word?"," "," Shopping"," nr-clueweb09-en0010-11-23739",false," random-clueweb09-enwp00-42-07293",false," clueweb09-en0001-50-26991",false," clueweb09-enwp00-58-13325",false," clueweb09-en0006-53-00268",false," clueweb09-en0002-35-17909",false," clueweb09-en0001-13-17000",false," clueweb09-en0004-84-02206",false," clueweb09-en0004-75-14566",false," clueweb09-en0011-38-31118",false," clueweb09-en0007-78-35572",false," clueweb09-en0010-69-05874",false," nr-clueweb09-en0003-72-10790",false,0,0
3KTZHH2OOMVVO3HQZKR0IS17RMA8MI,3YMU66OBISORCOKRHNTC6K6XSUXHG5,A1YSYI926BBOHW,2021-10-14T16:08:49,THURSDAY,1634242129000,1634242318000,189.0,3.15,168.111,0.0," teams with the most world series titles"," "," Sports"," clueweb09-enwp00-66-12936",false," clueweb09-en0005-12-24001",false," clueweb09-enwp01-12-16911",true," clueweb09-en0005-44-16397",false," clueweb09-en0006-87-29004",false," nr-clueweb09-en0009-58-32119",false," random-clueweb09-en0006-26-18498",false," clueweb09-en0001-94-12622",false," clueweb09-en0010-39-01139",false," clueweb09-en0004-52-14949",false," clueweb09-en0006-87-28999",false," clueweb09-en0008-09-23578",false," nr-clueweb09-en0009-21-22714",false,1,0
3KTZHH2OOMVVO3HQZKR0IS17RMA8MI,37W3JXSD6BO9V50G6S1IENNOCDZWYF,A2CWJRAEFZ44HU,2021-10-14T16:05:06,THURSDAY,1634241906000,1634242475000,569.0,9.483333333333333,26.854,0.0," quietest dog breeds"," "," Pets"," clueweb09-en0001-26-18352",false," clueweb09-en0008-83-35596",false," clueweb09-en0007-19-03515",false," clueweb09-en0006-40-12490",false," clueweb09-en0001-23-14431",false," clueweb09-en0005-54-02246",false," clueweb09-en0006-50-14365",true," clueweb09-en0007-19-03591",false," clueweb09-en0001-23-14424",false," nr-clueweb09-en0000-00-01423",false," clueweb09-en0001-28-07683",false," random-clueweb09-en0006-35-27399",false," nr-clueweb09-en0009-03-16765",false,1,0
3KTZHH2OOMVVO3HQZKR0IS17RMA8MI,3QILPRALQAB4T50K1NC1JRMVQNU8NQ,A2QX3YJXAAHHVV,2021-10-14T16:13:56,THURSDAY,1634242436000,1634242697000,261.0,4.35,25.81,0.0," How high of sound frequencies can dogs hear?"," "," Pets"," clueweb09-en0002-71-22905",false," clueweb09-enwp02-09-05042",false," clueweb09-en0009-03-18775",false," nr-clueweb09-en0007-09-15981",false," clueweb09-en0008-70-25357",true," clueweb09-en0000-76-25089",false," random-clueweb09-en0006-75-34429",false," clueweb09-en0010-73-02410",true," clueweb09-en0006-40-28026",false," clueweb09-en0010-73-20563",false," clueweb09-en0006-33-16742",false," clueweb09-en0008-11-29009",false," nr-clueweb09-en0000-19-21425",false,2,0
3KTZHH2OOMVVO3HQZKR0IS17RMA8MI,3OE22WJIGN4NUZKPKI5NJDZPSP9UQF,AHYTT3T8W9Y9Y,2021-10-14T16:16:26,THURSDAY,1634242586000,1634242910000,324.0,5.4,41.386,0.0," art galleries in NYC"," "," Arts"," clueweb09-en0010-84-35319",true," random-clueweb09-en0003-33-30335",false," clueweb09-en0005-61-16940",false," clueweb09-en0011-40-21426",false," clueweb09-en0011-77-03130",false," clueweb09-en0001-89-26972",true," clueweb09-en0005-34-24528",false," clueweb09-en0000-69-15537",false," nr-clueweb09-en0007-50-12406",false," clueweb09-en0005-96-02480",false," clueweb09-en0010-30-19251",false," clueweb09-en0008-17-17521",true," nr-clueweb09-en0001-45-24229",false,3,0
3KTZHH2OOMVVO3HQZKR0IS17RMA8MI,358UUM7WR4JL8PNTKP1CEBVAG0ER7B,AR8O1107OAW4V,2021-10-14T16:26:54,THURSDAY,1634243214000,1634243382000,168.0,2.8,46.295,0.0," Where can I adopt a german shepherd?"," "," Pets"," clueweb09-en0011-58-20232",false," clueweb09-en0007-48-08500",true," random-clueweb09-en0007-49-03198",false," nr-clueweb09-en0003-70-04449",false," clueweb09-en0001-16-28035",false," clueweb09-en0004-90-08184",false," clueweb09-en0006-47-26514",false," clueweb09-en0002-58-06429",false," clueweb09-en0007-48-08496",false," clueweb09-en0001-25-04410",false," clueweb09-en0009-29-23344",false," clueweb09-en0006-52-17149",true," nr-clueweb09-en0000-49-03797",false,2,0
3KTZHH2OOMVVO3HQZKR0IS17RMA8MI,3KKG4CDWKNEIL29OOA3JKEB6JCM94Q,A302KOFOYLD89A,2021-10-14T16:46:35,THURSDAY,1634244395000,1634244557000,162.0,2.7,53.971,0.0," Government bails out the rich"," "," History"," clueweb09-enwp01-21-05674",false," clueweb09-en0003-32-05700",true," clueweb09-en0011-29-31801",false," clueweb09-en0011-30-38522",false," clueweb09-en0005-23-07477",true," clueweb09-en0001-40-02498",true," clueweb09-en0007-96-12149",false," random-clueweb09-en0008-13-05976",false," clueweb09-en0007-47-08993",false," nr-clueweb09-en0011-58-19254",false," clueweb09-en0000-92-01188",false," clueweb09-en0000-92-01208",false," nr-clueweb09-en0005-82-19843",false,3,0
371QPA24D64HQYNP9WJXPW9R7OZT1J,3ATTHHXXWF42U5Q1CFB1UI77VX8IXR,A14GKRTUEHBLBZ,2021-10-14T16:06:10,THURSDAY,1634241970000,1634242105000,135.0,2.25,12.179,0.0," wildest place on earth"," "," Nature"," clueweb09-en0005-30-24500",false," clueweb09-en0002-15-04901",false," clueweb09-enwp03-32-20199",false," clueweb09-en0005-57-07852",true," clueweb09-en0003-65-00389",false," clueweb09-en0008-02-27978",false," clueweb09-en0006-90-28061",false," nr-clueweb09-en0007-54-44020",false," clueweb09-en0004-56-20985",false," random-clueweb09-enwp02-01-03342",false," clueweb09-en0011-56-33290",false," clueweb09-en0002-51-22081",false," nr-clueweb09-en0011-67-32982",false,1,0
371QPA24D64HQYNP9WJXPW9R7OZT1J,3UNH76FOCXLDQT622QVV5PLXEBLYMQ,A3TUJHF9LW3M8N,2021-10-14T16:05:58,THURSDAY,1634241958000,1634242180000,222.0,3.7,23.336,0.0," Best store for sneakers"," "," Shopping"," clueweb09-en0008-86-31335",false," clueweb09-en0007-96-14349",false," clueweb09-en0011-35-14036",false," nr-clueweb09-en0001-18-32450",false," clueweb09-en0006-72-15595",false," clueweb09-en0006-72-15590",false," clueweb09-en0011-51-35371",false," clueweb09-en0011-51-33788",false," random-clueweb09-en0007-29-30662",false," clueweb09-en0003-43-20417",false," clueweb09-en0007-96-14348",true," clueweb09-en0002-67-28189",false," nr-clueweb09-en0002-17-21312",false,1,0
371QPA24D64HQYNP9WJXPW9R7OZT1J,3TGOYF99122FMSR61RPSTEWEV9DUUG,AFU00NU09CFXE,2021-10-14T16:04:16,THURSDAY,1634241856000,1634242236000,380.0,6.333333333333333,18.499,0.0," benefits of yoga"," "," Health &amp; Wellness"," clueweb09-en0005-38-25837",true," nr-clueweb09-en0008-73-35032",false," clueweb09-en0001-05-27760",true," random-clueweb09-en0007-49-03198",false," clueweb09-en0005-49-01939",true," clueweb09-en0002-42-16402",true," clueweb09-en0006-74-32007",false," clueweb09-en0005-49-01942",true," clueweb09-en0005-98-04706",true," clueweb09-en0008-35-39510",true," clueweb09-en0011-40-17433",true," clueweb09-en0011-90-15087",true," nr-clueweb09-en0004-31-10978",false,9,0
371QPA24D64HQYNP9WJXPW9R7OZT1J,3TPWUS5F8EHWS2ZBA0JTHWV59PHCWN,AWVLT2L5AP873,2021-10-14T16:05:01,THURSDAY,1634241901000,1634242264000,363.0,6.05,282.588,0.0," rarest cat breed"," "," Pets"," clueweb09-en0001-95-33167",true," clueweb09-en0001-53-00272",false," clueweb09-en0011-05-10814",true," clueweb09-en0010-12-06522",false," clueweb09-en0001-49-17944",false," random-clueweb09-en0008-25-06683",false," clueweb09-en0007-93-32291",false," nr-clueweb09-en0008-18-38540",false," clueweb09-en0009-98-38262",false," clueweb09-en0003-37-12570",false," clueweb09-en0005-82-03373",false," clueweb09-en0003-13-14743",false," nr-clueweb09-en0000-63-16325",false,2,0
371QPA24D64HQYNP9WJXPW9R7OZT1J,3AZHRG4CU90F7C27O0F7HYI728R30I,A2NAKIXS3DVGAA,2021-10-14T16:11:34,THURSDAY,1634242294000,1634242315000,21.0,0.35,7.319,0.0," Is home a compound word?"," "," Home"," clueweb09-en0004-84-02206",false," clueweb09-enwp00-58-13325",false," clueweb09-en0008-39-12925",false," clueweb09-en0007-37-34359",false," nr-clueweb09-en0009-88-06210",false," clueweb09-en0010-53-32617",false," clueweb09-en0007-78-35572",false," clueweb09-en0000-55-06318",false," clueweb09-en0009-19-29070",false," clueweb09-en0002-67-24135",false," random-clueweb09-en0011-47-15958",false," clueweb09-en0001-13-18385",false," nr-clueweb09-en0003-72-10790",false,0,0
371QPA24D64HQYNP9WJXPW9R7OZT1J,3HQUKB7LNKU5CKF21TBURKIY7UAHH4,A1YSYI926BBOHW,2021-10-14T16:08:53,THURSDAY,1634242133000,1634242364000,231.0,3.85,215.417,0.0," highest grossing movies ever"," "," Entertainment"," clueweb09-enwp01-26-04278",true," random-clueweb09-en0008-25-06683",false," clueweb09-en0004-60-16576",false," clueweb09-en0003-28-11426",false," clueweb09-en0002-10-16371",false," clueweb09-en0001-22-20835",false," clueweb09-enwp00-34-14304",true," clueweb09-en0005-23-18016",false," clueweb09-en0011-49-27231",false," clueweb09-en0004-35-06534",false," nr-clueweb09-en0000-69-06725",false," clueweb09-en0009-83-28701",false," nr-clueweb09-en0010-57-24059",false,2,0
371QPA24D64HQYNP9WJXPW9R7OZT1J,3LOTDFNYACF3VEJL129UP2G8629FW1,A2CWJRAEFZ44HU,2021-10-14T16:05:05,THURSDAY,1634241905000,1634242410000,505.0,8.416666666666666,13.134,0.0," germany elections"," "," Politics"," clueweb09-enwp00-60-06811",true," clueweb09-enwp00-69-11364",false," clueweb09-en0001-52-05298",false," clueweb09-en0007-97-13774",true," clueweb09-en0008-57-26200",false," random-clueweb09-en0007-09-17000",false," nr-clueweb09-en0010-47-31659",false," clueweb09-en0008-80-37527",false," clueweb09-en0001-51-15654",false," clueweb09-en0005-31-35349",false," clueweb09-en0000-47-34943",false," clueweb09-en0010-36-17778",false," nr-clueweb09-en0001-48-19418",false,2,0
371QPA24D64HQYNP9WJXPW9R7OZT1J,3RXCAC0YIW5YJDJYEJZ6T7DYPB88GI,A49A0FF6ZXYDU,2021-10-14T16:13:28,THURSDAY,1634242408000,1634242469000,61.0,1.0166666666666666,31.439,0.0," where will the mondial de la biere be held in 2009"," "," Food &amp; Drink"," clueweb09-en0003-43-23636",false," clueweb09-en0011-74-07539",false," clueweb09-en0010-73-14605",false," clueweb09-enwp01-54-02205",true," clueweb09-en0004-23-09452",false," clueweb09-en0003-43-23650",false," clueweb09-en0010-73-14602",false," nr-clueweb09-en0007-93-27657",false," clueweb09-en0006-34-23621",false," clueweb09-en0004-63-20323",false," clueweb09-en0009-00-28456",false," random-clueweb09-en0003-33-30335",false," nr-clueweb09-en0006-86-02202",false,1,0
371QPA24D64HQYNP9WJXPW9R7OZT1J,39GXDJN2OYUH1A9T3EYST8G8CQW8V7,A2QX3YJXAAHHVV,2021-10-14T16:13:55,THURSDAY,1634242435000,1634242649000,214.0,3.566666666666667,12.114,0.0," Best prime rib recipes"," "," Food &amp; Drink"," clueweb09-en0010-53-26256",false," clueweb09-en0000-95-14813",true," clueweb09-en0007-81-00084",true," clueweb09-en0005-60-11658",false," clueweb09-en0001-56-18123",false," nr-clueweb09-en0003-63-31327",false," clueweb09-en0002-62-08323",false," clueweb09-en0007-33-32782",false," clueweb09-en0005-60-11520",false," random-clueweb09-en0005-85-21121",false," clueweb09-en0010-53-26262",false," clueweb09-en0000-67-16009",true," nr-clueweb09-en0011-29-18542",false,3,0
371QPA24D64HQYNP9WJXPW9R7OZT1J,34FNN24DCRPFIMLWARE9ONABSHZ5YD,AHYTT3T8W9Y9Y,2021-10-14T16:25:50,THURSDAY,1634243150000,1634243908000,758.0,12.633333333333333,23.361,0.0," bright home decor ideas"," "," Home"," clueweb09-en0010-86-00039",false," clueweb09-en0005-23-12064",false," clueweb09-en0001-24-19793",false," clueweb09-en0001-65-17720",true," clueweb09-en0002-36-22756",false," clueweb09-en0008-09-08713",true," clueweb09-en0008-07-39483",true," nr-clueweb09-en0010-71-15199",false," random-clueweb09-en0006-75-34429",false," clueweb09-en0010-42-17033",false," clueweb09-en0002-35-04312",false," clueweb09-en0008-19-00887",false," nr-clueweb09-en0009-12-09397",false,3,0
3X0EMNLXFT5ZKIAGZTU2RAFA7PLVP5,3I02618YA5M2UNJAK5QYJ89FNSLUPK,AFU00NU09CFXE,2021-10-14T16:04:01,THURSDAY,1634241841000,1634242031000,190.0,3.1666666666666665,15.977,0.0," best online co-op video games"," "," Entertainment"," clueweb09-en0005-23-08087",false," clueweb09-enwp01-89-06559",true," nr-clueweb09-en0001-99-14451",false," random-clueweb09-en0008-13-05976",false," clueweb09-en0005-38-05091",false," clueweb09-en0002-78-33124",false," clueweb09-en0008-00-28405",false," clueweb09-en0005-53-20283",false," clueweb09-en0011-81-36705",true," clueweb09-en0007-27-34561",true," clueweb09-enwp03-11-20306",false," clueweb09-en0005-53-20289",true," nr-clueweb09-en0006-61-01442",false,4,0
3X0EMNLXFT5ZKIAGZTU2RAFA7PLVP5,3AQF3RZ55DY51Z4FAKWQR8HVI1H6FU,A14GKRTUEHBLBZ,2021-10-14T16:06:13,THURSDAY,1634241973000,1634242174000,201.0,3.35,7.571,0.0," when was the civil war"," "," History"," clueweb09-en0000-80-31663",true," clueweb09-enwp00-48-10252",false," clueweb09-en0000-93-16601",false," clueweb09-en0004-59-17357",true," clueweb09-en0000-61-28951",false," clueweb09-en0003-63-24030",true," clueweb09-en0011-58-18788",false," clueweb09-en0000-44-30151",false," clueweb09-en0000-72-09816",false," nr-clueweb09-en0004-99-27465",false," random-clueweb09-enwp03-08-12100",false," clueweb09-en0004-62-16205",false," nr-clueweb09-en0000-10-04807",false,3,0
3X0EMNLXFT5ZKIAGZTU2RAFA7PLVP5,3ZPBJO59KUHO04A0FXS40Z30F2HHDV,A1YSYI926BBOHW,2021-10-14T16:08:44,THURSDAY,1634242124000,1634242182000,58.0,0.9666666666666667,34.282,0.0," what crafts use yarn?"," "," Crafts &amp; Hobbies"," clueweb09-en0004-68-08694",true," clueweb09-en0006-67-16570",false," clueweb09-en0001-89-32185",true," nr-clueweb09-en0006-31-01933",false," random-clueweb09-en0008-31-37861",false," clueweb09-en0007-98-08267",false," clueweb09-en0006-07-25092",false," clueweb09-en0006-42-25825",true," clueweb09-en0005-95-13804",false," clueweb09-en0006-07-25180",false," clueweb09-en0006-67-16593",false," clueweb09-en0006-42-25826",true," nr-clueweb09-en0003-72-10959",false,4,0
3X0EMNLXFT5ZKIAGZTU2RAFA7PLVP5,3NPI0JQDATLNUA4LK00OECND4FFPTR,A49A0FF6ZXYDU,2021-10-14T16:10:35,THURSDAY,1634242235000,1634242323000,88.0,1.4666666666666666,53.517,0.0," how many Green Party members currently hold state office in the USA"," "," Politics"," clueweb09-enwp03-25-10538",false," clueweb09-en0003-04-17196",false," clueweb09-en0005-76-13734",false," clueweb09-en0001-81-22811",false," nr-clueweb09-en0003-38-25222",false," clueweb09-en0010-22-27676",false," random-clueweb09-en0008-31-37861",false," clueweb09-en0008-44-00373",false," clueweb09-en0008-47-13172",false," clueweb09-en0007-33-34879",false," clueweb09-en0001-47-08938",true," clueweb09-en0008-47-13160",true," nr-clueweb09-en0010-71-16511",false,2,0
3X0EMNLXFT5ZKIAGZTU2RAFA7PLVP5,36ZN444YTWEF0WC9BOO5B5GEJS2IOJ,AWVLT2L5AP873,2021-10-14T16:05:05,THURSDAY,1634241905000,1634242366000,461.0,7.683333333333334,397.759,0.0," most expensive painting"," "," Arts"," clueweb09-enwp00-67-12410",true," clueweb09-en0007-14-06118",false," random-clueweb09-en0004-13-04016",false," clueweb09-en0000-08-15511",false," clueweb09-en0008-80-25096",false," clueweb09-en0002-15-32215",false," clueweb09-enwp01-01-05142",false," nr-clueweb09-en0001-72-07846",false," clueweb09-en0006-95-04204",false," clueweb09-en0004-61-09445",false," clueweb09-en0005-28-27794",false," clueweb09-en0007-14-06102",false," nr-clueweb09-en0002-80-23006",false,1,0
3X0EMNLXFT5ZKIAGZTU2RAFA7PLVP5,3GFK2QRXXEXBTHQWVQWL3QPVH9X5WC,A2NAKIXS3DVGAA,2021-10-14T16:13:15,THURSDAY,1634242395000,1634242424000,29.0,0.48333333333333334,11.064,0.0," Is pets a common word?"," "," Pets"," clueweb09-en0006-08-01815",false," clueweb09-en0003-48-00263",false," clueweb09-en0007-23-22619",false," clueweb09-en0001-61-22329",false," clueweb09-en0011-98-31344",false," random-clueweb09-en0003-07-27095",false," nr-clueweb09-en0002-05-03059",false," clueweb09-en0010-76-00077",false," clueweb09-en0005-84-08361",false," clueweb09-en0008-92-36103",false," clueweb09-en0008-97-05342",false," clueweb09-en0007-06-06635",false," nr-clueweb09-en0002-02-25187",false,0,0
3X0EMNLXFT5ZKIAGZTU2RAFA7PLVP5,3TMFV4NEPDUUGZ9YTO3OFAZMJZY8WH,A2QX3YJXAAHHVV,2021-10-14T16:13:56,THURSDAY,1634242436000,1634242761000,325.0,5.416666666666667,25.48,0.0," what is a good-paying dividend stock?"," "," Economy &amp; Finance"," clueweb09-en0006-14-35396",false," clueweb09-en0001-43-08489",false," clueweb09-en0007-84-17999",false," clueweb09-en0000-73-05935",true," clueweb09-en0003-58-31546",false," clueweb09-en0006-66-33861",false," clueweb09-en0001-35-15078",true," clueweb09-en0006-14-35410",false," nr-clueweb09-en0001-18-32244",false," clueweb09-en0004-17-12736",false," clueweb09-en0003-07-27340",false," random-clueweb09-en0007-29-30662",false," nr-clueweb09-en0006-23-24767",false,2,0
3X0EMNLXFT5ZKIAGZTU2RAFA7PLVP5,3WMINLGALGJZLPW89VN1Z7YEH7GACE,AHYTT3T8W9Y9Y,2021-10-14T16:15:53,THURSDAY,1634242553000,1634242867000,314.0,5.233333333333333,29.939,0.0," best dogs around babies"," "," Pets"," clueweb09-en0002-15-16867",false," clueweb09-en0009-49-26147",false," clueweb09-en0006-35-10290",true," clueweb09-en0003-88-24934",false," clueweb09-en0010-43-24671",true," clueweb09-en0002-14-23367",false," clueweb09-en0000-97-07789",false," nr-clueweb09-en0008-07-19698",false," clueweb09-en0005-84-11615",false," random-clueweb09-en0000-21-15033",false," clueweb09-en0004-00-20708",false," clueweb09-en0009-29-23288",false," nr-clueweb09-en0004-65-06583",false,2,0
3X0EMNLXFT5ZKIAGZTU2RAFA7PLVP5,3G0WWMR1U00AZ90GNHT15I7VKSENQC,A2CWJRAEFZ44HU,2021-10-14T16:05:16,THURSDAY,1634241916000,1634242969000,1053.0,17.55,17.984,0.0," mexico election results"," "," Politics"," clueweb09-enwp01-26-19418",true," clueweb09-enwp01-17-18229",true," clueweb09-en0010-69-08742",false," nr-clueweb09-en0000-92-18378",false," clueweb09-en0010-69-08743",false," clueweb09-en0003-14-19840",false," clueweb09-en0005-70-13219",false," clueweb09-en0003-22-04201",false," random-clueweb09-en0009-06-35915",false," clueweb09-en0003-22-04218",false," clueweb09-en0010-02-03318",false," clueweb09-en0000-52-04344",false," nr-clueweb09-en0004-41-04675",false,2,0
3X0EMNLXFT5ZKIAGZTU2RAFA7PLVP5,3SBEHTYCWSJRUAGBHBX3DWEGX32IYX,A302KOFOYLD89A,2021-10-14T16:46:46,THURSDAY,1634244406000,1634244774000,368.0,6.133333333333334,39.307,0.0," themes for a halloween party"," "," Home"," random-clueweb09-en0008-13-05976",false," clueweb09-en0008-75-30905",true," nr-clueweb09-en0002-06-14364",false," clueweb09-en0008-28-10827",true," clueweb09-en0009-79-39529",false," clueweb09-en0011-43-03308",false," clueweb09-en0009-79-39567",false," clueweb09-en0009-59-27006",true," clueweb09-en0011-43-03299",false," clueweb09-en0008-56-30369",false," clueweb09-en0002-37-24146",false," clueweb09-en0006-52-18362",false," nr-clueweb09-en0004-15-09793",false,3,0
3LB1BGHFM6CEG4YSLLQ63JK1E98YTM,33OOO72IVM140LVHFVEIUCO65VZCTX,AWVLT2L5AP873,2021-10-14T16:04:51,THURSDAY,1634241891000,1634242006000,115.0,1.9166666666666667,57.96,0.0," the cause of global warming"," "," Nature"," clueweb09-en0010-28-37806",true," clueweb09-en0003-26-16562",true," clueweb09-enwp03-04-07785",true," clueweb09-en0010-28-37779",true," clueweb09-en0011-34-11457",true," clueweb09-en0002-46-00513",true," clueweb09-en0005-21-42396",true," clueweb09-en0006-52-14899",false," random-clueweb09-en0008-13-05976",false," nr-clueweb09-en0004-45-01778",false," clueweb09-en0008-97-17894",false," clueweb09-en0001-22-25696",false," nr-clueweb09-en0003-78-21668",false,7,0
3LB1BGHFM6CEG4YSLLQ63JK1E98YTM,3IXQG4FA2YE261UX3PD6SSHCT4X9BQ,A14GKRTUEHBLBZ,2021-10-14T16:06:14,THURSDAY,1634241974000,1634242197000,223.0,3.716666666666667,8.687,0.0," when to start having kids"," "," Parenting"," clueweb09-en0003-85-29346",true," clueweb09-en0005-16-16795",true," clueweb09-en0007-32-11440",false," clueweb09-en0008-13-11123",true," clueweb09-en0003-35-01528",false," clueweb09-en0004-37-16947",false," nr-clueweb09-en0004-54-00293",false," clueweb09-en0002-42-06260",false," random-clueweb09-en0006-26-18498",false," clueweb09-en0007-53-31420",false," clueweb09-en0001-90-24485",false," clueweb09-en0009-14-20410",false," nr-clueweb09-en0000-98-14967",false,3,0
3LB1BGHFM6CEG4YSLLQ63JK1E98YTM,3PM8NZGV83WFB3EKPNGA3KYTM6OQXZ,A2CWJRAEFZ44HU,2021-10-14T16:05:03,THURSDAY,1634241903000,1634242370000,467.0,7.783333333333333,17.971,0.0," rv rentals"," "," Recreation"," clueweb09-en0005-01-00880",true," clueweb09-en0010-74-06944",true," clueweb09-en0005-01-00888",true," clueweb09-en0001-33-06965",false," random-clueweb09-en0007-49-03198",false," clueweb09-en0011-97-20845",true," clueweb09-en0011-97-20854",true," clueweb09-en0010-09-34089",true," nr-clueweb09-en0003-09-06579",false," clueweb09-en0011-66-18780",true," clueweb09-en0011-22-20177",true," clueweb09-en0002-35-23166",false," nr-clueweb09-en0002-63-18535",false,8,0
3LB1BGHFM6CEG4YSLLQ63JK1E98YTM,3F0BG9B9MU3U5QZFYKT6M7O7JNRY7I,A49A0FF6ZXYDU,2021-10-14T16:12:03,THURSDAY,1634242323000,1634242407000,84.0,1.4,36.823,0.0," where did comme des garcons show in 2008?"," "," Style"," random-clueweb09-en0008-13-05976",false," clueweb09-en0003-16-00378",false," clueweb09-en0009-13-13038",false," clueweb09-en0005-83-07837",false," clueweb09-en0001-10-06959",true," clueweb09-en0004-70-12732",false," clueweb09-enwp01-20-13630",false," clueweb09-enwp00-44-13630",false," clueweb09-en0003-52-03368",true," nr-clueweb09-en0003-24-31439",false," clueweb09-en0006-30-32054",false," clueweb09-en0003-52-03410",false," nr-clueweb09-en0002-63-13523",false,2,0
3LB1BGHFM6CEG4YSLLQ63JK1E98YTM,3U84XHCDIHTXRTR1S8XIX2DZYF54ZV,A1YSYI926BBOHW,2021-10-14T16:08:57,THURSDAY,1634242137000,1634242455000,318.0,5.3,293.809,0.0," what wars have america been a part of"," "," History"," random-clueweb09-en0000-21-15033",false," clueweb09-en0002-58-32255",false," clueweb09-enwp01-65-16385",false," clueweb09-en0002-63-32574",false," clueweb09-enwp01-96-07842",false," nr-clueweb09-en0002-98-15620",false," clueweb09-en0000-63-18162",false," clueweb09-en0011-13-42037",false," clueweb09-en0009-50-04780",true," clueweb09-en0009-88-36180",false," clueweb09-en0009-44-20543",false," clueweb09-en0007-80-13634",false," nr-clueweb09-en0002-23-29101",false,1,0
3LB1BGHFM6CEG4YSLLQ63JK1E98YTM,3YOH7BII0EN1WBBUC3VVJDPZ7POKVY,AFU00NU09CFXE,2021-10-14T16:04:25,THURSDAY,1634241865000,1634242479000,614.0,10.233333333333333,80.641,0.0," best art galleries in NYC"," "," Arts"," clueweb09-en0002-29-03234",false," clueweb09-en0001-89-26972",true," clueweb09-en0002-29-03242",true," clueweb09-en0007-18-33606",false," clueweb09-en0005-96-02475",false," clueweb09-en0005-66-05754",true," clueweb09-en0005-96-02424",true," nr-clueweb09-en0007-50-12406",false," random-clueweb09-enwp00-42-07293",false," clueweb09-en0010-30-19251",true," clueweb09-en0000-81-16360",true," clueweb09-en0010-84-35314",true," nr-clueweb09-en0001-45-24229",false,7,0
3LB1BGHFM6CEG4YSLLQ63JK1E98YTM,3W2LOLRXLGV934UD3JQLIG0WMKCKR8,A2NAKIXS3DVGAA,2021-10-14T16:10:58,THURSDAY,1634242258000,1634242489000,231.0,3.85,10.323,0.0," Is recreation a compound word?"," "," Recreation"," clueweb09-en0001-50-26990",false," clueweb09-en0002-54-12510",false," clueweb09-en0009-84-00323",false," clueweb09-en0006-19-07281",false," clueweb09-en0008-86-07277",false," clueweb09-en0001-50-26991",false," clueweb09-en0007-78-35572",false," nr-clueweb09-en0004-18-04072",false," clueweb09-en0010-00-29901",false," random-clueweb09-en0009-77-38942",false," clueweb09-en0008-86-07280",false," clueweb09-en0011-59-20466",false," nr-clueweb09-en0003-72-10790",false,0,0
3LB1BGHFM6CEG4YSLLQ63JK1E98YTM,3NKQQ8O393LT5QGKFWZ3JESQ9AKDUT,A2QX3YJXAAHHVV,2021-10-14T16:13:53,THURSDAY,1634242433000,1634242493000,60.0,1.0,14.681,0.0," How high can dogs hear?"," "," Pets"," clueweb09-en0002-80-36612",false," clueweb09-en0005-66-02595",false," clueweb09-en0006-50-26921",false," nr-clueweb09-en0007-09-15981",false," clueweb09-en0011-87-28713",false," clueweb09-en0000-64-06567",false," clueweb09-en0004-21-11362",false," clueweb09-en0009-86-02801",false," clueweb09-en0005-93-01045",false," clueweb09-en0002-81-16190",false," random-clueweb09-en0002-63-12795",false," clueweb09-en0006-73-00711",false," nr-clueweb09-en0000-80-19596",false,0,0
3LB1BGHFM6CEG4YSLLQ63JK1E98YTM,38BQUHLA91G1WF20W3MX3YNV02OMO7,AHYTT3T8W9Y9Y,2021-10-14T16:15:49,THURSDAY,1634242549000,1634242615000,66.0,1.1,24.678,0.0," best roasted chicken recipes"," "," Food &amp; Drink"," clueweb09-en0009-20-08219",false," clueweb09-en0009-39-30962",false," random-clueweb09-en0002-86-03239",false," clueweb09-en0003-37-25839",false," clueweb09-en0002-41-01884",true," clueweb09-en0009-20-08221",false," nr-clueweb09-en0003-23-07380",false," clueweb09-en0010-03-00215",true," clueweb09-en0001-48-18807",false," clueweb09-en0011-83-10062",true," clueweb09-en0000-84-26985",false," clueweb09-en0009-03-38764",true," nr-clueweb09-en0004-79-11313",false,4,0
3LB1BGHFM6CEG4YSLLQ63JK1E98YTM,3LYA37P8IV3MNXDO7M4VI1VS4Y9BKM,A3TUJHF9LW3M8N,2021-10-14T16:06:06,THURSDAY,1634241966000,1634242700000,734.0,12.233333333333333,33.612,0.0," best dog breed for kids"," "," Pets"," clueweb09-en0009-86-02632",false," clueweb09-en0009-13-34796",false," clueweb09-en0004-01-17608",false," nr-clueweb09-en0004-37-01084",false," clueweb09-en0001-29-32572",false," clueweb09-en0000-97-07613",true," clueweb09-en0011-73-32354",false," clueweb09-en0011-91-23178",false," clueweb09-en0006-47-26159",false," random-clueweb09-en0008-13-05976",false," clueweb09-en0006-52-14056",false," clueweb09-en0001-48-07179",false," nr-clueweb09-en0009-62-31805",false,1,0
33QQ60S6BWYWJMHWDI57GNCJLA10UF,3O6CYIULEIHSEWGBWR4TB2HBGPOWUH,AWVLT2L5AP873,2021-10-14T16:04:55,THURSDAY,1634241895000,1634242113000,218.0,3.6333333333333333,136.365,0.0," how to teach children another language"," "," Parenting"," clueweb09-en0008-32-36489",true," clueweb09-en0007-58-04959",true," clueweb09-en0005-51-23549",true," clueweb09-en0004-54-05853",false," clueweb09-en0002-46-01649",false," nr-clueweb09-en0006-77-03113",false," clueweb09-en0001-95-27269",false," clueweb09-en0006-19-02291",false," random-clueweb09-en0003-33-30335",false," clueweb09-en0007-58-04955",false," clueweb09-en0004-52-26473",false," clueweb09-en0010-16-05493",false," nr-clueweb09-en0001-20-21041",false,3,0
33QQ60S6BWYWJMHWDI57GNCJLA10UF,37C0GNLMHKJ83FQJJE1038EA6O16DJ,A14GKRTUEHBLBZ,2021-10-14T16:06:11,THURSDAY,1634241971000,1634242126000,155.0,2.5833333333333335,8.21,0.0," best premier league team"," "," Sports"," clueweb09-en0005-85-01115",true," clueweb09-enwp03-33-11021",false," clueweb09-en0003-49-03141",false," clueweb09-en0000-35-17857",true," clueweb09-en0008-26-40375",false," nr-clueweb09-en0002-32-28588",false," clueweb09-en0011-68-09648",false," clueweb09-enwp00-85-13438",true," clueweb09-en0010-92-10870",false," clueweb09-en0010-04-13063",false," random-clueweb09-en0000-87-03924",false," clueweb09-en0010-64-15611",false," nr-clueweb09-en0011-58-19343",false,3,0
33QQ60S6BWYWJMHWDI57GNCJLA10UF,3HUTX6F6VZ3BPBY7ML3DOP9XUX6O2H,A2NAKIXS3DVGAA,2021-10-14T16:12:48,THURSDAY,1634242368000,1634242394000,26.0,0.43333333333333335,9.985,0.0," Is technology a compound word?"," "," Technology"," nr-clueweb09-en0005-86-10857",false," clueweb09-en0004-84-02206",false," clueweb09-en0005-11-21200",false," random-clueweb09-en0008-13-05976",false," clueweb09-en0010-53-32714",false," clueweb09-en0008-86-07288",false," clueweb09-en0003-72-10790",false," clueweb09-en0002-54-12511",false," clueweb09-en0002-54-12512",false," clueweb09-en0007-78-35572",false," clueweb09-en0006-33-21639",false," clueweb09-en0009-14-09922",false," nr-clueweb09-en0003-72-10790",false,0,0
33QQ60S6BWYWJMHWDI57GNCJLA10UF,3Z9WI9EOZ44WEAGA7EER4CYQZBEHK8,A1YSYI926BBOHW,2021-10-14T16:08:59,THURSDAY,1634242139000,1634242484000,345.0,5.75,324.615,0.0," how much should i weigh?"," "," Health &amp; Wellness"," random-clueweb09-en0000-87-03924",false," clueweb09-en0001-03-00179",false," nr-clueweb09-en0003-70-04449",false," clueweb09-en0004-07-06596",true," clueweb09-en0007-86-12567",false," clueweb09-en0004-83-05104",false," clueweb09-en0004-83-05106",false," clueweb09-en0006-93-33348",true," clueweb09-en0006-57-19212",false," clueweb09-en0005-79-32935",false," clueweb09-en0002-37-09263",false," clueweb09-en0000-19-20771",false," nr-clueweb09-en0004-66-22781",false,2,0
33QQ60S6BWYWJMHWDI57GNCJLA10UF,3DL65MZB8IV2B2DKP0PNVQO52MEECD,A49A0FF6ZXYDU,2021-10-14T16:14:30,THURSDAY,1634242470000,1634242531000,61.0,1.0166666666666666,38.175,0.0," what was the best selling high end makeup brand in 2008"," "," Style"," clueweb09-en0000-59-21193",false," clueweb09-en0001-67-34598",false," clueweb09-en0002-38-12694",false," clueweb09-en0000-13-11379",false," nr-clueweb09-en0004-99-27465",false," clueweb09-en0004-57-38250",false," clueweb09-en0000-97-13221",false," clueweb09-en0005-54-05784",false," clueweb09-en0000-97-13272",false," clueweb09-en0002-41-29585",true," random-clueweb09-enwp03-08-12100",false," clueweb09-en0000-45-17876",false," nr-clueweb09-en0004-17-14874",false,1,0
33QQ60S6BWYWJMHWDI57GNCJLA10UF,3XLBSAQ9Z9SUAG9KU6VP0EX9PHVZ7A,A2QX3YJXAAHHVV,2021-10-14T16:13:57,THURSDAY,1634242437000,1634242815000,378.0,6.3,27.044,0.0," When should I let my child take their own bath?"," "," Parenting"," clueweb09-en0002-94-18123",false," clueweb09-en0001-04-24905",false," random-clueweb09-en0007-00-09110",false," clueweb09-en0002-94-18124",false," clueweb09-en0002-05-26667",false," clueweb09-en0000-58-08193",false," clueweb09-en0005-17-00430",false," clueweb09-en0005-16-16381",false," nr-clueweb09-en0003-70-04449",false," clueweb09-en0003-27-22626",false," clueweb09-en0007-97-12456",false," clueweb09-en0005-86-30861",false," nr-clueweb09-en0011-44-13749",false,0,0
33QQ60S6BWYWJMHWDI57GNCJLA10UF,32AT8R96GQPZ7FZ2CMUSEDEQACSSUY,A2CWJRAEFZ44HU,2021-10-14T16:05:14,THURSDAY,1634241914000,1634242924000,1010.0,16.833333333333332,150.666,0.0," los angeles public parks"," "," Nature"," nr-clueweb09-en0004-37-01820",false," clueweb09-en0002-20-30987",true," clueweb09-en0008-12-36723",false," clueweb09-en0008-12-38777",false," clueweb09-en0009-21-19296",true," clueweb09-enwp00-32-09228",false," clueweb09-en0009-21-19372",true," clueweb09-en0002-20-30779",true," clueweb09-en0008-02-09552",true," random-clueweb09-enwp02-01-03342",false," clueweb09-en0009-90-00968",true," clueweb09-en0008-02-09544",true," nr-clueweb09-en0001-16-23741",false,7,0
33QQ60S6BWYWJMHWDI57GNCJLA10UF,3KOPY89HMDIM9I3TA8PDZ3X31HZ3JR,AR8O1107OAW4V,2021-10-14T16:26:04,THURSDAY,1634243164000,1634243249000,85.0,1.4166666666666667,19.612,0.0," When was George Washington born?"," "," History"," clueweb09-en0008-28-16565",false," clueweb09-en0008-66-24087",true," clueweb09-en0002-57-07244",true," clueweb09-en0007-28-01931",false," clueweb09-en0010-78-10816",false," clueweb09-en0002-91-20879",false," clueweb09-enwp00-80-01198",false," nr-clueweb09-en0004-99-27465",false," clueweb09-en0009-44-09410",false," random-clueweb09-en0008-31-37861",false," clueweb09-en0007-34-11672",false," clueweb09-en0001-61-18633",false," nr-clueweb09-en0004-37-02166",false,2,0
33QQ60S6BWYWJMHWDI57GNCJLA10UF,3HVVDCPGTJ8H3OWMBNW7R3GP8KKYTW,A132MSWBBVTOES,2021-10-14T16:26:55,THURSDAY,1634243215000,1634243268000,53.0,0.8833333333333333,27.046,0.0," Which Presidential candidate had the least popular votes in the general election in history?"," "," Politics"," random-clueweb09-en0002-82-08074",false," clueweb09-enwp02-00-14985",false," clueweb09-en0007-80-04536",false," nr-clueweb09-en0000-93-38683",false," clueweb09-en0006-89-14251",false," clueweb09-en0009-26-15515",false," clueweb09-en0006-26-05183",false," clueweb09-enwp02-22-15359",false," clueweb09-en0002-80-07793",false," clueweb09-en0006-53-06192",false," clueweb09-en0011-94-00759",false," clueweb09-en0001-82-17727",false," nr-clueweb09-en0001-21-04346",false,0,0
33QQ60S6BWYWJMHWDI57GNCJLA10UF,3ZOTGHDK5NR4UAF5G0IJF7M1SR7SOQ,AHYTT3T8W9Y9Y,2021-10-14T16:25:27,THURSDAY,1634243127000,1634243692000,565.0,9.416666666666666,18.835,0.0," nature trails in California"," "," Nature"," nr-clueweb09-en0001-77-23294",false," clueweb09-en0009-41-10767",true," clueweb09-en0011-85-10676",false," clueweb09-en0008-01-33727",true," random-clueweb09-en0002-86-03239",false," clueweb09-en0002-99-27180",true," clueweb09-en0011-85-10611",false," clueweb09-en0000-15-06957",false," clueweb09-en0000-77-18304",true," clueweb09-en0007-93-32445",false," clueweb09-en0009-54-14372",true," clueweb09-en0000-59-17132",false," nr-clueweb09-en0004-66-18047",false,5,0
3UYRNV2KJXF16L2QBL60V7Q7WCK8NI,3S4AW7T80GYDM4AXD769PN21J5WL4Q,AWVLT2L5AP873,2021-10-14T16:04:51,THURSDAY,1634241891000,1634241969000,78.0,1.3,13.308,0.0," How to housebreak your dog"," "," Pets"," clueweb09-en0009-86-02709",false," clueweb09-en0000-93-22687",true," random-clueweb09-en0006-75-34429",false," clueweb09-en0006-52-15585",true," nr-clueweb09-en0002-35-18260",false," clueweb09-en0007-05-20288",true," clueweb09-en0006-98-31066",true," clueweb09-en0006-13-19207",true," clueweb09-en0005-20-08475",true," clueweb09-en0011-63-16872",true," clueweb09-en0002-80-35953",true," clueweb09-en0008-40-18534",false," nr-clueweb09-en0001-25-28116",false,8,0
3UYRNV2KJXF16L2QBL60V7Q7WCK8NI,3SUWZRL0M3TDVL4JF9CK9QWV6026EC,A14GKRTUEHBLBZ,2021-10-14T16:06:12,THURSDAY,1634241972000,1634242151000,179.0,2.9833333333333334,9.626,0.0," most famous painter of 15th century"," "," Arts"," clueweb09-enwp03-37-22871",true," nr-clueweb09-en0000-69-06722",false," clueweb09-en0008-33-08004",false," clueweb09-en0011-08-11364",false," clueweb09-en0001-66-09732",true," clueweb09-en0001-51-21564",true," random-clueweb09-en0002-63-12795",false," clueweb09-en0001-50-17283",false," clueweb09-en0000-41-07779",false," clueweb09-en0000-30-00374",false," clueweb09-en0005-78-40955",false," clueweb09-en0007-52-34005",false," nr-clueweb09-en0003-72-10885",false,3,0
3UYRNV2KJXF16L2QBL60V7Q7WCK8NI,3M1CVSFP65L3FQ6REDOWJCNVLLFQAV,AFU00NU09CFXE,2021-10-14T16:04:11,THURSDAY,1634241851000,1634242167000,316.0,5.266666666666667,17.461,0.0," sledding hills in michigan"," "," Recreation"," clueweb09-en0011-70-18964",false," clueweb09-en0008-99-08118",false," clueweb09-en0007-71-21329",false," clueweb09-en0000-73-33010",false," clueweb09-en0010-37-18883",true," nr-clueweb09-en0007-54-30401",false," random-clueweb09-en0009-06-35915",false," clueweb09-en0011-70-18979",false," clueweb09-en0008-53-15487",true," clueweb09-en0002-60-19964",true," clueweb09-en0002-58-28938",false," clueweb09-en0002-60-19963",true," nr-clueweb09-en0004-45-01844",false,4,0
3UYRNV2KJXF16L2QBL60V7Q7WCK8NI,3ZQIG0FLQJWSRB5B1HEY7OJUUWXWV6,A2CWJRAEFZ44HU,2021-10-14T16:04:59,THURSDAY,1634241899000,1634242231000,332.0,5.533333333333333,34.303,0.0," san francisco giants lineup"," "," Sports"," clueweb09-en0007-95-11102",false," clueweb09-en0008-94-13269",false," clueweb09-en0011-79-15076",true," clueweb09-en0004-61-23050",true," clueweb09-en0006-77-06314",true," clueweb09-en0008-24-24690",false," clueweb09-en0001-05-15262",false," random-clueweb09-en0002-86-03239",false," nr-clueweb09-en0004-58-31323",false," clueweb09-en0008-01-08187",false," clueweb09-en0007-66-28807",false," clueweb09-enwp01-55-07299",false," nr-clueweb09-en0002-02-25310",false,3,0
3UYRNV2KJXF16L2QBL60V7Q7WCK8NI,3ZWFC4W1UZNYNI2Z28ZO238REOVFR1,A49A0FF6ZXYDU,2021-10-14T16:09:26,THURSDAY,1634242166000,1634242235000,69.0,1.15,30.754,0.0," what medications should I give to a dog with epilepsy"," "," Pets"," clueweb09-en0006-47-26455",false," clueweb09-en0011-83-04111",false," clueweb09-en0011-83-04103",false," clueweb09-en0004-18-02597",false," clueweb09-enwp01-77-20359",false," clueweb09-en0008-35-45241",false," clueweb09-en0006-32-28794",false," clueweb09-en0008-81-03404",true," nr-clueweb09-en0004-20-00052",false," clueweb09-en0006-98-08032",true," random-clueweb09-en0004-13-04016",false," clueweb09-en0002-33-27733",true," nr-clueweb09-en0010-66-13836",false,3,0
3UYRNV2KJXF16L2QBL60V7Q7WCK8NI,32XVDSJFP4DNP8DV95O0WLKSZXS2MH,A2NAKIXS3DVGAA,2021-10-14T16:10:52,THURSDAY,1634242252000,1634242273000,21.0,0.35,8.274,0.0," Is science a compound word?"," "," Science"," clueweb09-en0001-50-26990",false," clueweb09-enwp01-99-13378",false," clueweb09-en0000-53-34088",false," clueweb09-en0000-37-13796",false," clueweb09-en0007-84-33454",false," clueweb09-en0003-49-28607",false," nr-clueweb09-en0009-21-22577",false," random-clueweb09-enwp02-01-03342",false," clueweb09-en0000-84-25198",false," clueweb09-en0011-41-03533",false," clueweb09-en0007-04-39254",false," clueweb09-en0011-93-35704",false," nr-clueweb09-en0003-72-10790",false,0,0
3UYRNV2KJXF16L2QBL60V7Q7WCK8NI,3FUI0JHJP2EBO4147NXQJWGE5KA33C,A3TUJHF9LW3M8N,2021-10-14T16:06:02,THURSDAY,1634241962000,1634242316000,354.0,5.9,9.511,0.0," How to train dog to stop barking"," "," Pets"," clueweb09-en0006-35-10307",true," clueweb09-en0004-83-00862",false," clueweb09-en0011-27-21298",true," clueweb09-en0008-68-27909",true," clueweb09-en0006-52-19650",false," random-clueweb09-en0002-82-08074",false," nr-clueweb09-en0008-15-19348",false," clueweb09-en0007-58-05431",true," clueweb09-en0001-20-20768",false," clueweb09-en0001-20-20739",true," clueweb09-en0006-50-30562",false," clueweb09-en0009-03-26290",true," nr-clueweb09-en0009-03-16765",false,6,0
3UYRNV2KJXF16L2QBL60V7Q7WCK8NI,3U5JL4WY5PP8MYRMRQ9X0HXOQF74XY,A1YSYI926BBOHW,2021-10-14T16:08:55,THURSDAY,1634242135000,1634242411000,276.0,4.6,259.95,0.0," best law schools"," "," Education"," clueweb09-en0007-10-00670",false," clueweb09-enwp03-39-08653",false," clueweb09-en0001-11-21336",true," clueweb09-en0007-10-00672",false," clueweb09-en0001-83-16094",false," nr-clueweb09-en0001-54-24179",false," random-clueweb09-en0007-29-30662",false," clueweb09-en0011-89-14577",false," clueweb09-enwp02-00-14296",false," clueweb09-en0009-66-00959",false," clueweb09-en0001-83-16130",false," clueweb09-en0009-40-06050",false," nr-clueweb09-en0003-89-09366",false,1,0
3UYRNV2KJXF16L2QBL60V7Q7WCK8NI,35USIKEBNWWHPRHW88F3ZDQ4KS46N2,A2QX3YJXAAHHVV,2021-10-14T16:13:58,THURSDAY,1634242438000,1634242873000,435.0,7.25,14.643,0.0," When do children begin to talk?"," "," Parenting"," nr-clueweb09-en0003-76-14085",false," clueweb09-en0009-41-30710",true," clueweb09-en0006-60-00864",false," random-clueweb09-en0006-35-27399",false," clueweb09-en0002-53-03603",false," clueweb09-en0011-68-08579",false," clueweb09-en0007-40-12313",false," clueweb09-en0011-38-11998",false," clueweb09-en0002-42-06260",false," clueweb09-en0005-19-04368",false," clueweb09-en0009-97-06757",true," clueweb09-en0008-12-30033",false," nr-clueweb09-en0001-70-07290",false,2,0
3UYRNV2KJXF16L2QBL60V7Q7WCK8NI,3NC5L260MT2VQ5AJAGIK883M31DOF3,AHYTT3T8W9Y9Y,2021-10-14T16:25:49,THURSDAY,1634243149000,1634243838000,689.0,11.483333333333333,26.29,0.0," top action movies of all time"," "," Entertainment"," clueweb09-en0002-00-29617",false," clueweb09-en0007-71-14289",false," clueweb09-en0000-82-10710",true," clueweb09-en0007-45-06795",true," clueweb09-en0004-70-12280",false," clueweb09-en0005-22-02303",false," random-clueweb09-en0009-64-30845",false," nr-clueweb09-en0001-74-34420",false," clueweb09-en0005-61-15269",false," clueweb09-en0002-00-29656",false," clueweb09-en0002-29-19074",false," clueweb09-en0005-23-16626",false," nr-clueweb09-en0007-07-02550",false,2,0
35NNO802BZCUVRE3K7IR8WKLZ8ONI4,34V1S5K3GXHW0PD27YWYHCVKF3M965,A14GKRTUEHBLBZ,2021-10-14T16:06:08,THURSDAY,1634241968000,1634242050000,82.0,1.3666666666666667,11.586,0.0," how to make home jewelry"," "," Crafts &amp; Hobbies"," clueweb09-en0007-58-06377",true," nr-clueweb09-en0002-28-35454",false," clueweb09-en0007-58-06899",true," clueweb09-en0002-34-19669",true," random-clueweb09-en0007-00-09110",false," clueweb09-en0003-66-12786",false," clueweb09-en0008-96-29764",true," clueweb09-en0008-96-29767",false," clueweb09-en0008-13-04947",false," clueweb09-en0011-53-27502",false," clueweb09-en0006-52-15937",false," clueweb09-en0007-95-13584",false," nr-clueweb09-en0002-51-23398",false,4,0
35NNO802BZCUVRE3K7IR8WKLZ8ONI4,3JPSL1DZ5XFICTTZYLWFFISQGASNA5,AFU00NU09CFXE,2021-10-14T16:04:06,THURSDAY,1634241846000,1634242103000,257.0,4.283333333333333,23.338,0.0," getting started with knitting"," "," Crafts &amp; Hobbies"," nr-clueweb09-en0003-35-33123",false," clueweb09-en0007-58-02073",true," clueweb09-en0011-30-22107",true," clueweb09-en0002-16-08173",true," clueweb09-en0007-17-33760",false," clueweb09-en0002-46-11561",true," clueweb09-en0011-16-13903",false," clueweb09-en0008-82-17602",true," clueweb09-en0002-96-27449",true," random-clueweb09-en0000-21-15033",false," clueweb09-en0005-40-32781",true," clueweb09-en0009-93-37409",true," nr-clueweb09-en0003-59-04223",false,8,0
35NNO802BZCUVRE3K7IR8WKLZ8ONI4,3LS2AMNW5K6SHU0SOWTEK770A3KOQV,A1YSYI926BBOHW,2021-10-14T16:08:46,THURSDAY,1634242126000,1634242212000,86.0,1.4333333333333333,67.301,0.0," how many animals have went extinct"," "," Nature"," clueweb09-en0007-67-29455",true," clueweb09-en0009-51-17643",false," clueweb09-enwp00-76-13015",false," random-clueweb09-en0007-49-03198",false," clueweb09-en0010-39-01917",true," clueweb09-en0010-61-18047",false," clueweb09-en0005-76-15439",false," clueweb09-en0011-90-03130",false," nr-clueweb09-en0003-38-25222",false," clueweb09-en0003-37-04195",true," clueweb09-en0007-66-09337",false," clueweb09-en0004-47-03421",false," nr-clueweb09-en0008-05-34773",false,3,0
35NNO802BZCUVRE3K7IR8WKLZ8ONI4,3LRKMWOKBAXNOFCEOUEU4NG1E192ZX,A3TUJHF9LW3M8N,2021-10-14T16:05:59,THURSDAY,1634241959000,1634242234000,275.0,4.583333333333333,29.797,0.0," Best parks in the New York area"," "," Nature"," clueweb09-en0002-80-33264",false," clueweb09-en0001-92-36660",false," clueweb09-en0003-85-21481",false," clueweb09-en0002-75-25404",true," clueweb09-en0001-80-25090",false," clueweb09-en0003-36-28041",false," nr-clueweb09-en0003-64-31012",false," clueweb09-en0000-07-14146",true," clueweb09-en0003-15-03590",false," clueweb09-en0008-31-03006",false," random-clueweb09-en0006-75-34429",false," clueweb09-en0002-15-18844",true," nr-clueweb09-en0011-26-11486",false,3,0
35NNO802BZCUVRE3K7IR8WKLZ8ONI4,3M23Y66PO7NE5491G4WPY70A7RBS6Z,A2NAKIXS3DVGAA,2021-10-14T16:11:14,THURSDAY,1634242274000,1634242294000,20.0,0.3333333333333333,7.397,0.0," Is nature a compound word?"," "," Nature"," clueweb09-en0001-50-26990",false," clueweb09-enwp01-99-13378",false," clueweb09-en0010-10-18139",false," clueweb09-en0004-07-36716",false," clueweb09-en0003-62-14811",false," random-clueweb09-en0005-94-21396",false," clueweb09-en0010-69-33588",false," clueweb09-en0007-33-14318",false," nr-clueweb09-en0001-77-23294",false," clueweb09-en0000-53-34088",false," clueweb09-en0011-26-14269",false," clueweb09-en0011-81-12719",false," nr-clueweb09-en0003-72-10790",false,0,0
35NNO802BZCUVRE3K7IR8WKLZ8ONI4,3RU7GD8VPT9MFAR6V0VY47RR2V0SP2,A2CWJRAEFZ44HU,2021-10-14T16:05:08,THURSDAY,1634241908000,1634242542000,634.0,10.566666666666666,17.306,0.0," movies opening this weekend"," "," Entertainment"," nr-clueweb09-en0010-98-13205",false," clueweb09-en0002-98-25631",false," clueweb09-en0001-08-08828",true," clueweb09-en0009-57-44738",false," clueweb09-en0007-16-29506",false," random-clueweb09-en0005-94-21396",false," clueweb09-en0001-08-08822",true," clueweb09-en0000-92-21541",true," clueweb09-en0001-92-27417",true," clueweb09-en0007-83-21380",false," clueweb09-en0000-55-18181",false," clueweb09-en0006-89-04487",false," nr-clueweb09-en0008-49-18654",false,4,0
35NNO802BZCUVRE3K7IR8WKLZ8ONI4,3PH3VY7DJQD90VAL2E31SUWQI73WZ6,AWVLT2L5AP873,2021-10-14T16:05:08,THURSDAY,1634241908000,1634242542000,634.0,10.566666666666666,505.931,0.0," in-vitro fertilization cost"," "," Parenting"," clueweb09-en0001-91-09658",true," clueweb09-en0008-56-15251",true," clueweb09-en0006-36-34702",true," clueweb09-en0009-23-01907",false," clueweb09-en0000-47-07851",false," random-clueweb09-en0007-00-09110",false," clueweb09-en0007-72-11312",false," clueweb09-en0010-69-01411",true," nr-clueweb09-en0001-13-17446",false," clueweb09-en0004-75-28488",false," clueweb09-en0008-56-15301",true," clueweb09-en0007-69-40754",false," nr-clueweb09-en0001-13-08334",false,5,0
35NNO802BZCUVRE3K7IR8WKLZ8ONI4,34BBWHLWHFRN55LB2AFFSZT0MV2WIC,A2QX3YJXAAHHVV,2021-10-14T16:13:54,THURSDAY,1634242434000,1634242562000,128.0,2.1333333333333333,22.04,0.0," How do you heal a ligament"," "," Health &amp; Wellness"," clueweb09-en0004-41-04718",false," clueweb09-en0006-99-34896",false," clueweb09-en0009-40-16202",false," clueweb09-en0005-16-17500",false," clueweb09-en0002-25-01581",false," clueweb09-en0002-05-13504",false," clueweb09-en0006-87-34445",false," clueweb09-en0010-85-27492",false," clueweb09-en0001-30-06239",false," nr-clueweb09-en0006-69-04556",false," clueweb09-en0002-43-25994",false," random-clueweb09-en0002-82-08074",false," nr-clueweb09-en0000-90-15865",false,0,0
35NNO802BZCUVRE3K7IR8WKLZ8ONI4,3WMINLGALGJZLPW89VN1Z7YEH7GCAG,AHYTT3T8W9Y9Y,2021-10-14T16:15:50,THURSDAY,1634242550000,1634242678000,128.0,2.1333333333333333,15.769,0.0," colleges in New York"," "," Education"," clueweb09-en0009-14-21400",false," random-clueweb09-en0009-64-30845",false," clueweb09-en0001-21-02990",false," clueweb09-en0006-48-08097",true," clueweb09-enwp00-45-03886",true," clueweb09-en0008-41-27280",true," clueweb09-en0007-07-07679",false," clueweb09-en0011-76-00617",false," clueweb09-en0004-24-35160",false," nr-clueweb09-en0000-49-04696",false," clueweb09-en0001-44-10668",true," clueweb09-enwp00-41-11994",true," nr-clueweb09-en0010-71-20176",false,5,0
35NNO802BZCUVRE3K7IR8WKLZ8ONI4,33LK57MYLYLGTETCI9T0V5T5CVASZS,AR8O1107OAW4V,2021-10-14T16:26:05,THURSDAY,1634243165000,1634243297000,132.0,2.2,11.042,0.0," What is the water cycle?"," "," Science"," clueweb09-enwp03-23-03122",true," clueweb09-en0001-54-32804",false," nr-clueweb09-en0005-09-13049",false," clueweb09-en0009-84-00308",false," random-clueweb09-en0006-26-18498",false," clueweb09-enwp01-61-14616",false," clueweb09-en0001-34-28029",false," clueweb09-en0011-39-26898",false," clueweb09-en0004-54-19917",false," clueweb09-en0008-01-12720",false," clueweb09-en0001-54-32742",false," clueweb09-en0003-71-17392",false," nr-clueweb09-en0004-90-08237",false,1,0
