HITid,AssignmentId,WorkerId,Time of Day,Start Time,End Time,Time,Minutes,Input Time (s),Query Time (s),Query,Description,Category,doc1id,doc1selected,doc2id,doc2selected,doc3id,doc3selected,doc4id,doc4selected,doc5id,doc5selected,doc6id,doc6selected,doc7id,doc7selected,doc8id,doc8selected,doc9id,doc9selected,doc10id,doc10selected,doc11id,doc11selected,doc12id,doc12selected,doc13id,doc13selected,Num Relevant Selected,Num NR Selected
3P7QK0GJ4X1K1VEKYS8TG3KDHKH2ZS,3JJVG1YBEGDJ5ESL0Z0PGCCAT2J5BA,A45HNDMV9V0NA,2021-07-15T16:30:42,1626381042000,1626381177000,135.0,2.25,48.016,0.0," Best places to go during the summer."," "," Travel"," clueweb09-en0001-31-28777",true," clueweb09-en0004-81-38577",false," clueweb09-en0000-21-24568",false," clueweb09-en0011-96-13202",false," nr-clueweb09-en0011-30-26360",false," clueweb09-en0010-50-27707",false," clueweb09-en0004-83-11819",true," clueweb09-en0003-95-30609",true," clueweb09-en0006-31-32939",true," random-clueweb09-en0005-85-21121",false," clueweb09-en0006-51-36472",false," clueweb09-en0011-28-10320",false," nr-clueweb09-en0004-76-12123",false,4,0
3P7QK0GJ4X1K1VEKYS8TG3KDHKH2ZS,3W92K5RLWZXYESQR5GRPHO6HWUXV54,A195MOXRMNHRVT,2021-07-15T16:17:45,1626380265000,1626381222000,957.0,15.95,11.258,0.0," non alcoholic cocktails"," "," Food &amp; Drink"," clueweb09-enwp01-64-01184",false," nr-clueweb09-en0006-42-31256",false," clueweb09-en0003-71-12005",false," clueweb09-en0010-55-24019",false," random-clueweb09-en0008-13-05976",false," clueweb09-enwp03-21-15250",true," clueweb09-en0008-52-30971",true," clueweb09-en0007-08-31358",true," clueweb09-en0000-09-27454",false," clueweb09-en0006-09-20525",false," clueweb09-en0006-51-08116",true," clueweb09-en0011-01-19650",false," nr-clueweb09-en0006-42-31254",false,4,0
3P7QK0GJ4X1K1VEKYS8TG3KDHKH2ZS,3OVR4I9USUZOD1QA5CE5691VF6V4QM,A2IFHU3P1MF54K,2021-07-15T17:31:26,1626384686000,1626384822000,136.0,2.2666666666666666,57.368,0.0," summer best website to shop for fashion products"," "," Shopping"," clueweb09-en0002-32-24413",false," random-clueweb09-en0009-77-38942",false," clueweb09-en0008-89-28311",true," nr-clueweb09-en0010-78-40983",false," clueweb09-en0008-22-21942",false," clueweb09-en0000-34-00675",true," clueweb09-en0008-85-03510",false," clueweb09-en0008-85-03524",true," clueweb09-en0001-13-16047",false," clueweb09-en0008-70-01098",true," clueweb09-en0011-19-05043",false," clueweb09-en0005-89-08503",false," nr-clueweb09-en0001-34-07504",false,4,0
3P7QK0GJ4X1K1VEKYS8TG3KDHKH2ZS,3SNVL38CI985X25ULM0QTL1A8DKCKF,A38IPIPA3T3G4,2021-07-15T17:32:05,1626384725000,1626384834000,109.0,1.8166666666666667,76.134,0.0," Picasso"," "," Arts"," clueweb09-en0008-57-01747",false," clueweb09-en0003-27-06935",true," clueweb09-enwp01-55-19379",true," nr-clueweb09-enwp01-83-02283",false," clueweb09-en0008-45-17571",true," clueweb09-en0011-00-11313",false," clueweb09-enwp01-53-03026",true," clueweb09-en0002-74-22326",false," clueweb09-en0011-79-01260",true," clueweb09-en0007-55-16902",true," random-clueweb09-en0002-63-12795",false," clueweb09-en0001-26-03666",false," nr-clueweb09-enwp00-32-12634",true,6,1
3P7QK0GJ4X1K1VEKYS8TG3KDHKH2ZS,3NJM2BJS41M68T2AYE5YP2N92NQPCT,A1F6MWP9A0XLJQ,2021-07-15T17:34:34,1626384874000,1626384977000,103.0,1.7166666666666666,34.939,0.0," Arsenal FC players"," "," Sports"," clueweb09-en0003-59-19953",true," clueweb09-en0007-30-00493",false," clueweb09-en0000-14-10679",true," nr-clueweb09-enwp00-36-00126",true," random-clueweb09-en0008-31-37861",false," clueweb09-enwp01-23-02668",false," clueweb09-en0002-15-20662",false," clueweb09-en0009-79-07789",false," clueweb09-en0009-92-16972",false," clueweb09-en0007-93-26785",false," clueweb09-en0004-85-39684",false," clueweb09-en0007-30-00509",false," nr-clueweb09-en0007-30-00611",false,2,1
389A2A305SY0XS0WRRK7MHQDB4B0C7,3MB8LZR5BK9Y06Z0YZTPW4RX2MQKLV,A195MOXRMNHRVT,2021-07-15T16:17:42,1626380262000,1626381103000,841.0,14.016666666666667,11.602,0.0," scenic byways"," "," Travel"," clueweb09-en0001-54-22900",true," clueweb09-enwp03-29-12679",false," clueweb09-en0010-09-01222",false," clueweb09-en0006-75-30328",true," clueweb09-en0002-11-27242",false," clueweb09-enwp00-48-12520",false," clueweb09-en0006-21-29053",false," clueweb09-en0008-82-33267",false," clueweb09-en0009-94-08887",false," nr-clueweb09-enwp01-38-18355",true," clueweb09-en0010-09-01219",false," random-clueweb09-en0002-86-03239",false," nr-clueweb09-enwp01-37-01278",false,2,1
389A2A305SY0XS0WRRK7MHQDB4B0C7,3DQQ64TANL1FMR8FF55Z1WUCU37WP8,A38IPIPA3T3G4,2021-07-15T17:27:56,1626384476000,1626384678000,202.0,3.3666666666666667,165.116,0.0," the latest dell laptop"," "," Technology"," clueweb09-en0003-61-01639",false," clueweb09-en0010-33-40276",true," clueweb09-en0009-06-36059",false," random-clueweb09-enwp02-01-03342",false," clueweb09-en0005-52-25639",false," clueweb09-en0002-70-12725",true," clueweb09-en0011-32-09061",false," clueweb09-en0005-77-02892",false," clueweb09-en0003-51-05818",true," clueweb09-en0007-05-09475",false," nr-clueweb09-en0000-28-20845",false," clueweb09-en0005-77-02877",false," nr-clueweb09-en0000-28-20774",false,3,0
389A2A305SY0XS0WRRK7MHQDB4B0C7,3SNVL38CI985X25ULM0QTL1A8DNKCQ,A2IFHU3P1MF54K,2021-07-15T18:06:07,1626386767000,1626386979000,212.0,3.533333333333333,157.278,0.0," Acrylic paint"," "," Arts"," clueweb09-enwp00-15-10240",false," clueweb09-en0002-26-20092",true," clueweb09-en0005-95-18275",false," clueweb09-en0003-70-30543",false," random-clueweb09-enwp03-08-12100",false," clueweb09-en0002-15-32080",true," nr-clueweb09-en0008-39-16701",false," clueweb09-en0004-38-26645",true," clueweb09-en0006-95-09686",false," clueweb09-en0005-60-09560",true," clueweb09-enwp00-15-10242",false," clueweb09-en0002-15-31968",true," nr-clueweb09-en0007-09-13471",false,5,0
389A2A305SY0XS0WRRK7MHQDB4B0C7,3ZQIG0FLQJWSRB5B1HEY7OJUGRKWV5,A45HNDMV9V0NA,2021-07-15T20:00:26,1626393626000,1626393788000,162.0,2.7,21.615,0.0," What is the hottest pepper in the world?"," "," Food &amp; Drink"," nr-clueweb09-en0009-09-07472",false," clueweb09-en0006-04-41568",true," clueweb09-en0010-66-01714",false," clueweb09-enwp00-39-10594",true," clueweb09-en0005-85-25973",false," clueweb09-en0003-68-26472",true," clueweb09-en0007-52-17749",false," clueweb09-en0003-43-19822",false," random-clueweb09-en0007-09-17000",false," clueweb09-en0010-51-30617",false," clueweb09-en0003-87-05781",true," clueweb09-en0011-35-06615",true," nr-clueweb09-en0003-43-30142",false,5,0
389A2A305SY0XS0WRRK7MHQDB4B0C7,3MX2NQ3YCEAQIHVM5VS75932C6O5X2,A3C2X1L5PVNNLV,2021-07-16T03:08:39,1626419319000,1626419415000,96.0,1.6,42.027,0.0," The market crash of 2008"," "," Economy &amp; Finance"," clueweb09-enwp01-72-16544",false," clueweb09-en0010-88-11718",false," clueweb09-en0004-95-04634",false," clueweb09-en0011-60-37853",false," clueweb09-en0000-32-26194",true," clueweb09-enwp01-95-05242",false," clueweb09-en0002-35-13325",true," nr-clueweb09-en0000-07-14352",false," random-clueweb09-en0007-00-09110",false," clueweb09-en0008-33-26895",true," clueweb09-en0008-33-26877",true," clueweb09-en0010-26-13855",true," nr-clueweb09-en0005-42-03777",false,5,0
3NOEP8XAV8IRO7FBZ8VKFVCVKUAXPC,34HJIJKLPACGI9MRRB8FCW03WY2V4Z,A195MOXRMNHRVT,2021-07-15T16:17:43,1626380263000,1626381146000,883.0,14.716666666666667,16.315,0.0," virginia senate"," "," Politics"," clueweb09-enwp01-96-16466",true," clueweb09-enwp01-79-17155",false," nr-clueweb09-enwp00-06-15119",false," clueweb09-en0009-87-09428",false," clueweb09-en0005-06-08768",false," clueweb09-en0005-84-01689",true," random-clueweb09-en0008-25-06683",false," clueweb09-en0011-90-32139",true," clueweb09-en0003-23-10287",false," clueweb09-en0010-08-23524",true," clueweb09-en0001-26-08985",false," clueweb09-en0005-84-01605",false," nr-clueweb09-enwp00-02-15040",false,4,0
3NOEP8XAV8IRO7FBZ8VKFVCVKUAXPC,3X31TUMD722WU5DEQPN7RPVYTGZ1LI,A38IPIPA3T3G4,2021-07-15T17:41:57,1626385317000,1626385380000,63.0,1.05,28.762,0.0," best exercise for the heart"," "," Health &amp; Wellness"," clueweb09-en0009-11-34834",true," clueweb09-en0003-76-13224",false," clueweb09-en0005-19-30550",true," clueweb09-en0004-60-01646",false," nr-clueweb09-en0010-94-25584",false," clueweb09-en0009-08-34213",true," clueweb09-en0007-11-18682",true," random-clueweb09-en0006-75-34429",false," clueweb09-en0011-09-21675",false," clueweb09-en0007-09-34242",false," clueweb09-en0011-77-09888",true," clueweb09-en0000-69-20027",false," nr-clueweb09-en0005-49-01618",true,5,1
3NOEP8XAV8IRO7FBZ8VKFVCVKUAXPC,3MD9PLUKKNUJD117ADCEWBJZBQFZNA,A2IFHU3P1MF54K,2021-07-15T18:27:03,1626388023000,1626388258000,235.0,3.9166666666666665,165.256,0.0," Breed of pets dog"," "," Pets"," clueweb09-en0000-91-15896",false," clueweb09-en0004-36-13027",true," clueweb09-en0006-50-25517",true," nr-clueweb09-en0009-49-23321",false," clueweb09-en0011-91-23177",false," random-clueweb09-en0002-86-03239",false," clueweb09-en0000-95-10601",true," clueweb09-en0000-08-14871",false," clueweb09-en0000-94-13883",true," clueweb09-en0009-04-13868",false," clueweb09-en0009-04-13880",false," clueweb09-en0000-91-15954",false," nr-clueweb09-en0007-79-26868",true,4,1
3NOEP8XAV8IRO7FBZ8VKFVCVKUAXPC,3U088ZLJVP9CYA4VYKQ9MVT4MV7W0D,A45HNDMV9V0NA,2021-07-15T19:57:25,1626393445000,1626393514000,69.0,1.15,23.312,0.0," Is it legal to own a leopard?"," "," Pets"," clueweb09-en0002-14-10367",false," clueweb09-en0001-03-22334",false," random-clueweb09-en0008-25-06683",false," clueweb09-enwp00-05-08890",false," clueweb09-en0007-88-38067",false," clueweb09-en0001-94-25127",false," clueweb09-en0008-43-38881",false," nr-clueweb09-en0009-45-15318",false," clueweb09-en0010-49-09307",false," clueweb09-en0001-01-27659",false," clueweb09-en0011-27-19480",false," clueweb09-en0007-58-07136",false," nr-clueweb09-en0007-75-31502",false,0,0
3NOEP8XAV8IRO7FBZ8VKFVCVKUAXPC,32UTUBMZ7LC038706QI2KA696R3VBR,A3C2X1L5PVNNLV,2021-07-16T03:43:31,1626421411000,1626421511000,100.0,1.6666666666666667,67.041,0.0," NBA 2008"," "," Sports"," clueweb09-en0010-88-27827",true," clueweb09-en0007-47-13690",true," clueweb09-en0006-26-14588",false," clueweb09-en0008-35-35471",false," clueweb09-en0005-76-04738",true," random-clueweb09-en0009-77-38942",false," clueweb09-en0011-75-17631",false," clueweb09-en0010-23-06982",false," clueweb09-en0006-87-34393",true," clueweb09-en0010-88-27830",true," nr-clueweb09-en0001-28-15320",true," clueweb09-en0005-76-04794",true," nr-clueweb09-en0009-04-08807",false,6,1
3EFNPKWBNW4CKS4DYY96TEMJ5RY30C,3HSYG7LRBOENG0HIDZHOH4EIDMLKKS,A195MOXRMNHRVT,2021-07-15T16:17:41,1626380261000,1626381070000,809.0,13.483333333333333,16.373,0.0," top 40"," "," Entertainment"," clueweb09-enwp00-38-01694",false," clueweb09-en0006-38-17260",false," clueweb09-en0007-29-06980",false," clueweb09-en0007-29-06976",false," nr-clueweb09-en0008-16-15837",false," clueweb09-en0003-95-14802",false," clueweb09-en0003-12-06567",true," clueweb09-en0010-83-13445",false," clueweb09-en0003-95-14795",false," clueweb09-en0003-92-26132",false," random-clueweb09-en0004-13-04016",false," clueweb09-enwp00-04-08430",false," nr-clueweb09-en0007-00-10927",false,1,0
3EFNPKWBNW4CKS4DYY96TEMJ5RY30C,3MMN5BL1W4KCAQ9ED525FVPKR5WM3Q,A45HNDMV9V0NA,2021-07-15T16:38:19,1626381499000,1626381605000,106.0,1.7666666666666666,54.502,0.0," Best games for the Nintendo Wii."," "," Technology"," random-clueweb09-en0003-33-30335",false," clueweb09-en0000-83-18974",true," clueweb09-en0010-25-05567",false," clueweb09-en0010-70-01213",true," clueweb09-en0004-32-00994",false," clueweb09-en0010-25-07332",false," clueweb09-en0001-75-00425",false," clueweb09-en0005-97-31263",false," nr-clueweb09-en0007-19-36421",false," clueweb09-en0006-03-00467",false," clueweb09-en0001-03-13995",false," clueweb09-en0003-10-23983",false," nr-clueweb09-en0009-40-39100",true,2,1
3EFNPKWBNW4CKS4DYY96TEMJ5RY30C,3EA3QWIZ4NBVDOHH75A45FM14VUTI3,A38IPIPA3T3G4,2021-07-15T17:26:26,1626384386000,1626384471000,85.0,1.4166666666666667,39.576,0.0," space travel"," "," Science"," clueweb09-en0005-24-39483",false," clueweb09-enwp03-05-14756",true," clueweb09-en0004-75-35698",false," clueweb09-en0008-55-22347",false," random-clueweb09-en0000-21-15033",false," clueweb09-en0006-04-11430",false," nr-clueweb09-en0002-59-31959",false," clueweb09-en0009-11-14414",false," clueweb09-en0004-83-01229",true," clueweb09-en0010-43-22897",true," clueweb09-en0008-55-22465",true," clueweb09-enwp03-15-14848",false," nr-clueweb09-en0001-72-33291",false,4,0
3EFNPKWBNW4CKS4DYY96TEMJ5RY30C,3OS46CRSLKFUXWQ5AZ1U9UKHSPI6V5,A2IFHU3P1MF54K,2021-07-15T17:52:14,1626385934000,1626386136000,202.0,3.3666666666666667,134.217,0.0," Tips for visiting Paris"," "," Travel"," clueweb09-en0002-10-30843",false," clueweb09-en0002-10-30832",false," clueweb09-en0002-83-24133",false," clueweb09-en0009-02-23548",false," clueweb09-en0002-13-07395",true," clueweb09-en0004-66-09381",false," random-clueweb09-en0009-06-35915",false," nr-clueweb09-en0011-03-19441",false," clueweb09-en0002-13-07054",false," clueweb09-en0006-38-18783",true," clueweb09-en0000-48-27031",true," clueweb09-en0010-33-04358",false," nr-clueweb09-en0011-03-19438",false,3,0
3EFNPKWBNW4CKS4DYY96TEMJ5RY30C,3ATTHHXXWF42U5Q1CFB1UI77HSWIXR,A3C2X1L5PVNNLV,2021-07-16T03:49:48,1626421788000,1626421966000,178.0,2.966666666666667,41.888,0.0," Places to visit"," "," Recreation"," clueweb09-en0005-28-15416",true," nr-clueweb09-en0008-97-08436",true," clueweb09-en0006-18-33575",true," clueweb09-en0003-03-23832",true," clueweb09-en0003-77-00521",true," clueweb09-en0006-61-13192",false," clueweb09-en0000-54-18269",true," clueweb09-en0009-95-06785",true," clueweb09-en0008-97-08458",false," clueweb09-en0005-87-32727",false," clueweb09-en0008-97-08452",false," random-clueweb09-en0008-31-37861",false," nr-clueweb09-en0008-97-08390",false,6,1
39KV3A5D2CNUMKPC9CVGG14I5L2S7S,3ZOTGHDK5NR4UAF5G0IJF7M1EL8SO1,A195MOXRMNHRVT,2021-07-15T16:17:36,1626380256000,1626380809000,553.0,9.216666666666667,12.556,0.0," sea level rise"," "," Science"," random-clueweb09-enwp03-08-12100",false," clueweb09-en0000-55-30927",true," clueweb09-enwp03-03-08193",true," clueweb09-enwp02-08-01511",false," clueweb09-en0000-82-06244",false," clueweb09-en0004-83-05246",false," nr-clueweb09-en0006-69-41247",false," clueweb09-en0006-69-41268",true," clueweb09-en0010-81-35748",false," clueweb09-en0006-69-41278",false," clueweb09-en0001-17-36032",false," clueweb09-en0001-17-36023",false," nr-clueweb09-en0006-69-41246",false,3,0
39KV3A5D2CNUMKPC9CVGG14I5L2S7S,3NXNZ5RS1FDF4PR7Q81QNQVGW8B97J,A45HNDMV9V0NA,2021-07-15T16:35:21,1626381321000,1626381482000,161.0,2.683333333333333,41.642,0.0," Which country hosted the 2008 Olympics?"," "," Sports"," clueweb09-en0003-40-15947",true," clueweb09-en0004-83-00299",false," clueweb09-enwp03-27-05695",false," clueweb09-en0003-40-16004",true," clueweb09-en0002-53-17021",true," clueweb09-enwp01-27-01975",true," clueweb09-en0010-39-05470",true," nr-clueweb09-enwp03-05-24343",false," clueweb09-en0009-26-17076",false," clueweb09-en0009-65-10336",false," random-clueweb09-en0006-35-27399",false," clueweb09-en0004-83-02370",false," nr-clueweb09-en0011-89-29677",false,5,0
39KV3A5D2CNUMKPC9CVGG14I5L2S7S,3L70J4KAZL29QH2M9RICJDGWO13ADZ,A2IFHU3P1MF54K,2021-07-15T17:43:17,1626385397000,1626385543000,146.0,2.433333333333333,104.293,0.0," Robot Creation"," "," Science"," clueweb09-en0010-12-34595",false," clueweb09-en0009-18-23785",false," clueweb09-en0007-03-06238",false," random-clueweb09-en0007-09-17000",false," clueweb09-en0006-53-29595",true," clueweb09-en0010-01-10002",false," clueweb09-en0002-91-05245",false," clueweb09-enwp03-18-20155",false," nr-clueweb09-en0010-26-15529",false," clueweb09-en0005-10-32998",false," clueweb09-en0010-22-26493",true," clueweb09-en0011-56-43411",false," nr-clueweb09-en0007-20-29319",true,2,1
39KV3A5D2CNUMKPC9CVGG14I5L2S7S,3N1FSUEFLAGUOSM50Q8L6AUWWR7D4R,A38IPIPA3T3G4,2021-07-15T17:45:05,1626385505000,1626385627000,122.0,2.033333333333333,65.222,0.0," how do people speak  in tongues?"," "," Spirituality"," clueweb09-en0005-37-11942",true," clueweb09-en0000-69-18517",false," clueweb09-en0001-21-04482",false," clueweb09-en0003-37-28510",false," clueweb09-enwp03-19-14980",false," random-clueweb09-en0007-29-30662",false," clueweb09-en0005-79-29086",false," clueweb09-en0008-80-21109",true," clueweb09-en0005-47-09586",true," nr-clueweb09-en0008-98-11554",false," clueweb09-en0005-37-11941",true," clueweb09-en0011-93-13761",false," nr-clueweb09-en0005-58-32193",false,4,0
39KV3A5D2CNUMKPC9CVGG14I5L2S7S,324G5B4FB8OX8V3UQCIXUFUNT5Y70O,A3C2X1L5PVNNLV,2021-07-16T03:14:10,1626419650000,1626420617000,967.0,16.116666666666667,912.446,0.0," Grammy Award winners"," "," Entertainment"," clueweb09-enwp01-32-04243",true," clueweb09-en0001-85-08573",false," clueweb09-en0005-61-15782",false," clueweb09-enwp00-55-00384",true," clueweb09-en0004-40-28048",true," clueweb09-en0002-62-23846",true," random-clueweb09-en0006-35-27399",false," clueweb09-en0008-53-28825",false," clueweb09-en0004-03-26866",false," clueweb09-en0002-11-16859",true," nr-clueweb09-enwp01-30-00397",false," clueweb09-en0001-21-03625",false," nr-clueweb09-enwp01-29-02193",false,5,0
3KG2UQJ0NN47CP2MXFN0HYB7NCMNQ9,3Z4AIRP3CBTRUZU348QV2JQL0P11XW,A195MOXRMNHRVT,2021-07-15T16:17:40,1626380260000,1626381024000,764.0,12.733333333333333,11.145,0.0," fish oil mercury"," "," Health &amp; Wellness"," clueweb09-en0000-09-08971",true," clueweb09-en0007-50-17299",true," clueweb09-en0005-21-13626",false," clueweb09-en0009-45-36252",false," clueweb09-en0006-99-18842",false," clueweb09-en0006-43-23472",true," random-clueweb09-en0007-49-03198",false," clueweb09-en0002-01-14169",false," nr-clueweb09-en0008-49-39919",false," clueweb09-enwp00-54-11095",false," clueweb09-en0008-03-29758",false," clueweb09-en0000-09-09071",false," nr-clueweb09-en0006-35-08600",false,3,0
3KG2UQJ0NN47CP2MXFN0HYB7NCMNQ9,3NG53N1RL0Z4WQCXH2PTNGRQCW5P8N,A2IFHU3P1MF54K,2021-07-15T17:33:46,1626384826000,1626384979000,153.0,2.55,97.928,0.0," Home latest interior design"," "," Home"," clueweb09-en0006-51-01119",false," clueweb09-en0009-59-23479",false," clueweb09-en0006-51-01126",false," clueweb09-en0001-27-01384",true," clueweb09-en0000-21-16222",true," clueweb09-en0006-62-27311",true," clueweb09-en0006-86-04218",false," random-clueweb09-en0002-82-08074",false," clueweb09-en0005-06-25223",false," nr-clueweb09-en0009-36-06026",true," clueweb09-en0002-73-29379",false," clueweb09-en0000-51-10200",false," nr-clueweb09-en0009-36-05922",true,3,2
3KG2UQJ0NN47CP2MXFN0HYB7NCMNQ9,3DR23U6WEAUJXJFVBMKDK0O9C2PTEW,A38IPIPA3T3G4,2021-07-15T17:48:00,1626385680000,1626385902000,222.0,3.7,193.979,0.0," how drew the Mona Lisa"," "," Arts"," clueweb09-enwp03-12-09561",false," nr-clueweb09-en0002-15-32522",false," clueweb09-en0002-21-10006",false," clueweb09-en0006-54-33433",false," clueweb09-en0011-10-30437",true," clueweb09-en0003-48-16046",false," clueweb09-en0007-73-18161",false," clueweb09-en0002-99-26405",false," clueweb09-en0005-31-32406",false," random-clueweb09-enwp02-01-03342",false," clueweb09-en0006-88-43009",false," clueweb09-en0011-10-30430",false," nr-clueweb09-en0001-99-05427",false,1,0
3KG2UQJ0NN47CP2MXFN0HYB7NCMNQ9,3NAPMVF0Z1V445685ZMBD3N2Q2J272,A45HNDMV9V0NA,2021-07-15T19:58:40,1626393520000,1626393604000,84.0,1.4,30.269,0.0," How to make a fruit cake."," "," Food &amp; Drink"," clueweb09-en0007-42-39049",true," clueweb09-en0010-03-00065",true," clueweb09-en0003-61-17827",false," clueweb09-en0007-44-27642",false," clueweb09-en0009-03-38662",false," clueweb09-en0001-17-33463",false," nr-clueweb09-en0005-98-31048",false," random-clueweb09-en0006-75-34429",false," clueweb09-en0008-27-05310",true," clueweb09-en0000-48-14273",false," clueweb09-en0005-83-06391",false," clueweb09-en0002-62-09109",false," nr-clueweb09-en0009-43-03928",false,3,0
3KG2UQJ0NN47CP2MXFN0HYB7NCMNQ9,3JPSL1DZ5XFICTTZYLWFFISQ26HANV,A3C2X1L5PVNNLV,2021-07-16T03:48:06,1626421686000,1626421781000,95.0,1.5833333333333333,41.835,0.0," Best movies of the year"," "," Entertainment"," clueweb09-en0007-62-32434",false," clueweb09-en0003-28-10033",false," random-clueweb09-en0005-94-21396",false," clueweb09-en0005-73-39134",true," clueweb09-en0004-88-03167",true," clueweb09-en0009-72-33500",false," clueweb09-en0005-73-39131",true," clueweb09-en0005-04-18351",false," clueweb09-en0009-72-33467",false," nr-clueweb09-en0005-73-39122",true," clueweb09-en0005-12-03108",true," clueweb09-en0003-28-08516",false," nr-clueweb09-en0005-73-38918",false,4,1
3GMLHYZ0MIDTGHDHLQGG8F63UHWUYB,3R9WASFE24W7P9OQCPT1O6AQ9ZHZFR,A195MOXRMNHRVT,2021-07-15T16:17:28,1626380248000,1626380659000,411.0,6.85,28.762,0.0," petting zoos"," "," Recreation"," clueweb09-enwp00-55-07826",true," nr-clueweb09-enwp00-58-23239",false," clueweb09-enwp00-80-17186",false," clueweb09-en0009-67-08723",false," clueweb09-en0006-07-35812",false," clueweb09-en0001-37-06977",false," random-clueweb09-en0005-94-21396",false," clueweb09-en0003-35-01442",false," clueweb09-en0000-07-14097",false," clueweb09-en0006-93-14781",false," clueweb09-en0004-46-01241",true," clueweb09-en0009-11-04241",true," nr-clueweb09-enwp00-87-11916",false,3,0
3GMLHYZ0MIDTGHDHLQGG8F63UHWUYB,34S6N1K2Z0Z7YGYSSEQSJCB5A5QHLS,A45HNDMV9V0NA,2021-07-15T16:48:20,1626382100000,1626382207000,107.0,1.7833333333333334,22.328,0.0," How to make a pizza."," "," Food &amp; Drink"," clueweb09-en0000-84-27007",true," nr-clueweb09-en0007-84-17084",false," clueweb09-en0002-63-18338",false," clueweb09-en0010-96-03585",false," clueweb09-en0005-25-22943",false," clueweb09-en0010-96-04039",true," random-clueweb09-en0004-13-04016",false," clueweb09-en0000-08-06972",false," clueweb09-en0009-88-21840",false," clueweb09-en0004-47-05522",false," clueweb09-en0006-74-31410",false," clueweb09-en0000-84-26987",false," nr-clueweb09-en0009-31-21154",false,2,0
3GMLHYZ0MIDTGHDHLQGG8F63UHWUYB,3JBT3HLQFDIJGMDKQSP600OUB5BZP1,A38IPIPA3T3G4,2021-07-15T17:25:01,1626384301000,1626384386000,85.0,1.4166666666666667,28.123,0.0," how to make a smoothie"," "," Food &amp; Drink"," clueweb09-en0002-68-05262",true," clueweb09-en0010-50-34674",false," clueweb09-en0011-69-04817",false," nr-clueweb09-en0003-12-13104",false," clueweb09-en0001-25-29123",true," random-clueweb09-en0003-07-27095",false," clueweb09-en0008-58-03236",true," clueweb09-en0004-62-22369",true," clueweb09-en0009-93-19850",true," clueweb09-en0008-10-16554",false," clueweb09-en0002-91-20547",true," clueweb09-en0010-50-34679",true," nr-clueweb09-en0007-71-25137",false,7,0
3GMLHYZ0MIDTGHDHLQGG8F63UHWUYB,3Y4W8Q93L40TI55KKM98F0U99B4DV3,A2IFHU3P1MF54K,2021-07-15T17:40:42,1626385242000,1626385396000,154.0,2.566666666666667,99.521,0.0," How to start a relationship"," "," Relationships"," clueweb09-en0000-70-03856",true," clueweb09-en0000-76-20421",false," clueweb09-en0008-90-21616",true," clueweb09-en0006-52-20287",false," clueweb09-en0005-00-30127",false," nr-clueweb09-en0006-57-16112",false," clueweb09-en0008-11-15877",false," clueweb09-en0005-17-26262",true," clueweb09-en0008-72-22737",false," random-clueweb09-en0008-25-06683",false," clueweb09-en0007-98-39100",false," clueweb09-en0005-33-29388",false," nr-clueweb09-en0008-72-22741",false,3,0
3GMLHYZ0MIDTGHDHLQGG8F63UHWUYB,3ZV9H2YQQIN8F23SH78SOTRBP8QW39,A3C2X1L5PVNNLV,2021-07-16T03:10:19,1626419419000,1626419646000,227.0,3.783333333333333,84.378,0.0," Travel guide of the year"," "," Travel"," nr-clueweb09-en0003-75-18563",true," clueweb09-en0002-97-17331",false," clueweb09-en0002-97-17321",false," clueweb09-en0010-57-20234",true," clueweb09-en0007-23-10652",true," clueweb09-en0002-75-32246",true," clueweb09-en0002-75-32259",true," clueweb09-en0002-69-15116",true," clueweb09-en0003-75-17854",true," random-clueweb09-en0000-21-15033",false," clueweb09-en0001-48-19833",true," clueweb09-en0000-21-19548",true," nr-clueweb09-en0011-26-26603",true,8,2
3C8QQOM6KTH47RBI8U2CV4GWR75LI2,36W0OB37H1UR35FW7FH1RRM3PEUZHP,A195MOXRMNHRVT,2021-07-15T16:17:46,1626380266000,1626381280000,1014.0,16.9,6.514,0.0," interest rates"," "," Economy &amp; Finance"," clueweb09-en0011-58-20083",false," clueweb09-en0003-00-24622",false," clueweb09-en0000-01-22128",false," clueweb09-en0009-30-24898",true," nr-clueweb09-en0003-10-25545",false," clueweb09-en0000-27-19880",false," random-clueweb09-en0008-13-05976",false," clueweb09-en0000-27-19884",false," clueweb09-en0002-28-07064",true," clueweb09-en0003-44-02590",false," clueweb09-en0011-37-21593",true," clueweb09-en0001-74-15255",false," nr-clueweb09-en0009-86-10734",false,3,0
3C8QQOM6KTH47RBI8U2CV4GWR75LI2,3JW0YLFXRYW5605GRRJUTQ28N06WWZ,A45HNDMV9V0NA,2021-07-15T16:45:11,1626381911000,1626382018000,107.0,1.7833333333333334,38.865,0.0," Does it rain in New York during the summer?"," "," Travel"," random-clueweb09-en0007-49-03198",false," clueweb09-enwp02-13-14510",false," clueweb09-enwp00-67-20816",false," clueweb09-en0008-65-36172",false," clueweb09-en0001-54-23768",false," clueweb09-en0011-49-21796",false," clueweb09-en0001-05-24416",false," clueweb09-en0001-80-06025",false," clueweb09-en0007-63-31007",true," nr-clueweb09-en0010-43-04576",false," clueweb09-en0007-60-09077",false," clueweb09-en0010-09-35125",false," nr-clueweb09-en0005-28-01169",true,1,1
3C8QQOM6KTH47RBI8U2CV4GWR75LI2,3SB4CE2TJ0BNON730RJODKJO4JEXAN,A38IPIPA3T3G4,2021-07-15T17:34:52,1626384892000,1626385106000,214.0,3.566666666666667,39.708,0.0," joe Biden"," "," Politics"," clueweb09-en0006-87-10910",true," clueweb09-en0010-39-03301",false," clueweb09-en0001-15-09067",true," clueweb09-en0000-82-30363",true," clueweb09-en0003-54-24096",false," clueweb09-en0009-02-32638",false," nr-clueweb09-en0009-52-18185",false," clueweb09-en0002-67-31316",false," clueweb09-en0002-67-31317",false," random-clueweb09-en0011-47-15958",false," clueweb09-en0003-54-24227",true," clueweb09-en0004-78-22961",true," nr-clueweb09-en0009-45-38061",false,5,0
3C8QQOM6KTH47RBI8U2CV4GWR75LI2,3AUQQEL7UA9ZJL4Q8ALD0TAQFMXV0U,A2IFHU3P1MF54K,2021-07-15T18:09:40,1626386980000,1626387254000,274.0,4.566666666666666,190.607,0.0," Traveling to Mars"," "," Science"," clueweb09-en0002-21-04232",true," clueweb09-en0008-13-29843",true," clueweb09-en0010-33-34954",true," clueweb09-en0004-84-21678",false," nr-clueweb09-en0005-89-27490",false," clueweb09-en0011-70-21146",false," clueweb09-enwp01-58-18964",true," clueweb09-en0009-47-22242",false," random-clueweb09-en0002-82-08074",false," clueweb09-en0011-25-07078",true," clueweb09-en0008-67-28977",false," clueweb09-en0003-44-32008",false," nr-clueweb09-en0010-19-06618",false,5,0
3C8QQOM6KTH47RBI8U2CV4GWR75LI2,3TE22NPXPGSHOW3C7F7S360QJFP44I,A3C2X1L5PVNNLV,2021-07-16T03:30:26,1626420626000,1626420873000,247.0,4.116666666666666,208.723,0.0," Best art shows of the year"," "," Arts"," clueweb09-en0010-64-23207",true," clueweb09-en0005-31-17789",true," clueweb09-en0006-00-13884",true," clueweb09-en0006-22-14189",true," clueweb09-en0010-80-40219",true," clueweb09-en0005-31-17841",false," clueweb09-en0005-98-19479",false," clueweb09-en0009-57-24368",false," random-clueweb09-en0003-33-30335",false," clueweb09-en0003-53-13085",false," nr-clueweb09-en0011-34-24942",false," clueweb09-en0004-51-11791",false," nr-clueweb09-en0011-34-24940",false,5,0
3K3G488TS6O3M0WGTFRENHBLWRMQ5M,37UQDCYH62BD1W4AT96MF8KDN0SV7J,A195MOXRMNHRVT,2021-07-15T16:17:47,1626380267000,1626381316000,1049.0,17.483333333333334,12.673,0.0," butterfly garden"," "," Crafts &amp; Hobbies"," clueweb09-en0010-47-38457",true," clueweb09-en0005-84-08079",false," clueweb09-en0004-25-30408",true," clueweb09-enwp00-20-18122",false," clueweb09-en0003-27-19713",false," random-clueweb09-enwp00-42-07293",false," clueweb09-en0008-85-09900",true," clueweb09-en0004-03-22732",false," clueweb09-en0008-49-41214",false," nr-clueweb09-en0008-85-09912",false," clueweb09-en0003-27-19712",false," clueweb09-en0008-85-14837",true," nr-clueweb09-en0008-85-09908",false,4,0
3K3G488TS6O3M0WGTFRENHBLWRMQ5M,3P4RDNWNDAM1ZLLCVBW039ZS6T5JIQ,A38IPIPA3T3G4,2021-07-15T17:43:01,1626385381000,1626385504000,123.0,2.05,81.841,0.0," best tourist attraction in  Asia"," "," Travel"," random-clueweb09-en0008-13-05976",false," clueweb09-en0005-96-34580",false," clueweb09-en0011-39-02623",true," clueweb09-en0001-93-13109",true," clueweb09-en0010-55-39680",false," clueweb09-en0003-58-24464",false," clueweb09-en0011-39-02376",false," nr-clueweb09-en0011-39-02307",false," clueweb09-en0011-52-09575",true," clueweb09-en0006-70-22425",false," clueweb09-en0001-08-23530",true," clueweb09-en0000-27-10759",true," nr-clueweb09-en0011-39-02297",true,5,1
3K3G488TS6O3M0WGTFRENHBLWRMQ5M,3N1FSUEFLAGUOSM50Q8L6AUWWR8D4S,A2IFHU3P1MF54K,2021-07-15T17:55:37,1626386137000,1626386294000,157.0,2.6166666666666667,96.86,0.0," Wedding fashion style"," "," Style"," clueweb09-en0005-75-35449",true," random-clueweb09-en0009-77-38942",false," clueweb09-en0002-38-15399",false," clueweb09-en0002-38-15394",false," nr-clueweb09-en0010-09-38869",false," clueweb09-en0006-44-15912",true," clueweb09-en0007-74-24925",false," clueweb09-en0011-30-09833",true," clueweb09-en0003-89-00255",false," clueweb09-en0004-13-02742",true," clueweb09-en0004-48-00204",true," clueweb09-en0011-30-09906",false," nr-clueweb09-en0010-09-38862",false,5,0
3K3G488TS6O3M0WGTFRENHBLWRMQ5M,3B4YI393VECJS27YNHZSZCW2BAUSSH,A45HNDMV9V0NA,2021-07-15T19:55:05,1626393305000,1626393421000,116.0,1.9333333333333333,48.499,0.0," What is chamomile tea good for."," "," Food &amp; Drink"," nr-clueweb09-en0007-33-30049",false," clueweb09-en0007-27-33428",false," clueweb09-en0002-69-03154",false," clueweb09-en0007-36-05310",false," clueweb09-en0004-61-26491",false," clueweb09-en0002-20-13911",true," clueweb09-en0005-51-07619",false," random-clueweb09-en0009-64-30845",false," clueweb09-en0008-21-16962",false," clueweb09-en0008-18-03871",true," clueweb09-en0002-19-10977",true," clueweb09-en0005-15-31108",false," nr-clueweb09-en0008-19-41170",true,3,1
3K3G488TS6O3M0WGTFRENHBLWRMQ5M,3NPI0JQDATLNUA4LK00OECNDQA2PTQ,A3C2X1L5PVNNLV,2021-07-16T03:42:04,1626421324000,1626421407000,83.0,1.3833333333333333,50.106,0.0," Best PC of the year"," "," Technology"," clueweb09-en0005-04-18744",true," clueweb09-en0002-24-33791",true," clueweb09-en0009-53-10541",true," clueweb09-en0010-66-05537",true," clueweb09-en0009-53-10961",true," clueweb09-en0007-83-00023",true," clueweb09-en0000-77-12794",false," random-clueweb09-en0009-06-35915",false," nr-clueweb09-en0010-50-25831",false," clueweb09-en0011-94-27938",false," clueweb09-en0008-37-17301",false," clueweb09-en0008-92-30495",false," nr-clueweb09-en0003-76-10099",false,6,0
3B623HUYK86YMYUVJHNMU10DG58S8F,39GXDJN2OYUH1A9T3EYST8G8YKYV86,A195MOXRMNHRVT,2021-07-15T16:17:48,1626380268000,1626381356000,1088.0,18.133333333333333,8.149,0.0," day trips dc"," "," Travel"," clueweb09-en0000-62-27397",false," nr-clueweb09-en0008-76-31679",false," clueweb09-en0004-66-11969",false," clueweb09-en0004-66-06661",false," random-clueweb09-en0007-29-30662",false," clueweb09-en0010-12-12809",true," clueweb09-en0005-85-27815",false," clueweb09-en0003-17-18692",false," clueweb09-en0005-98-21107",false," clueweb09-en0009-43-31319",false," clueweb09-en0001-81-22564",false," clueweb09-en0007-16-33100",false," nr-clueweb09-en0009-43-31329",false,1,0
3B623HUYK86YMYUVJHNMU10DG58S8F,3TEM0PF1QADDP444HPLJU74JFFND07,A45HNDMV9V0NA,2021-07-15T17:00:36,1626382836000,1626382930000,94.0,1.5666666666666667,34.929,0.0," Who is the first president of the usa?"," "," Politics"," clueweb09-en0002-94-28603",false," nr-clueweb09-en0005-04-24696",false," random-clueweb09-en0008-25-06683",false," clueweb09-en0004-70-01561",true," clueweb09-en0002-97-16691",false," clueweb09-en0004-70-02268",false," clueweb09-en0000-76-13642",false," clueweb09-en0004-83-02812",false," clueweb09-en0002-97-16651",false," clueweb09-en0006-64-28392",false," clueweb09-en0004-20-00084",false," clueweb09-en0000-39-14888",false," nr-clueweb09-en0009-04-10561",false,1,0
3B623HUYK86YMYUVJHNMU10DG58S8F,3EKVH9QME3KKLE7IWCPXDVXYCDB2DK,A38IPIPA3T3G4,2021-07-15T17:43:59,1626385439000,1626385554000,115.0,1.9166666666666667,79.635,0.0," how to get into Harvard"," "," Education"," clueweb09-en0007-38-30595",false," clueweb09-en0009-91-20517",false," clueweb09-en0002-66-01666",false," clueweb09-en0002-66-01606",false," random-clueweb09-enwp00-42-07293",false," nr-clueweb09-en0001-33-12340",false," clueweb09-en0000-42-26364",true," clueweb09-en0006-06-38369",true," clueweb09-en0010-77-34828",false," clueweb09-en0007-38-30581",false," clueweb09-en0006-45-28677",false," clueweb09-en0004-46-32266",false," nr-clueweb09-en0009-65-02667",false,2,0
3B623HUYK86YMYUVJHNMU10DG58S8F,3VNL7UK1XKZB3XFR6X4J2I99O35TFF,A2IFHU3P1MF54K,2021-07-15T17:58:16,1626386296000,1626386424000,128.0,2.1333333333333333,60.476,0.0," best recreational activites to do."," "," Recreation"," clueweb09-en0004-14-38802",false," random-clueweb09-en0002-63-12795",false," clueweb09-en0004-43-00807",false," clueweb09-en0008-31-18027",false," clueweb09-en0001-55-19912",true," clueweb09-en0005-10-24870",false," clueweb09-en0001-36-05188",false," nr-clueweb09-en0007-34-33448",false," clueweb09-en0006-14-39607",false," clueweb09-en0001-55-06489",false," clueweb09-en0006-34-33661",false," clueweb09-en0011-34-28621",true," nr-clueweb09-en0011-46-27145",false,2,0
3B623HUYK86YMYUVJHNMU10DG58S8F,3R6BYFZZPCSIKEOBB75GRLUF101FXU,A3C2X1L5PVNNLV,2021-07-16T02:46:47,1626418007000,1626418066000,59.0,0.9833333333333333,13.375,0.0," Avatar"," "," Entertainment"," random-clueweb09-enwp00-42-07293",false," clueweb09-en0008-79-16035",false," clueweb09-en0004-90-09488",true," clueweb09-en0005-23-02492",true," clueweb09-en0004-67-06291",true," nr-clueweb09-en0007-19-33607",false," clueweb09-en0005-95-13464",true," clueweb09-en0006-96-03281",true," clueweb09-en0004-90-09484",true," clueweb09-en0010-64-14266",false," clueweb09-en0001-00-17446",false," clueweb09-en0005-06-26638",false," nr-clueweb09-en0007-19-33605",false,6,0
3XUSYT70JXHA2K6ARNFI6N8VW4N0D7,3TMSXRD2XBGC5ZPDU3U900CERNV1W3,A195MOXRMNHRVT,2021-07-15T16:17:32,1626380252000,1626380760000,508.0,8.466666666666667,32.636,0.0," flaxseed oil"," "," Health &amp; Wellness"," clueweb09-en0008-66-24166",false," clueweb09-en0010-70-27793",true," clueweb09-en0011-54-20125",false," clueweb09-en0005-21-24747",false," clueweb09-en0001-75-26194",false," clueweb09-en0006-52-14617",false," random-clueweb09-en0008-31-37861",false," clueweb09-en0007-03-14722",false," clueweb09-en0005-21-24633",true," nr-clueweb09-en0001-89-18510",false," clueweb09-en0003-04-24355",false," clueweb09-en0011-24-16510",false," nr-clueweb09-enwp00-75-17211",true,2,1
3XUSYT70JXHA2K6ARNFI6N8VW4N0D7,3BWI6RSP7LPWZLIOYJHCF4WRN5VE72,A45HNDMV9V0NA,2021-07-15T17:05:12,1626383112000,1626383235000,123.0,2.05,58.553,0.0," Who painted the starry night?"," "," Arts"," clueweb09-en0001-24-15350",true," clueweb09-enwp03-27-00271",true," clueweb09-en0003-55-16440",false," clueweb09-en0001-73-25210",false," clueweb09-en0010-63-21486",true," nr-clueweb09-en0008-44-10400",false," clueweb09-en0002-18-35013",false," random-clueweb09-enwp00-42-07293",false," clueweb09-en0000-76-04747",true," clueweb09-en0008-65-43675",false," clueweb09-en0010-02-36783",true," clueweb09-en0000-24-09479",false," nr-clueweb09-en0003-12-13399",false,5,0
3XUSYT70JXHA2K6ARNFI6N8VW4N0D7,3I33IC7ZWKIMN746C2YVNUPSRAD2AH,A38IPIPA3T3G4,2021-07-15T17:31:19,1626384679000,1626384794000,115.0,1.9166666666666667,67.215,0.0," how to make a wallpaper"," "," Crafts &amp; Hobbies"," clueweb09-en0007-58-00168",true," random-clueweb09-en0009-06-35915",false," clueweb09-en0005-45-19215",false," clueweb09-en0000-60-00093",false," clueweb09-en0007-58-25550",false," clueweb09-en0002-63-28679",false," clueweb09-en0007-48-08001",true," clueweb09-en0006-50-29671",false," clueweb09-en0003-02-18393",true," nr-clueweb09-en0003-64-29271",false," clueweb09-en0008-48-32054",false," clueweb09-en0005-84-06811",false," nr-clueweb09-en0004-02-00559",false,3,0
3XUSYT70JXHA2K6ARNFI6N8VW4N0D7,3DPNQGW4LQVV3J7QQ30704K4F5L46R,A2IFHU3P1MF54K,2021-07-15T17:49:33,1626385773000,1626385934000,161.0,2.683333333333333,97.767,0.0," Vaccine benefits"," "," Health &amp; Wellness"," nr-clueweb09-en0005-30-02497",false," clueweb09-en0006-82-02875",true," clueweb09-en0005-81-32791",false," clueweb09-en0009-09-11118",false," random-clueweb09-en0003-33-30335",false," clueweb09-en0002-25-03381",true," clueweb09-en0000-04-05678",false," clueweb09-en0000-69-02239",true," clueweb09-en0000-69-29103",false," clueweb09-en0002-25-01904",false," clueweb09-en0000-09-08899",true," clueweb09-en0010-05-31186",false," nr-clueweb09-en0010-77-15069",false,4,0
3XUSYT70JXHA2K6ARNFI6N8VW4N0D7,337RC3OW0AICGHTCX37WYD2EILILV5,A3C2X1L5PVNNLV,2021-07-16T03:53:41,1626422021000,1626422150000,129.0,2.15,41.773,0.0," Top scientific discoveries of the year"," "," Science"," clueweb09-en0011-68-28768",true," clueweb09-en0001-65-19009",false," clueweb09-en0010-86-34467",true," clueweb09-en0009-38-16374",false," clueweb09-en0011-02-14084",true," clueweb09-en0011-02-13865",true," clueweb09-en0000-70-22333",false," clueweb09-en0001-63-28140",false," nr-clueweb09-en0006-13-23184",false," random-clueweb09-en0002-82-08074",false," clueweb09-enwp01-11-02437",false," clueweb09-en0009-81-13782",true," nr-clueweb09-en0005-15-27671",false,5,0
3YGYP13655P7OQHMAUC0MOLCJYONRA,336KAV9KYV8NJP29S8CBQG7ZU18Y2F,A195MOXRMNHRVT,2021-07-15T16:17:38,1626380258000,1626380858000,600.0,10.0,17.984,0.0," rock garden"," "," Crafts &amp; Hobbies"," clueweb09-en0002-13-15167",false," clueweb09-en0002-98-31389",false," clueweb09-en0002-91-07863",false," nr-clueweb09-en0004-46-18807",false," random-clueweb09-en0002-82-08074",false," clueweb09-en0003-74-00320",false," clueweb09-en0003-57-10913",false," clueweb09-en0006-82-15704",true," clueweb09-en0010-50-12219",false," clueweb09-en0005-49-08334",true," clueweb09-en0005-49-08164",true," clueweb09-en0005-85-14974",false," nr-clueweb09-enwp00-21-01496",false,3,0
3YGYP13655P7OQHMAUC0MOLCJYONRA,35BLDD71IBDWL6AGC4Y56SDCXTCZVM,A38IPIPA3T3G4,2021-07-15T17:25:22,1626384322000,1626384622000,300.0,5.0,65.891,0.0," how to make your spouse happy"," "," Relationships"," clueweb09-en0001-34-15672",true," clueweb09-en0008-90-21620",true," random-clueweb09-en0006-35-27399",false," clueweb09-en0006-65-33105",false," clueweb09-en0011-35-09290",true," clueweb09-en0006-51-25910",false," clueweb09-en0000-04-14419",true," clueweb09-en0008-72-22737",false," clueweb09-en0006-57-15986",true," clueweb09-en0003-82-14704",true," nr-clueweb09-en0003-73-04730",false," clueweb09-en0005-23-12945",true," nr-clueweb09-en0011-63-21116",false,7,0
3YGYP13655P7OQHMAUC0MOLCJYONRA,3300DTYQT7X653N3UIQIFVDMSVPQEE,A1F6MWP9A0XLJQ,2021-07-15T17:36:43,1626385003000,1626385120000,117.0,1.95,34.842,0.0," Visiting Vietnam"," "," Travel"," clueweb09-en0007-88-26154",true," clueweb09-en0006-38-28012",true," clueweb09-en0008-12-06389",false," clueweb09-en0004-96-00880",false," clueweb09-en0006-02-23660",false," clueweb09-en0007-82-27523",true," clueweb09-en0002-84-25827",false," random-clueweb09-en0006-26-18498",false," clueweb09-en0007-98-33161",false," clueweb09-en0011-14-42819",true," nr-clueweb09-en0011-66-13048",true," clueweb09-en0009-75-13096",false," nr-clueweb09-en0009-57-09053",false,4,1
3YGYP13655P7OQHMAUC0MOLCJYONRA,3LRKMWOKBAXNOFCEOUEU4NG10VP2ZN,A2IFHU3P1MF54K,2021-07-15T18:22:59,1626387779000,1626388022000,243.0,4.05,166.309,0.0," food and drink to avoid when pregnant"," "," Food &amp; Drink"," clueweb09-en0005-49-07369",false," clueweb09-en0005-55-02720",false," clueweb09-en0006-07-28481",true," clueweb09-en0004-20-21694",false," clueweb09-en0003-49-24211",true," clueweb09-en0000-05-08027",true," clueweb09-en0005-32-24350",true," random-clueweb09-en0004-13-04016",false," nr-clueweb09-en0000-96-30629",false," clueweb09-en0008-73-06092",false," clueweb09-en0009-19-20735",false," clueweb09-en0007-58-04710",false," nr-clueweb09-en0008-73-06089",false,4,0
3YGYP13655P7OQHMAUC0MOLCJYONRA,3FFJ6VRIL64UXFKQ93MUL4KW7K9I0S,A45HNDMV9V0NA,2021-07-15T19:48:26,1626392906000,1626393055000,149.0,2.4833333333333334,97.217,0.0," Best museums in New York."," "," Travel"," clueweb09-en0001-89-27018",true," clueweb09-en0002-24-02460",true," random-clueweb09-en0005-85-21121",false," clueweb09-en0005-05-36148",false," nr-clueweb09-en0006-06-30155",false," clueweb09-en0004-71-25625",true," clueweb09-en0004-25-37622",false," clueweb09-en0006-18-19661",false," clueweb09-en0011-77-03129",false," clueweb09-en0010-93-26936",false," clueweb09-en0009-51-34176",true," clueweb09-en0002-75-25389",true," nr-clueweb09-en0000-83-04876",false,5,0
3T2EL38U1Q0COJGQZLA9F025PQWXQ3,3MYYFCXHJ8NX0CWW2G9TCVXT9JF4GK,A195MOXRMNHRVT,2021-07-15T16:17:38,1626380258000,1626380917000,659.0,10.983333333333333,28.049,0.0," comics subscription"," "," Shopping"," clueweb09-en0002-02-07896",false," clueweb09-en0009-43-06847",true," random-clueweb09-en0006-26-18498",false," clueweb09-en0002-02-07891",true," clueweb09-en0005-00-33963",false," clueweb09-en0011-92-35419",false," clueweb09-en0006-96-14137",false," clueweb09-en0005-00-33958",false," clueweb09-en0010-38-01916",false," nr-clueweb09-en0009-09-06000",true," clueweb09-en0011-05-03137",false," clueweb09-en0009-18-09465",false," nr-clueweb09-en0004-42-06175",false,2,1
3T2EL38U1Q0COJGQZLA9F025PQWXQ3,3J4Q2Z4UT3J0M39UFIKO11KMZZTWQZ,A2IFHU3P1MF54K,2021-07-15T17:27:59,1626384479000,1626384636000,157.0,2.6166666666666667,69.387,0.0," What are the things to avoid when investing in forex trading?"," "," Economy &amp; Finance"," clueweb09-en0006-53-32673",false," clueweb09-en0004-82-31574",true," clueweb09-en0004-35-06003",false," clueweb09-en0005-18-25385",false," clueweb09-en0001-96-25227",true," random-clueweb09-en0003-33-30335",false," nr-clueweb09-en0005-18-25349",false," clueweb09-en0002-50-07230",true," clueweb09-en0000-49-17089",false," clueweb09-en0004-28-16337",false," clueweb09-en0010-38-21377",true," clueweb09-en0002-50-07192",true," nr-clueweb09-en0002-25-12470",false,5,0
3T2EL38U1Q0COJGQZLA9F025PQWXQ3,323Q6SJS8NWLYOOW63NUOZ6LD98FHP,A38IPIPA3T3G4,2021-07-15T17:33:17,1626384797000,1626384891000,94.0,1.5666666666666667,59.463,0.0," how to be a firm father"," "," Parenting"," clueweb09-en0010-50-23225",true," clueweb09-en0003-18-08282",false," clueweb09-en0000-33-14982",false," nr-clueweb09-en0011-49-18709",false," clueweb09-en0001-18-28024",false," random-clueweb09-en0005-94-21396",false," clueweb09-en0009-97-08810",false," clueweb09-en0002-87-13610",false," clueweb09-en0004-62-09419",true," clueweb09-en0000-65-02914",false," clueweb09-en0000-32-27737",false," clueweb09-en0010-23-10971",false," nr-clueweb09-en0003-48-30335",false,2,0
3T2EL38U1Q0COJGQZLA9F025PQWXQ3,3OUYGIZWRCEME17UMYCEU1L8TZ5P0E,A3C2X1L5PVNNLV,2021-07-16T03:38:01,1626421081000,1626421320000,239.0,3.9833333333333334,195.35,0.0," New season of Prada"," "," Shopping"," clueweb09-en0007-13-04510",false," clueweb09-en0009-66-00189",true," clueweb09-en0009-98-23445",false," nr-clueweb09-en0001-12-23774",false," random-clueweb09-en0000-87-03924",false," clueweb09-en0007-05-10481",false," clueweb09-en0004-10-03531",true," clueweb09-en0011-67-25283",false," clueweb09-en0010-57-31643",true," clueweb09-enwp02-09-02970",false," clueweb09-en0009-18-04587",false," clueweb09-en0005-33-32410",false," nr-clueweb09-en0002-60-14638",false,3,0
3T2EL38U1Q0COJGQZLA9F025PQWXQ3,32SVAV9L3KPB8P0PG2C064UKXQB3AV,A1DYN1ZDSVJATD,2021-07-16T09:04:08,1626440648000,1626440827000,179.0,2.9833333333333334,79.855,0.0," home decor"," "," Home"," nr-clueweb09-en0005-72-06584",true," clueweb09-en0004-29-20525",true," clueweb09-en0004-29-20545",true," clueweb09-en0005-72-06302",true," clueweb09-en0000-08-15716",false," clueweb09-en0001-66-25154",false," clueweb09-en0008-65-23827",true," clueweb09-en0001-27-02648",true," clueweb09-en0008-78-23339",false," random-clueweb09-en0006-26-18498",false," clueweb09-en0011-74-17456",true," clueweb09-en0001-48-24211",false," nr-clueweb09-en0011-40-14021",true,6,2
3D17ECOUPIBCRHPVUHD67J5TAJ431F,39GAF6DQWWGZQAP84TPDEYT0KET1VT,A195MOXRMNHRVT,2021-07-15T16:17:24,1626380244000,1626380526000,282.0,4.7,29.646,0.0," best current movie"," "," Entertainment"," clueweb09-en0009-15-26609",false," clueweb09-en0001-81-33207",false," clueweb09-en0004-51-21845",false," random-clueweb09-en0009-77-38942",false," clueweb09-en0006-18-27960",false," clueweb09-en0007-68-16441",false," clueweb09-en0009-29-10471",false," clueweb09-en0001-94-22378",true," clueweb09-en0001-28-02468",false," nr-clueweb09-en0000-43-17785",false," clueweb09-enwp03-03-06055",false," clueweb09-en0009-15-26647",false," nr-clueweb09-en0002-98-26228",false,1,0
3D17ECOUPIBCRHPVUHD67J5TAJ431F,3AMYWKA6YG2Z7CH89NFGE2Q9WWEO6E,A45HNDMV9V0NA,2021-07-15T16:42:38,1626381758000,1626381906000,148.0,2.466666666666667,19.561,0.0," How to ask out your crush?"," "," Relationships"," clueweb09-en0008-59-29230",false," random-clueweb09-en0011-47-15958",false," clueweb09-en0008-59-29213",false," clueweb09-en0008-38-37778",false," clueweb09-en0004-75-01070",true," nr-clueweb09-en0003-38-15621",false," clueweb09-en0011-67-29855",false," clueweb09-en0011-67-29881",false," clueweb09-en0001-36-16956",false," clueweb09-en0005-73-14597",false," clueweb09-en0002-91-31227",false," clueweb09-en0007-50-10780",false," nr-clueweb09-en0006-94-26262",false,1,0
3D17ECOUPIBCRHPVUHD67J5TAJ431F,3MX2NQ3YCEAQIHVM5VS75932C5E5XQ,A38IPIPA3T3G4,2021-07-15T17:38:27,1626385107000,1626385316000,209.0,3.4833333333333334,131.889,0.0," covid 19"," "," Science"," clueweb09-en0006-92-38860",false," random-clueweb09-en0005-85-21121",false," clueweb09-enwp00-92-19786",false," clueweb09-en0000-96-22962",false," clueweb09-en0009-01-01681",false," clueweb09-en0010-56-00362",false," nr-clueweb09-en0001-65-17658",false," clueweb09-en0008-89-16989",false," clueweb09-en0008-14-22501",false," clueweb09-en0009-25-02994",false," clueweb09-en0006-92-38859",true," clueweb09-en0004-09-33826",false," nr-clueweb09-en0001-00-03187",false,1,0
3D17ECOUPIBCRHPVUHD67J5TAJ431F,32M8BPYGAY2R8JVBN5BX6W7CE1RIGO,A2IFHU3P1MF54K,2021-07-15T18:19:25,1626387565000,1626387778000,213.0,3.55,144.244,0.0," Christianity spirituality goals"," "," Spirituality"," clueweb09-en0008-28-25169",false," random-clueweb09-en0007-49-03198",false," clueweb09-en0006-67-26697",true," clueweb09-en0004-03-33066",false," clueweb09-en0010-54-08309",false," clueweb09-en0007-11-00982",false," nr-clueweb09-en0002-76-16903",true," clueweb09-en0005-58-37652",true," clueweb09-en0008-33-22606",false," clueweb09-en0000-66-03013",false," clueweb09-en0011-09-37494",false," clueweb09-en0010-69-36842",false," nr-clueweb09-en0007-11-40925",false,2,1
3D17ECOUPIBCRHPVUHD67J5TAJ431F,3483FV8BEJZL05S3MPHJ7PN6VSX627,A3C2X1L5PVNNLV,2021-07-16T02:47:49,1626418069000,1626418142000,73.0,1.2166666666666666,31.823,0.0," Champagne"," "," Food &amp; Drink"," clueweb09-enwp00-55-05532",true," clueweb09-en0001-40-23246",true," nr-clueweb09-en0006-50-05937",false," clueweb09-enwp00-23-11977",true," clueweb09-en0003-94-35608",false," clueweb09-en0010-65-30084",false," random-clueweb09-en0007-29-30662",false," clueweb09-en0003-34-08096",true," clueweb09-en0001-96-29453",false," clueweb09-en0000-90-27152",true," clueweb09-en0000-37-11018",true," clueweb09-en0004-85-39986",true," nr-clueweb09-en0009-77-19426",true,7,1
3CMV9YRYQ7H022VOQCNC75VW4MULJE,3C6FJU71TV9W31BBBSMHWZ2RDSSUYU,A195MOXRMNHRVT,2021-07-15T16:17:14,1626380234000,1626380391000,157.0,2.6166666666666667,24.301,0.0," learn basketweaving"," "," Crafts &amp; Hobbies"," clueweb09-en0005-66-14929",false," nr-clueweb09-en0001-23-30019",false," clueweb09-en0000-71-13987",true," clueweb09-en0005-66-14821",true," clueweb09-en0004-31-34153",false," clueweb09-en0000-71-13976",false," clueweb09-en0010-94-29864",false," clueweb09-en0002-50-32796",false," random-clueweb09-en0000-87-03924",false," clueweb09-en0000-64-14878",false," clueweb09-en0003-45-00754",false," clueweb09-en0003-45-00755",false," nr-clueweb09-en0000-09-22032",false,2,0
3CMV9YRYQ7H022VOQCNC75VW4MULJE,3ZR9AIQJUGP0P8LBOEKQR3AD22V04I,A45HNDMV9V0NA,2021-07-15T17:02:13,1626382933000,1626383108000,175.0,2.9166666666666665,27.941,0.0," Is tomato a fruit?"," "," Food &amp; Drink"," clueweb09-enwp01-94-02872",true," nr-clueweb09-en0005-77-05883",false," clueweb09-en0010-72-25189",false," clueweb09-en0002-85-16138",false," clueweb09-en0000-96-17507",true," clueweb09-en0011-32-30479",false," clueweb09-en0001-56-01327",false," clueweb09-enwp00-76-01496",true," clueweb09-en0001-39-14133",false," random-clueweb09-en0008-13-05976",false," clueweb09-en0001-08-15956",false," clueweb09-en0009-06-05534",false," nr-clueweb09-en0002-28-30056",true,3,1
3CMV9YRYQ7H022VOQCNC75VW4MULJE,3A9AA95AT12L98TVJ4IQBWHZA63P5K,A2IFHU3P1MF54K,2021-07-15T17:20:37,1626384037000,1626384489000,452.0,7.533333333333333,47.093,0.0," How do i become famous with comedy?"," "," Entertainment"," clueweb09-en0002-63-08830",false," clueweb09-enwp01-70-04706",false," clueweb09-en0000-12-06646",false," clueweb09-en0010-35-29237",true," clueweb09-en0007-84-34150",false," clueweb09-enwp01-79-04482",false," clueweb09-en0006-76-16986",true," random-clueweb09-en0007-00-09110",false," clueweb09-en0003-95-33288",false," nr-clueweb09-en0002-27-05204",false," clueweb09-en0006-79-10008",false," clueweb09-en0002-34-19489",true," nr-clueweb09-en0002-27-05203",false,3,0
3CMV9YRYQ7H022VOQCNC75VW4MULJE,3J4Q2Z4UT3J0M39UFIKO11KMZZUWQ0,A1F6MWP9A0XLJQ,2021-07-15T17:41:14,1626385274000,1626385355000,81.0,1.35,25.182,0.0," making baguettes"," "," Food &amp; Drink"," clueweb09-enwp00-72-20801",false," clueweb09-en0009-55-08005",false," random-clueweb09-en0009-64-30845",false," clueweb09-en0000-98-11021",false," clueweb09-en0004-94-00346",true," clueweb09-en0005-90-35243",false," nr-clueweb09-en0004-95-02860",false," clueweb09-enwp00-30-04301",false," clueweb09-en0004-87-24116",false," clueweb09-en0007-33-26664",false," clueweb09-en0008-79-02314",false," clueweb09-en0001-71-17267",false," nr-clueweb09-en0004-95-02854",false,1,0
3CMV9YRYQ7H022VOQCNC75VW4MULJE,37M28K1J0VTMT32EJN4NMBB9TL1JAN,A38IPIPA3T3G4,2021-07-15T17:50:59,1626385859000,1626385944000,85.0,1.4166666666666667,58.355,0.0," Walmart stores in Texas"," "," Shopping"," clueweb09-en0001-37-32644",true," nr-clueweb09-en0000-27-05582",false," random-clueweb09-en0000-87-03924",false," clueweb09-en0008-56-37775",false," clueweb09-en0010-88-27939",false," clueweb09-en0000-41-08870",false," clueweb09-en0004-90-01991",false," clueweb09-en0002-40-14667",false," clueweb09-en0006-77-06956",true," clueweb09-en0005-55-00829",false," clueweb09-en0010-62-21750",false," clueweb09-en0001-31-08914",false," nr-clueweb09-en0008-86-23514",true,2,1
3XD2A6FGGRAY03D5O9T0UXVO0BQS94,3NPI0JQDATLNUA4LK00OECNDQ9IPT4,A195MOXRMNHRVT,2021-07-15T16:17:48,1626380268000,1626381386000,1118.0,18.633333333333333,8.724,0.0," unusual pizza toppings"," "," Food &amp; Drink"," nr-clueweb09-en0007-04-10777",false," clueweb09-en0009-64-42211",false," clueweb09-en0003-03-33349",false," clueweb09-en0008-08-17619",false," clueweb09-en0004-01-02731",false," clueweb09-en0003-03-33281",false," random-clueweb09-en0003-07-27095",false," clueweb09-en0005-88-05511",false," clueweb09-en0002-53-27087",true," clueweb09-en0006-83-27149",false," clueweb09-en0002-97-08487",false," clueweb09-en0010-72-14672",false," nr-clueweb09-en0001-79-09093",false,1,0
3XD2A6FGGRAY03D5O9T0UXVO0BQS94,3RSDURM96F2FE5EPLS7CSHGOR44EY3,A45HNDMV9V0NA,2021-07-15T17:07:27,1626383247000,1626383334000,87.0,1.45,42.385,0.0," What was the best game of 2007?"," "," Entertainment"," clueweb09-en0005-79-32470",false," nr-clueweb09-en0008-67-10091",false," clueweb09-en0005-21-01820",true," clueweb09-en0008-57-43111",false," random-clueweb09-en0007-29-30662",false," clueweb09-en0002-96-09763",true," clueweb09-en0005-79-27064",false," clueweb09-enwp03-14-20502",false," clueweb09-en0001-28-03267",false," clueweb09-en0008-47-05162",true," clueweb09-en0003-62-01089",false," clueweb09-en0001-10-25970",false," nr-clueweb09-enwp01-46-17641",false,3,0
3XD2A6FGGRAY03D5O9T0UXVO0BQS94,3JAOYWH7VNKEJAG9U2206VDHRSM9LY,A38IPIPA3T3G4,2021-07-15T17:30:23,1626384623000,1626384724000,101.0,1.6833333333333333,63.28,0.0," latest crop top styles"," "," Style"," clueweb09-en0002-34-09754",true," random-clueweb09-en0000-87-03924",false," clueweb09-en0001-97-11474",false," clueweb09-en0001-97-11451",false," clueweb09-en0006-96-21217",false," nr-clueweb09-en0000-21-03850",false," clueweb09-en0000-94-29553",false," clueweb09-en0003-19-14101",false," clueweb09-en0010-66-33448",false," clueweb09-en0006-96-21219",false," clueweb09-en0008-21-10915",false," clueweb09-en0010-91-25572",true," nr-clueweb09-en0008-39-03994",false,2,0
3XD2A6FGGRAY03D5O9T0UXVO0BQS94,3570Y55XZUZDYJAGRNX0SK104KNYG8,A2IFHU3P1MF54K,2021-07-15T18:00:25,1626386425000,1626386554000,129.0,2.15,50.089,0.0," How to lose weight"," "," Health &amp; Wellness"," clueweb09-en0011-42-06049",true," clueweb09-en0005-33-32777",true," clueweb09-en0004-51-27221",true," clueweb09-en0005-33-33858",false," clueweb09-en0001-89-24076",false," random-clueweb09-en0005-94-21396",false," clueweb09-en0008-68-13055",true," clueweb09-en0007-58-04606",false," clueweb09-en0001-55-25599",false," nr-clueweb09-en0003-43-22146",false," clueweb09-en0001-68-21414",false," clueweb09-en0009-45-26048",true," nr-clueweb09-en0001-44-46815",false,5,0
3XD2A6FGGRAY03D5O9T0UXVO0BQS94,33FOTY3KER13R1J8DCU8O65BZ8WC1Q,A3C2X1L5PVNNLV,2021-07-16T03:34:34,1626420874000,1626421077000,203.0,3.3833333333333333,125.465,0.0," the mayor of newyork"," "," Politics"," clueweb09-en0002-75-14723",false," clueweb09-en0004-02-02546",false," random-clueweb09-enwp02-01-03342",false," clueweb09-en0001-28-10555",false," clueweb09-en0010-05-42117",false," clueweb09-en0000-54-15628",false," clueweb09-en0009-65-17752",false," clueweb09-en0004-99-16712",true," nr-clueweb09-en0010-97-14405",false," clueweb09-en0004-02-02565",false," clueweb09-en0003-07-08133",false," clueweb09-en0005-22-24971",false," nr-clueweb09-en0010-05-42514",false,1,0
3ZLW647WBPBJG27RDLDKC2FY2PI32W,3FQ5JJ512Q4OO62LAC949WVM7HQKNX,A195MOXRMNHRVT,2021-07-15T16:17:44,1626380264000,1626381188000,924.0,15.4,23.715,0.0," recent extinctions"," "," Science"," clueweb09-enwp00-50-03150",true," clueweb09-en0000-92-12456",false," clueweb09-en0010-72-18480",false," nr-clueweb09-en0005-28-36536",false," clueweb09-en0002-19-33926",true," clueweb09-en0001-38-03412",false," clueweb09-en0004-59-18994",false," random-clueweb09-en0006-75-34429",false," clueweb09-en0001-78-12893",false," clueweb09-en0003-20-12391",false," clueweb09-en0011-57-28665",false," clueweb09-enwp01-20-02245",false," nr-clueweb09-enwp03-30-12581",false,2,0
3ZLW647WBPBJG27RDLDKC2FY2PI32W,37WLF8U1WU6GHLWTBVNN7L90CR5K6R,A45HNDMV9V0NA,2021-07-15T16:50:12,1626382212000,1626382329000,117.0,1.95,58.237,0.0," Should I buy an Xbox 360 or PS3?"," "," Technology"," clueweb09-en0006-52-19345",false," clueweb09-en0007-17-24031",true," nr-clueweb09-en0011-91-30668",false," clueweb09-en0009-55-30550",false," clueweb09-en0001-83-11001",true," clueweb09-en0002-19-11194",false," clueweb09-en0005-64-00894",true," random-clueweb09-en0002-86-03239",false," clueweb09-en0001-36-01068",false," clueweb09-en0003-82-14598",false," clueweb09-en0002-69-12634",false," clueweb09-en0001-48-05312",true," nr-clueweb09-en0009-55-30537",false,4,0
3ZLW647WBPBJG27RDLDKC2FY2PI32W,36U2A8VAG6FI056ZHEIFQCTTB12YK9,A1F6MWP9A0XLJQ,2021-07-15T17:38:52,1626385132000,1626385269000,137.0,2.283333333333333,46.529,0.0," latest phone model"," "," Technology"," clueweb09-en0006-91-33440",false," clueweb09-en0002-44-12420",false," clueweb09-en0007-97-38519",false," nr-clueweb09-en0005-70-29930",false," clueweb09-en0009-58-23103",true," clueweb09-en0005-48-09613",false," clueweb09-en0006-28-17154",false," random-clueweb09-en0004-13-04016",false," clueweb09-en0010-29-05417",true," clueweb09-en0010-29-05253",true," clueweb09-en0005-66-39746",true," clueweb09-en0007-71-28314",true," nr-clueweb09-en0007-18-38041",false,5,0
3ZLW647WBPBJG27RDLDKC2FY2PI32W,30BXRYBRP9DN9AARWSXUSNSL8CZWH5,A38IPIPA3T3G4,2021-07-15T17:48:54,1626385734000,1626385859000,125.0,2.0833333333333335,61.333,0.0," how to make pan cakes"," "," Food &amp; Drink"," clueweb09-en0000-84-26688",false," clueweb09-en0003-73-36527",false," clueweb09-en0006-10-30427",false," clueweb09-en0006-10-30425",false," clueweb09-en0011-14-17827",false," clueweb09-en0003-64-17458",false," clueweb09-en0003-61-17802",false," clueweb09-en0000-25-18235",false," clueweb09-en0003-02-18333",false," nr-clueweb09-en0011-65-30948",false," random-clueweb09-en0006-35-27399",false," clueweb09-en0006-06-37479",false," nr-clueweb09-en0005-27-22895",false,0,0
3ZLW647WBPBJG27RDLDKC2FY2PI32W,3OVHNO1VEBHARPAULJYB0675XMDDZ6,A2IFHU3P1MF54K,2021-07-15T18:14:16,1626387256000,1626387564000,308.0,5.133333333333334,219.77,0.0," Republican party"," "," Politics"," clueweb09-en0007-15-12971",true," clueweb09-en0003-68-04651",true," clueweb09-enwp01-69-16594",false," clueweb09-en0005-32-23813",false," clueweb09-en0004-33-10895",false," clueweb09-en0004-17-06175",false," clueweb09-en0003-25-21914",true," random-clueweb09-en0011-47-15958",false," clueweb09-en0003-68-04641",false," nr-clueweb09-enwp01-75-15459",false," clueweb09-en0003-72-36146",false," clueweb09-enwp00-97-04236",false," nr-clueweb09-enwp01-63-23592",false,3,0
3QREJ3J447DVDM168XNO8KV9JBULKD,3AUQQEL7UA9ZJL4Q8ALD0TAQFMMV0J,A195MOXRMNHRVT,2021-07-15T16:17:22,1626380242000,1626380439000,197.0,3.283333333333333,18.413,0.0," gallery openings virginia"," "," Arts"," clueweb09-en0008-11-13329",false," clueweb09-en0008-58-29793",false," clueweb09-en0011-63-16548",false," clueweb09-en0003-84-15382",false," clueweb09-en0005-24-21769",false," clueweb09-en0005-78-14839",true," clueweb09-en0009-31-21028",false," nr-clueweb09-en0004-23-21129",false," random-clueweb09-en0009-06-35915",false," clueweb09-en0006-85-09343",false," clueweb09-en0006-16-07444",false," clueweb09-en0000-13-31831",false," nr-clueweb09-en0011-09-27599",false,1,0
3QREJ3J447DVDM168XNO8KV9JBULKD,3HOSI13XH447OO5YT19E9EO294WDD0,A45HNDMV9V0NA,2021-07-15T16:54:42,1626382482000,1626382600000,118.0,1.9666666666666666,43.53,0.0," What club does Messi play for?"," "," Sports"," random-clueweb09-en0009-64-30845",false," clueweb09-en0003-59-20098",true," clueweb09-en0004-69-08361",true," clueweb09-en0000-53-18534",false," nr-clueweb09-en0001-96-23342",false," clueweb09-en0010-92-10733",false," clueweb09-en0001-52-11391",false," clueweb09-en0000-31-12015",false," clueweb09-en0011-29-38638",false," clueweb09-en0011-29-38505",false," clueweb09-en0002-44-03675",true," clueweb09-en0000-99-11984",false," nr-clueweb09-en0002-06-16390",false,3,0
3QREJ3J447DVDM168XNO8KV9JBULKD,3K9FOBBF2MZZ8CK3VCL5OW81WH3NLB,A38IPIPA3T3G4,2021-07-15T17:33:54,1626384834000,1626385438000,604.0,10.066666666666666,182.832,0.0," how are crude oil formed"," "," Science"," clueweb09-en0001-99-14968",true," clueweb09-en0006-33-34795",false," clueweb09-en0010-68-04418",false," clueweb09-en0003-20-16674",true," nr-clueweb09-en0000-13-24090",false," clueweb09-en0001-49-10135",false," clueweb09-en0005-41-36117",false," clueweb09-en0005-05-38537",true," clueweb09-en0011-03-20138",false," random-clueweb09-en0008-13-05976",false," clueweb09-en0007-20-09153",false," clueweb09-en0005-88-05265",true," nr-clueweb09-en0009-57-01303",false,4,0
3QREJ3J447DVDM168XNO8KV9JBULKD,384PI804XXHJRTNMEFG8P6QJGI1S0K,A2IFHU3P1MF54K,2021-07-15T17:45:44,1626385544000,1626385772000,228.0,3.8,131.862,0.0," When is the right time to teach my kids sex education"," "," Parenting"," clueweb09-en0010-10-09181",false," clueweb09-en0006-44-24161",false," clueweb09-en0000-93-32886",false," nr-clueweb09-en0009-02-17610",false," random-clueweb09-en0007-00-09110",false," clueweb09-en0010-06-35279",true," clueweb09-en0011-31-08544",false," clueweb09-en0011-31-08525",false," clueweb09-en0004-05-03133",true," clueweb09-en0002-17-06567",false," clueweb09-en0009-81-23330",false," clueweb09-en0000-05-04835",false," nr-clueweb09-en0011-98-07712",false,2,0
3QREJ3J447DVDM168XNO8KV9JBULKD,37C0GNLMHKJ83FQJJE1038EASJM6DG,A3C2X1L5PVNNLV,2021-07-16T02:49:07,1626418147000,1626418283000,136.0,2.2666666666666666,99.692,0.0," How to spot a loser"," "," Relationships"," clueweb09-enwp02-03-09779",true," clueweb09-en0001-52-28127",true," clueweb09-en0006-38-32444",false," clueweb09-enwp01-42-06654",false," clueweb09-en0008-87-23509",true," clueweb09-en0006-36-30961",false," clueweb09-en0008-49-09998",false," clueweb09-en0010-35-12632",true," random-clueweb09-en0003-07-27095",false," nr-clueweb09-en0009-65-33143",false," clueweb09-en0004-03-11167",false," clueweb09-en0011-01-05261",false," nr-clueweb09-en0001-21-03126",false,4,0
34D9ZRXCZVAC5MNAGF70QS686T8SAJ,352YTHGRO0TB08R7MMRBXV9UOJS4HJ,A195MOXRMNHRVT,2021-07-15T16:17:39,1626380259000,1626380977000,718.0,11.966666666666667,24.622,0.0," nail polish colors current"," "," Style"," clueweb09-enwp01-47-07403",false," clueweb09-en0003-58-09862",true," clueweb09-en0003-27-21287",true," clueweb09-en0000-09-21143",false," random-clueweb09-en0011-47-15958",false," clueweb09-en0000-75-13567",false," nr-clueweb09-en0011-44-27569",false," clueweb09-en0003-27-21286",false," clueweb09-en0008-15-08388",true," clueweb09-en0000-71-23587",false," clueweb09-enwp01-59-08073",false," clueweb09-en0006-96-32794",false," nr-clueweb09-en0000-35-11484",false,3,0
34D9ZRXCZVAC5MNAGF70QS686T8SAJ,3QBD8R3Z26ZLSPDUQZM1H46V059O4U,A45HNDMV9V0NA,2021-07-15T16:52:56,1626382376000,1626382477000,101.0,1.6833333333333333,48.276,0.0," Who won the last Fifa world cup?"," "," Sports"," nr-clueweb09-enwp01-01-08515",false," clueweb09-en0000-30-25933",false," random-clueweb09-en0005-85-21121",false," clueweb09-enwp02-14-14686",true," clueweb09-en0006-05-04001",false," clueweb09-en0001-77-20935",false," clueweb09-en0003-49-03160",false," clueweb09-en0000-30-25948",false," clueweb09-en0007-99-10414",false," clueweb09-en0008-11-27092",false," clueweb09-en0004-74-00414",false," clueweb09-en0005-99-29128",false," nr-clueweb09-enwp00-25-08515",false,1,0
34D9ZRXCZVAC5MNAGF70QS686T8SAJ,3KRVW3HTZS1GU7UT3K36N3XWJL1SMU,A2IFHU3P1MF54K,2021-07-15T17:36:20,1626384980000,1626385241000,261.0,4.35,193.052,0.0," Things to know before learning how to play baseball."," "," Sports"," clueweb09-en0005-55-15828",true," clueweb09-en0004-38-10043",false," clueweb09-en0006-50-25616",true," clueweb09-en0005-46-12806",false," random-clueweb09-en0007-49-03198",false," clueweb09-en0002-80-35016",false," clueweb09-en0000-60-00383",false," clueweb09-en0004-38-10087",false," nr-clueweb09-en0000-61-22587",false," clueweb09-en0011-93-04433",true," clueweb09-en0008-09-33468",false," clueweb09-en0000-47-03787",false," nr-clueweb09-en0010-59-18730",true,3,1
34D9ZRXCZVAC5MNAGF70QS686T8SAJ,31HQ4X3T3XQWOPC8382RNQI7JGCSLT,A38IPIPA3T3G4,2021-07-15T17:47:07,1626385627000,1626385734000,107.0,1.7833333333333334,68.375,0.0," how to train a dog to bark"," "," Pets"," nr-clueweb09-en0002-14-23374",true," clueweb09-en0003-97-28462",false," clueweb09-en0004-39-36134",true," clueweb09-en0009-76-23976",true," clueweb09-en0011-42-20923",false," clueweb09-en0006-50-27478",true," clueweb09-en0004-39-36182",true," clueweb09-en0000-77-15570",false," random-clueweb09-en0000-21-15033",false," clueweb09-en0005-74-01124",true," clueweb09-en0007-58-03306",true," clueweb09-en0009-03-07465",true," nr-clueweb09-en0009-29-23420",true,7,2
34D9ZRXCZVAC5MNAGF70QS686T8SAJ,3U4J9857OJRYSI64OSFMEWQ6K9XB7G,A3C2X1L5PVNNLV,2021-07-16T03:52:46,1626421966000,1626422020000,54.0,0.9,16.179,0.0," Best phones of the year"," "," Technology"," clueweb09-en0008-46-13837",true," clueweb09-en0005-22-23373",true," clueweb09-en0004-24-22768",false," clueweb09-en0001-97-04682",true," clueweb09-en0004-84-18276",true," clueweb09-en0007-30-15299",false," random-clueweb09-enwp03-08-12100",false," clueweb09-en0006-38-35797",false," clueweb09-en0011-05-09294",false," nr-clueweb09-en0001-97-04683",false," clueweb09-en0005-04-18806",false," clueweb09-en0006-33-05483",true," nr-clueweb09-en0005-99-39071",true,5,1
3Y7LTZE0ZX2TL7NMHCIZMMF50B0UZ2,3Z9WI9EOZ44WEAGA7EER4CYQL5HKHO,A195MOXRMNHRVT,2021-07-15T16:17:26,1626380246000,1626380577000,331.0,5.516666666666667,16.428,0.0," meditation beginning"," "," Spirituality"," clueweb09-en0007-82-17372",true," random-clueweb09-en0002-63-12795",false," nr-clueweb09-en0011-02-05096",true," clueweb09-en0001-24-19689",false," clueweb09-en0009-67-37017",false," clueweb09-en0003-54-03866",false," clueweb09-en0008-43-23109",false," clueweb09-en0011-53-35442",false," clueweb09-en0009-67-36975",true," clueweb09-en0008-00-39232",false," clueweb09-en0005-00-23959",false," clueweb09-en0011-53-35480",true," nr-clueweb09-en0004-74-10641",false,3,1
3Y7LTZE0ZX2TL7NMHCIZMMF50B0UZ2,3WS1NTTKE3SANOI08VG9I774RS00F2,A45HNDMV9V0NA,2021-07-15T16:33:15,1626381195000,1626381308000,113.0,1.8833333333333333,46.825,0.0," Best medicine for stomach ache."," "," Health &amp; Wellness"," random-clueweb09-en0007-09-17000",false," clueweb09-en0007-90-35282",false," clueweb09-en0008-12-02628",true," clueweb09-en0004-90-16977",false," clueweb09-en0008-38-13088",false," clueweb09-en0011-12-43760",false," clueweb09-en0003-81-11628",true," clueweb09-en0011-63-06892",false," clueweb09-en0008-22-22872",false," clueweb09-en0011-12-43762",false," nr-clueweb09-en0010-72-25040",false," clueweb09-en0009-61-31662",false," nr-clueweb09-en0002-84-01992",false,2,0
3Y7LTZE0ZX2TL7NMHCIZMMF50B0UZ2,37KGEN7NJ86P2IBE3JR492MG166PP8,A38IPIPA3T3G4,2021-07-15T17:45:58,1626385558000,1626385680000,122.0,2.033333333333333,85.631,0.0," when did Michael Jackson die?"," "," Entertainment"," clueweb09-en0004-95-07037",false," random-clueweb09-en0003-07-27095",false," clueweb09-en0000-09-01015",false," clueweb09-en0004-11-21329",false," clueweb09-en0003-33-14533",false," clueweb09-enwp01-72-20280",true," clueweb09-en0005-16-01873",false," nr-clueweb09-en0006-73-19594",false," clueweb09-en0010-67-00775",false," clueweb09-en0008-63-30457",false," clueweb09-en0000-09-10373",false," clueweb09-en0006-01-24929",false," nr-clueweb09-en0006-73-19757",false,1,0
3Y7LTZE0ZX2TL7NMHCIZMMF50B0UZ2,308Q0PEVBDTCT9839Z5NEFLPAOV9IN,A2IFHU3P1MF54K,2021-07-15T18:02:35,1626386555000,1626386766000,211.0,3.5166666666666666,139.374,0.0," Stable relationship"," "," Relationships"," clueweb09-en0004-84-10126",false," clueweb09-en0004-57-02906",false," clueweb09-en0010-99-24940",true," random-clueweb09-en0008-31-37861",false," clueweb09-en0000-83-28507",false," clueweb09-en0003-33-02274",false," clueweb09-en0008-75-32467",false," clueweb09-en0011-01-32019",false," clueweb09-en0011-05-35123",false," nr-clueweb09-en0000-89-20787",false," clueweb09-en0004-84-26080",false," clueweb09-en0007-19-16882",false," nr-clueweb09-en0010-92-08180",false,1,0
3Y7LTZE0ZX2TL7NMHCIZMMF50B0UZ2,3YMTUJH0DXW15HI2MG80BECIZE6T43,A3C2X1L5PVNNLV,2021-07-16T03:45:12,1626421512000,1626421671000,159.0,2.65,90.712,0.0," Best style of the year"," "," Style"," clueweb09-en0011-42-30095",true," nr-clueweb09-en0001-47-31284",true," clueweb09-en0004-05-05900",true," clueweb09-en0008-67-21445",true," clueweb09-en0004-64-39580",false," clueweb09-en0007-29-32425",true," clueweb09-en0000-84-18556",true," clueweb09-en0010-49-03656",false," random-clueweb09-en0002-63-12795",false," clueweb09-en0004-45-30455",true," clueweb09-enwp00-73-01968",false," clueweb09-en0009-85-05979",false," nr-clueweb09-en0006-12-35581",false,6,1
