HITid,AssignmentId,WorkerId,Start Time,End Time,Time,Minutes,Input Time (s),Query Time (s),Query,Description,Category,doc1id,doc1selected,doc2id,doc2selected,doc3id,doc3selected,doc4id,doc4selected,doc5id,doc5selected,doc6id,doc6selected,doc7id,doc7selected,doc8id,doc8selected,doc9id,doc9selected,doc10id,doc10selected,doc11id,doc11selected,doc12id,doc12selected,doc13id,doc13selected,Num Relevant Selected,Num NR Selected
3E24UO25R36WKSJEJL9FQIULDLV6OQ,3W8CV64QJ7FCXEXJ3HN2E3KAADP9H7,A195MOXRMNHRVT,1.62645E+12,1.62645E+12,945,15.75,22.165,0, stargazing dark sky, , Recreation, clueweb09-en0002-87-12720,FALSE, clueweb09-en0003-60-35438,TRUE, clueweb09-en0011-45-23850,FALSE, clueweb09-en0000-15-12022,FALSE, clueweb09-en0010-03-28711,FALSE, clueweb09-en0010-03-28707,TRUE, clueweb09-en0005-94-01229,FALSE, clueweb09-en0011-45-25809,FALSE, clueweb09-en0010-53-14410,FALSE, nr-clueweb09-en0004-46-14145,FALSE, clueweb09-en0002-26-30214,FALSE, random-clueweb09-enwp00-42-07293,FALSE, nr-clueweb09-en0003-18-19948,FALSE,2,0
3E24UO25R36WKSJEJL9FQIULDLV6OQ,39KFRKBFISB1QWREF6A8XTA2V9DOYQ,A45HNDMV9V0NA,1.62646E+12,1.62646E+12,88,1.466666667,32.301,0, How to install air conditioner?, , Home, clueweb09-en0010-43-12896,FALSE, clueweb09-en0003-86-29639,TRUE, nr-clueweb09-en0006-67-15647,FALSE, clueweb09-en0009-24-15125,TRUE, clueweb09-en0004-83-00106,FALSE, random-clueweb09-en0008-13-05976,FALSE, clueweb09-en0007-79-02833,FALSE, clueweb09-en0007-95-14658,TRUE, clueweb09-en0005-75-31423,FALSE, clueweb09-en0007-62-30359,FALSE, clueweb09-en0007-95-13691,TRUE, clueweb09-en0009-42-35283,TRUE, nr-clueweb09-en0010-92-30020,FALSE,5,0
3E24UO25R36WKSJEJL9FQIULDLV6OQ,3SKRO2GZ767LAZVW5PB6CPIJ4JXK17,A38IPIPA3T3G4,1.62646E+12,1.62646E+12,201,3.35,104.604,0, beard straightening devices, , Shopping, clueweb09-en0005-24-32164,FALSE, clueweb09-en0005-89-03731,FALSE, clueweb09-en0008-34-15941,FALSE, clueweb09-en0011-32-04666,TRUE, clueweb09-en0011-01-39219,FALSE, clueweb09-en0011-98-35347,FALSE, nr-clueweb09-en0010-85-29752,TRUE, clueweb09-en0009-30-31721,FALSE, random-clueweb09-en0000-87-03924,FALSE, clueweb09-en0002-64-20971,FALSE, clueweb09-en0005-24-32183,FALSE, clueweb09-en0005-90-15529,TRUE, nr-clueweb09-en0007-79-01530,FALSE,2,1
3E24UO25R36WKSJEJL9FQIULDLV6OQ,3IKZ72A5B9WD8KA791I7TJ3HZONFNA,ALDKDKRBR4LXD,1.62646E+12,1.62646E+12,51,0.85,24.075,0, Deepak Chopra, , Spirituality, clueweb09-en0009-91-06424,TRUE, clueweb09-en0000-68-30216,TRUE, clueweb09-en0000-31-08244,TRUE, clueweb09-en0007-42-38747,TRUE, clueweb09-en0008-30-42148,TRUE, random-clueweb09-en0007-09-17000,FALSE, clueweb09-en0011-10-27884,TRUE, clueweb09-en0006-60-11478,FALSE, nr-clueweb09-en0006-60-11557,TRUE, clueweb09-en0006-60-11471,TRUE, clueweb09-en0006-06-19729,TRUE, clueweb09-en0008-22-28705,TRUE, nr-clueweb09-en0000-68-30254,TRUE,9,2
3E24UO25R36WKSJEJL9FQIULDLV6OQ,3FTOP5WARK4QSQ4WRL7UX5ZWK260J0,AOTSBJGYMR4N8,1.62647E+12,1.62647E+12,37,0.616666667,11.872,0, super bowl winners, , Sports, clueweb09-en0002-93-08158,FALSE, clueweb09-en0011-59-20189,FALSE, nr-clueweb09-enwp03-17-19794,FALSE, clueweb09-en0004-21-04034,FALSE, clueweb09-en0004-83-01099,FALSE, clueweb09-en0002-72-06729,FALSE, clueweb09-en0011-67-26089,TRUE, clueweb09-en0004-83-01102,FALSE, clueweb09-en0004-09-01099,FALSE, random-clueweb09-en0008-25-06683,FALSE, clueweb09-en0001-12-30983,FALSE, clueweb09-en0003-06-19151,TRUE, nr-clueweb09-enwp03-17-19792,FALSE,2,0
3909MD9T33X6RUZ0Q09NFCDK2ISEFX,3WQ3B2KGEDWKHWR2ZCYDDMZTHOW1BA,A195MOXRMNHRVT,1.62645E+12,1.62645E+12,497,8.283333333,22.887,0, best bass headphones, , Technology, clueweb09-en0009-67-00166,TRUE, random-clueweb09-en0002-86-03239,FALSE, clueweb09-en0003-61-01343,FALSE, clueweb09-en0005-34-27853,FALSE, clueweb09-en0008-90-36267,FALSE, nr-clueweb09-en0001-66-13536,FALSE, clueweb09-en0009-67-12577,FALSE, clueweb09-en0003-61-01353,TRUE, clueweb09-en0008-89-25351,FALSE, clueweb09-en0002-30-09260,FALSE, clueweb09-en0007-24-02582,FALSE, clueweb09-en0009-29-23661,FALSE, nr-clueweb09-en0006-74-07723,FALSE,2,0
3909MD9T33X6RUZ0Q09NFCDK2ISEFX,3WOKGM4L76W4T1VT7YZZ51GIJWQ0OT,A45HNDMV9V0NA,1.62645E+12,1.62645E+12,80,1.333333333,26.476,0, Tips on how to save money., , Economy &amp; Finance, clueweb09-en0002-33-27605,TRUE, clueweb09-en0001-82-11557,TRUE, clueweb09-en0001-54-13663,FALSE, clueweb09-en0006-94-21859,FALSE, clueweb09-en0004-42-32408,TRUE, clueweb09-en0004-88-14260,TRUE, random-clueweb09-en0005-94-21396,FALSE, nr-clueweb09-en0007-60-14593,FALSE, clueweb09-en0010-42-24632,TRUE, clueweb09-en0006-94-21763,TRUE, clueweb09-en0001-41-15776,TRUE, clueweb09-en0005-52-24311,TRUE, nr-clueweb09-en0010-49-12674,TRUE,8,1
3909MD9T33X6RUZ0Q09NFCDK2ISEFX,3KMS4QQVK76C0EP4COQR1RMD5TEKF6,A38IPIPA3T3G4,1.62646E+12,1.62646E+12,295,4.916666667,109.658,0, cheapest countries to visit in Europe, , Travel, clueweb09-en0010-06-22353,FALSE, clueweb09-en0004-30-26738,TRUE, clueweb09-en0005-23-24017,FALSE, nr-clueweb09-en0007-65-12516,FALSE, random-clueweb09-en0000-21-15033,FALSE, clueweb09-en0008-61-09770,TRUE, clueweb09-en0005-97-28284,FALSE, clueweb09-en0003-00-19322,TRUE, clueweb09-en0004-30-27430,FALSE, clueweb09-en0005-75-36931,FALSE, clueweb09-en0009-11-27450,FALSE, clueweb09-en0005-43-27045,FALSE, nr-clueweb09-en0011-33-14364,FALSE,3,0
3909MD9T33X6RUZ0Q09NFCDK2ISEFX,33TIN5LC09QYJ9N8DHRQ03FD0AX9Y3,ALDKDKRBR4LXD,1.62646E+12,1.62646E+12,102,1.7,67.28,0, round trip to europe, , Travel, clueweb09-en0002-16-31590,TRUE, clueweb09-en0011-63-00427,TRUE, clueweb09-en0006-51-31824,FALSE, clueweb09-en0008-35-05700,FALSE, clueweb09-en0003-96-18235,TRUE, clueweb09-en0011-98-03985,TRUE, nr-clueweb09-en0006-51-33464,FALSE, clueweb09-en0011-65-16294,TRUE, clueweb09-en0011-65-16338,TRUE, random-clueweb09-en0009-06-35915,FALSE, clueweb09-en0006-51-31668,FALSE, clueweb09-en0009-98-20328,TRUE, nr-clueweb09-en0006-51-31749,TRUE,7,1
3909MD9T33X6RUZ0Q09NFCDK2ISEFX,3DYGAII7PQOA2UCT3W6T97CQ65APQN,AOTSBJGYMR4N8,1.62647E+12,1.62647E+12,33,0.55,16.52,0, soccer pitch size, , Sports, clueweb09-en0008-87-28576,FALSE, clueweb09-en0003-41-11846,FALSE, clueweb09-en0009-78-01974,FALSE, clueweb09-en0005-05-18015,FALSE, random-clueweb09-en0007-00-09110,FALSE, clueweb09-en0008-02-06131,FALSE, clueweb09-en0003-11-11881,FALSE, nr-clueweb09-en0002-41-24734,FALSE, clueweb09-en0000-21-25017,FALSE, clueweb09-en0004-35-33076,FALSE, clueweb09-en0011-57-01106,TRUE, clueweb09-en0002-63-27102,FALSE, nr-clueweb09-en0000-01-00801,FALSE,1,0
335VBRURENGXQK8NNE9V5GR9ZKX9E0,34T446B1C5U3KCYQHTQ8A1M1UHQC0P,A195MOXRMNHRVT,1.62645E+12,1.62645E+12,877,14.61666667,37.253,0, optimal indor humidity, , Home, clueweb09-en0000-20-15998,FALSE, clueweb09-en0004-04-00138,TRUE, clueweb09-en0009-27-05839,FALSE, clueweb09-en0007-60-15984,FALSE, clueweb09-en0005-62-00838,FALSE, clueweb09-en0002-01-09464,FALSE, clueweb09-en0009-71-25531,FALSE, clueweb09-en0007-00-03343,TRUE, clueweb09-en0004-32-17494,FALSE, random-clueweb09-en0007-09-17000,FALSE, nr-clueweb09-enwp00-24-22360,FALSE, clueweb09-en0001-30-14966,FALSE, nr-clueweb09-en0000-08-12060,FALSE,2,0
335VBRURENGXQK8NNE9V5GR9ZKX9E0,3JBT3HLQFDIJGMDKQSP600OUB87ZP3,A45HNDMV9V0NA,1.62646E+12,1.62646E+12,88,1.466666667,48.32,0, Best taco recipes., , Food &amp; Drink, clueweb09-en0000-67-13557,FALSE, clueweb09-en0000-25-32656,FALSE, clueweb09-en0010-03-00108,FALSE, clueweb09-en0010-41-15371,FALSE, clueweb09-en0009-25-11431,FALSE, clueweb09-en0007-33-32009,FALSE, random-clueweb09-en0006-75-34429,FALSE, clueweb09-en0006-47-11134,FALSE, nr-clueweb09-en0001-30-07817,FALSE, clueweb09-en0008-48-02402,FALSE, clueweb09-en0011-25-02643,FALSE, clueweb09-en0007-33-32115,TRUE, nr-clueweb09-en0005-44-01827,FALSE,1,0
335VBRURENGXQK8NNE9V5GR9ZKX9E0,3O7L7BFSHJ5TO5ZKHAL96TM01OAEI7,A38IPIPA3T3G4,1.62646E+12,1.62646E+12,210,3.5,159.574,0, how to get cured of diabetes, , Health &amp; Wellness, clueweb09-en0005-91-21958,FALSE, clueweb09-en0010-89-33807,TRUE, clueweb09-en0006-87-02441,FALSE, clueweb09-en0010-30-28397,TRUE, clueweb09-en0007-30-30415,FALSE, nr-clueweb09-en0008-79-22253,FALSE, clueweb09-en0007-30-26690,TRUE, clueweb09-en0010-30-29750,TRUE, clueweb09-en0006-91-30550,FALSE, clueweb09-en0000-80-35390,FALSE, random-clueweb09-en0006-35-27399,FALSE, clueweb09-en0005-91-21986,FALSE, nr-clueweb09-en0003-45-29230,FALSE,4,0
335VBRURENGXQK8NNE9V5GR9ZKX9E0,32RIADZISXK0QH5NXG3A19GWXXM4SN,ALDKDKRBR4LXD,1.62646E+12,1.62646E+12,56,0.933333333,23.602,0, disneyland packages, , Travel, clueweb09-en0006-62-02062,TRUE, clueweb09-en0009-25-28595,TRUE, clueweb09-en0005-27-00142,TRUE, clueweb09-en0001-22-10799,TRUE, clueweb09-en0006-62-01954,TRUE, nr-clueweb09-en0003-38-03733,TRUE, clueweb09-en0004-84-23372,TRUE, clueweb09-en0004-85-22004,TRUE, clueweb09-en0008-73-33163,FALSE, clueweb09-en0011-32-33852,FALSE, random-clueweb09-en0009-64-30845,FALSE, clueweb09-en0008-17-02335,TRUE, nr-clueweb09-en0005-55-19863,TRUE,8,2
335VBRURENGXQK8NNE9V5GR9ZKX9E0,3JJVG1YBEGDJ5ESL0Z0PGCCAT575B4,AOTSBJGYMR4N8,1.62647E+12,1.62647E+12,68,1.133333333,27.022,0, frida kahlo inspirations, , Arts, clueweb09-en0009-82-35605,FALSE, nr-clueweb09-en0003-96-06885,FALSE, clueweb09-en0007-45-05828,FALSE, clueweb09-en0007-45-05824,FALSE, clueweb09-enwp00-99-12338,TRUE, clueweb09-enwp00-72-20995,TRUE, clueweb09-en0004-64-34468,FALSE, clueweb09-en0010-44-12195,FALSE, clueweb09-en0011-75-02715,FALSE, clueweb09-en0004-62-25038,FALSE, random-clueweb09-en0002-82-08074,FALSE, clueweb09-en0006-15-17190,TRUE, nr-clueweb09-en0000-31-25568,FALSE,3,0
3ZTE0JGGDI8L09SFTCMICIMV976OC0,3YWRV122CXFHOVKTYOONXMEPKF8U83,A195MOXRMNHRVT,1.62645E+12,1.62645E+12,525,8.75,9.095,0, borage oil, , Health &amp; Wellness, clueweb09-en0003-70-26126,FALSE, clueweb09-enwp00-28-14392,TRUE, clueweb09-en0011-65-15610,FALSE, clueweb09-en0009-93-19903,TRUE, nr-clueweb09-en0011-24-16510,FALSE, clueweb09-en0008-20-07185,FALSE, clueweb09-en0007-64-26626,FALSE, clueweb09-en0010-39-30554,FALSE, clueweb09-en0007-64-26672,FALSE, clueweb09-en0000-92-23104,FALSE, random-clueweb09-en0005-85-21121,FALSE, clueweb09-en0008-97-13533,FALSE, nr-clueweb09-en0011-24-16547,FALSE,2,0
3ZTE0JGGDI8L09SFTCMICIMV976OC0,3L2IS5HSFFY2R27X4QD6FJ4K9BQNU5,A45HNDMV9V0NA,1.62645E+12,1.62645E+12,95,1.583333333,39.086,0, Best games for the Super Nintendo., , Technology, clueweb09-en0002-15-35426,FALSE, random-clueweb09-en0007-49-03198,FALSE, clueweb09-en0004-68-08535,FALSE, clueweb09-en0008-95-11043,FALSE, clueweb09-en0008-52-28704,FALSE, nr-clueweb09-enwp01-52-05032,FALSE, clueweb09-en0008-95-10599,FALSE, clueweb09-en0004-90-07502,FALSE, clueweb09-en0004-68-08536,FALSE, clueweb09-en0011-80-35841,FALSE, clueweb09-en0007-48-02190,FALSE, clueweb09-en0011-73-19326,FALSE, nr-clueweb09-enwp01-60-04763,FALSE,0,0
3ZTE0JGGDI8L09SFTCMICIMV976OC0,3Y9N9SS8L3R96W310C32W52QIUCD3D,A38IPIPA3T3G4,1.62646E+12,1.62646E+12,174,2.9,132.946,0, types of curtain patterns, , Crafts &amp; Hobbies, clueweb09-en0011-06-31164,TRUE, clueweb09-en0007-02-04983,TRUE, nr-clueweb09-en0000-97-17474,FALSE, clueweb09-enwp01-79-20499,FALSE, clueweb09-en0003-86-18704,FALSE, random-clueweb09-en0003-07-27095,FALSE, clueweb09-en0010-94-16225,TRUE, clueweb09-en0007-12-29505,TRUE, clueweb09-en0004-55-16725,FALSE, clueweb09-en0002-47-01163,FALSE, clueweb09-en0009-36-05923,FALSE, clueweb09-en0006-76-23696,TRUE, nr-clueweb09-en0000-97-17443,FALSE,5,0
3ZTE0JGGDI8L09SFTCMICIMV976OC0,3E1QT0TDFUPCF4PT47Z9EJQEQLH8I7,ALDKDKRBR4LXD,1.62646E+12,1.62646E+12,105,1.75,62.691,0, best cardio exercise, , Health &amp; Wellness, clueweb09-en0005-49-01216,TRUE, clueweb09-en0011-63-20854,TRUE, clueweb09-en0006-81-20007,TRUE, clueweb09-en0004-85-21473,FALSE, clueweb09-en0005-49-01211,TRUE, clueweb09-en0003-22-02434,TRUE, clueweb09-en0005-12-19967,TRUE, random-clueweb09-en0005-94-21396,FALSE, nr-clueweb09-en0000-46-19695,TRUE, clueweb09-en0009-59-03545,TRUE, clueweb09-en0008-85-35376,TRUE, clueweb09-en0001-47-15807,TRUE, nr-clueweb09-en0011-24-11818,FALSE,9,1
3ZTE0JGGDI8L09SFTCMICIMV976OC0,34Z02EIMIXTK6T013FLYZBM5I4WT0X,AOTSBJGYMR4N8,1.62647E+12,1.62647E+12,39,0.65,14.222,0, bird house designs, , Crafts &amp; Hobbies, clueweb09-en0000-21-11702,TRUE, clueweb09-en0007-20-08703,FALSE, clueweb09-en0008-76-26941,FALSE, clueweb09-en0009-43-16104,FALSE, clueweb09-en0004-23-18321,TRUE, clueweb09-en0005-92-41611,FALSE, clueweb09-en0006-06-21250,TRUE, nr-clueweb09-en0010-26-01314,FALSE, clueweb09-en0004-23-18380,FALSE, random-clueweb09-en0009-64-30845,FALSE, clueweb09-en0005-05-06202,FALSE, clueweb09-en0007-42-23683,FALSE, nr-clueweb09-en0006-28-35485,FALSE,3,0
3XU9MCX6WSSBZ4STOBEGU0IE83DR23,31T4R4OBOXWH2NYA2SBHPGWO2VW7CK,A195MOXRMNHRVT,1.62645E+12,1.62645E+12,1140,19,8.125,0, salsa recipes, , Food &amp; Drink, clueweb09-en0011-05-33684,TRUE, nr-clueweb09-en0006-47-11088,FALSE, clueweb09-en0004-97-09817,FALSE, clueweb09-en0010-24-08164,FALSE, clueweb09-en0000-67-10430,FALSE, clueweb09-en0006-47-11532,FALSE, random-clueweb09-en0006-35-27399,FALSE, clueweb09-en0011-05-33727,FALSE, clueweb09-en0004-18-23168,FALSE, clueweb09-en0000-67-11255,TRUE, clueweb09-en0000-84-25981,TRUE, clueweb09-en0005-86-40859,FALSE, nr-clueweb09-en0006-47-11778,FALSE,3,0
3XU9MCX6WSSBZ4STOBEGU0IE83DR23,35L9RVQFCTYAH6LM1SITAZ7ONZHHUQ,A45HNDMV9V0NA,1.62645E+12,1.62645E+12,61,1.016666667,19.097,0, How to build a computer?, , Technology, random-clueweb09-en0006-26-18498,FALSE, clueweb09-en0000-34-19030,TRUE, clueweb09-en0006-50-25628,TRUE, clueweb09-en0009-86-25683,TRUE, nr-clueweb09-en0000-45-26074,FALSE, clueweb09-en0001-10-03204,TRUE, clueweb09-en0005-85-11484,TRUE, clueweb09-en0011-88-20977,TRUE, clueweb09-en0000-08-15770,FALSE, clueweb09-en0009-86-25672,TRUE, clueweb09-en0005-90-07755,TRUE, clueweb09-en0005-85-11430,TRUE, nr-clueweb09-en0005-32-00378,TRUE,9,1
3XU9MCX6WSSBZ4STOBEGU0IE83DR23,3Q5C1WP23RHISGATY270A0Z17T3518,A38IPIPA3T3G4,1.62646E+12,1.62646E+12,213,3.55,165.191,0, How to tame a stubborn child, , Parenting, clueweb09-en0010-45-00111,FALSE, nr-clueweb09-en0001-68-01922,FALSE, clueweb09-en0003-90-09257,FALSE, clueweb09-en0007-58-00557,FALSE, clueweb09-en0003-91-03693,FALSE, clueweb09-enwp01-23-01715,FALSE, random-clueweb09-en0009-06-35915,FALSE, clueweb09-en0009-92-26750,FALSE, clueweb09-en0009-99-03371,FALSE, clueweb09-en0004-68-08371,FALSE, clueweb09-en0007-95-13439,FALSE, clueweb09-en0003-91-03692,FALSE, nr-clueweb09-en0005-62-05155,FALSE,0,0
3XU9MCX6WSSBZ4STOBEGU0IE83DR23,3XLBSAQ9Z9SUAG9KU6VP0EX9BEBZ76,ALDKDKRBR4LXD,1.62646E+12,1.62646E+12,77,1.283333333,49.705,0, real estate market, , Home, clueweb09-en0004-46-20910,FALSE, clueweb09-en0000-65-03574,TRUE, clueweb09-en0004-80-26056,FALSE, nr-clueweb09-en0003-64-08074,FALSE, clueweb09-en0002-37-30211,TRUE, clueweb09-en0007-38-13442,TRUE, clueweb09-en0002-87-17737,FALSE, clueweb09-en0011-77-22772,TRUE, random-clueweb09-en0006-26-18498,FALSE, clueweb09-en0006-79-22968,FALSE, clueweb09-en0006-13-00387,FALSE, clueweb09-en0002-52-25544,FALSE, nr-clueweb09-en0003-64-07906,FALSE,4,0
3XU9MCX6WSSBZ4STOBEGU0IE83DR23,3I7DHKZYGSG9IV4151MLZ23V830F5X,AOTSBJGYMR4N8,1.62647E+12,1.62647E+12,36,0.6,11.74,0, one term us presidents, , Politics, random-clueweb09-en0003-07-27095,FALSE, clueweb09-enwp01-33-01310,TRUE, clueweb09-enwp01-27-04062,TRUE, clueweb09-en0000-99-09093,FALSE, clueweb09-en0001-16-24505,FALSE, clueweb09-en0001-92-19757,FALSE, clueweb09-en0000-30-07671,FALSE, clueweb09-en0009-03-25138,FALSE, clueweb09-en0000-06-08240,FALSE, clueweb09-en0000-34-11937,FALSE, nr-clueweb09-en0000-40-10176,FALSE, nr-clueweb09-en0000-40-10176,FALSE, nr-clueweb09-en0006-66-40076,FALSE,2,0
389A2A305SY0XS0WRRK7MHQDB4QC0Y,308XBLVESNK8A1QJX6DSJDH6LMQBRG,A195MOXRMNHRVT,1.62645E+12,1.62645E+12,615,10.25,14.274,0, rabbit litter box training, , Pets, clueweb09-en0009-18-21982,TRUE, clueweb09-en0004-50-01205,TRUE, clueweb09-en0006-61-25635,TRUE, clueweb09-en0010-84-26132,FALSE, nr-clueweb09-en0004-38-16529,FALSE, clueweb09-en0004-49-36685,FALSE, clueweb09-en0004-75-26368,TRUE, clueweb09-en0003-52-33989,FALSE, random-clueweb09-en0008-25-06683,FALSE, clueweb09-en0009-18-03294,FALSE, clueweb09-en0007-82-03768,FALSE, clueweb09-en0009-41-26219,FALSE, nr-clueweb09-en0001-98-18774,FALSE,4,0
389A2A305SY0XS0WRRK7MHQDB4QC0Y,39GXDJN2OYUH1A9T3EYST8G8YNZV8D,A45HNDMV9V0NA,1.62645E+12,1.62645E+12,100,1.666666667,31.186,0, How to tell if a baby is hungry?, , Parenting, random-clueweb09-enwp03-08-12100,FALSE, clueweb09-en0005-32-32173,FALSE, clueweb09-en0007-00-01789,TRUE, clueweb09-en0004-76-34076,FALSE, clueweb09-en0000-29-22375,TRUE, clueweb09-en0001-16-29443,FALSE, clueweb09-en0002-75-22086,TRUE, clueweb09-en0005-49-07398,FALSE, clueweb09-en0005-98-24489,FALSE, clueweb09-en0000-38-17422,FALSE, nr-clueweb09-en0009-62-23820,FALSE, clueweb09-en0002-86-27835,TRUE, nr-clueweb09-en0004-57-21045,FALSE,4,0
389A2A305SY0XS0WRRK7MHQDB4QC0Y,3QILPRALQAB4T50K1NC1JRMVCK98NL,A38IPIPA3T3G4,1.62646E+12,1.62646E+12,158,2.633333333,123.123,0, pros and cons of Obamacare, , Politics, clueweb09-en0009-54-06488,FALSE, clueweb09-en0006-12-12579,FALSE, clueweb09-en0009-15-10608,FALSE, nr-clueweb09-en0000-26-02972,FALSE, clueweb09-en0011-58-18832,FALSE, random-clueweb09-en0009-77-38942,FALSE, clueweb09-en0010-79-22771,FALSE, clueweb09-en0004-18-04070,FALSE, clueweb09-en0007-68-35608,FALSE, clueweb09-en0006-53-14414,FALSE, clueweb09-en0002-99-13265,FALSE, clueweb09-en0011-01-00315,FALSE, nr-clueweb09-en0006-39-14197,FALSE,0,0
389A2A305SY0XS0WRRK7MHQDB4QC0Y,34S6N1K2Z0Z7YGYSSEQSJCB5A80LHC,ALDKDKRBR4LXD,1.62646E+12,1.62646E+12,68,1.133333333,31.204,0, best suits to buy for business, , Style, clueweb09-en0007-48-02775,TRUE, clueweb09-en0000-77-15439,FALSE, nr-clueweb09-en0002-79-16374,FALSE, clueweb09-en0009-58-23065,FALSE, clueweb09-en0009-90-17983,TRUE, clueweb09-en0004-62-08082,FALSE, clueweb09-en0010-53-22864,FALSE, random-clueweb09-en0007-29-30662,FALSE, clueweb09-en0010-18-20219,FALSE, clueweb09-en0003-25-05539,TRUE, clueweb09-en0003-49-35196,TRUE, clueweb09-en0003-49-35209,TRUE, nr-clueweb09-en0002-80-23087,FALSE,5,0
389A2A305SY0XS0WRRK7MHQDB4QC0Y,3TXMY6UCAJ4R853PYRKNP7DJ7MVQCA,AOTSBJGYMR4N8,1.62647E+12,1.62647E+12,62,1.033333333,24.789,0, how does photosynthesis work, , Science, clueweb09-en0002-59-22525,FALSE, clueweb09-en0005-27-34470,TRUE, clueweb09-en0004-83-08917,FALSE, nr-clueweb09-en0000-59-19118,FALSE, clueweb09-en0004-90-06565,TRUE, random-clueweb09-en0006-35-27399,FALSE, clueweb09-en0001-78-25507,FALSE, clueweb09-en0009-57-13319,FALSE, clueweb09-en0006-01-01193,TRUE, clueweb09-en0005-21-28856,FALSE, clueweb09-en0003-86-30205,FALSE, clueweb09-en0000-55-15874,TRUE, nr-clueweb09-en0001-05-10829,FALSE,4,0
3IV1AEQ4EVT5NVB5WNE8209QKMBJ86,30MVJZJNHRT8OKS9RHQNQG0PN6BJ96,A45HNDMV9V0NA,1.62645E+12,1.62645E+12,113,1.883333333,41.884,0, Why do Jewish people wear hats?, , Spirituality, clueweb09-en0011-16-33172,FALSE, clueweb09-en0000-81-01009,FALSE, nr-clueweb09-en0010-11-05746,FALSE, clueweb09-en0002-24-15522,FALSE, clueweb09-en0000-78-07917,FALSE, clueweb09-enwp01-84-03463,TRUE, clueweb09-enwp01-81-02997,TRUE, clueweb09-en0006-07-07771,FALSE, clueweb09-en0009-22-00646,FALSE, clueweb09-en0004-37-01618,FALSE, random-clueweb09-en0002-82-08074,FALSE, clueweb09-en0011-07-30245,FALSE, nr-clueweb09-en0011-12-03277,FALSE,2,0
3IV1AEQ4EVT5NVB5WNE8209QKMBJ86,3Y9N9SS8L3R96W310C32W52QIUE3D5,A38IPIPA3T3G4,1.62646E+12,1.62646E+12,119,1.983333333,84.242,0, top richest Football clubs, , Sports, clueweb09-en0003-37-26944,FALSE, clueweb09-en0003-02-08054,FALSE, clueweb09-en0009-15-06878,FALSE, random-clueweb09-en0003-33-30335,FALSE, clueweb09-enwp01-75-16833,TRUE, clueweb09-en0008-43-04830,FALSE, nr-clueweb09-en0006-35-30947,FALSE, clueweb09-enwp00-73-18193,TRUE, clueweb09-en0004-83-08388,FALSE, clueweb09-en0007-70-01816,FALSE, clueweb09-en0007-57-40586,FALSE, clueweb09-en0007-70-01750,FALSE, nr-clueweb09-en0009-41-20190,FALSE,2,0
3IV1AEQ4EVT5NVB5WNE8209QKMBJ86,3ZV9H2YQQIN8F23SH78SOTRBPALW38,ALDKDKRBR4LXD,1.62646E+12,1.62646E+12,53,0.883333333,15.086,0, kindle, , Technology, clueweb09-en0008-83-12876,FALSE, clueweb09-en0001-82-30464,FALSE, clueweb09-en0011-05-03587,FALSE, clueweb09-en0004-77-32606,TRUE, clueweb09-en0001-72-30515,TRUE, clueweb09-en0006-23-15527,TRUE, clueweb09-en0010-32-02377,FALSE, clueweb09-en0005-66-34106,TRUE, clueweb09-en0001-94-28347,TRUE, nr-clueweb09-en0008-17-22964,TRUE, clueweb09-en0006-31-01450,TRUE, random-clueweb09-enwp03-08-12100,FALSE, nr-clueweb09-en0007-62-20689,FALSE,6,1
3IV1AEQ4EVT5NVB5WNE8209QKMBJ86,3EJPLAJKERWB6GVFBWQXU0XDG34Z6K,AOTSBJGYMR4N8,1.62647E+12,1.62647E+12,46,0.766666667,12.809,0, cat breeds, , Pets, clueweb09-en0011-36-04172,TRUE, nr-clueweb09-en0005-58-26037,TRUE, clueweb09-en0008-72-26567,TRUE, random-clueweb09-en0007-09-17000,FALSE, clueweb09-en0008-11-34610,TRUE, clueweb09-en0010-68-24819,TRUE, clueweb09-en0010-86-25736,TRUE, clueweb09-en0000-32-30307,TRUE, clueweb09-en0010-58-02726,TRUE, clueweb09-en0000-61-26604,FALSE, clueweb09-en0005-72-21065,TRUE, clueweb09-en0002-04-15943,TRUE, nr-clueweb09-en0009-91-14272,FALSE,9,1
3IV1AEQ4EVT5NVB5WNE8209QKMBJ86,3H8DHMCCWERF2UB8LIV1DRJSTGHDK7,A35GM8O68RV7AV,1.62647E+12,1.62647E+12,81,1.35,28.054,0, Parenting a stubborn toddler, , Parenting, clueweb09-en0000-87-15780,TRUE, clueweb09-en0004-94-00516,FALSE, clueweb09-en0009-98-33885,TRUE, nr-clueweb09-en0004-41-13482,FALSE, clueweb09-en0008-84-07655,FALSE, clueweb09-en0002-36-23654,FALSE, clueweb09-en0009-99-00867,TRUE, random-clueweb09-enwp02-01-03342,FALSE, clueweb09-en0005-03-18390,FALSE, clueweb09-en0008-09-03873,FALSE, clueweb09-en0009-98-33893,TRUE, clueweb09-en0010-24-25449,FALSE, nr-clueweb09-en0004-41-13469,FALSE,4,0
3OEWW2KGRNRV51YTT8HTWO4DU7IOD0,3RRCEFRB7RS19VOLMUHFBK6WT864BQ,A195MOXRMNHRVT,1.62645E+12,1.62645E+12,1072,17.86666667,16.538,0, beginning watercolors, , Crafts &amp; Hobbies, clueweb09-en0006-03-00071,FALSE, clueweb09-en0004-91-08903,FALSE, clueweb09-en0011-27-16218,FALSE, clueweb09-enwp00-24-04979,FALSE, random-clueweb09-en0007-00-09110,FALSE, clueweb09-en0011-03-15186,FALSE, clueweb09-en0000-95-09952,FALSE, clueweb09-en0000-95-09953,FALSE, clueweb09-en0000-21-19932,TRUE, clueweb09-en0008-26-10151,FALSE, nr-clueweb09-en0010-06-19935,FALSE, clueweb09-en0009-58-14086,FALSE, nr-clueweb09-en0009-58-14091,FALSE,1,0
3OEWW2KGRNRV51YTT8HTWO4DU7IOD0,3P1L2B7AD65HQXKFWRLI3L86MU2OLR,A45HNDMV9V0NA,1.62645E+12,1.62645E+12,86,1.433333333,25.921,0, My dog has an ear infection., , Pets, clueweb09-en0008-93-26477,TRUE, clueweb09-en0005-71-39496,FALSE, clueweb09-en0008-30-32507,TRUE, random-clueweb09-en0004-13-04016,FALSE, clueweb09-en0007-05-20228,TRUE, clueweb09-en0009-71-20032,TRUE, clueweb09-en0009-98-38232,TRUE, clueweb09-en0004-78-00649,FALSE, nr-clueweb09-en0009-90-24281,TRUE, clueweb09-en0000-08-14944,FALSE, clueweb09-en0009-33-27732,TRUE, clueweb09-en0005-93-39994,TRUE, nr-clueweb09-en0000-84-21554,FALSE,7,1
3OEWW2KGRNRV51YTT8HTWO4DU7IOD0,3WYP994K1C7B1QLAFAOEGTOBA9KY6C,A38IPIPA3T3G4,1.62646E+12,1.62646E+12,89,1.483333333,19.222,0, how to get into MIT, , Education, clueweb09-en0009-79-14787,TRUE, random-clueweb09-en0007-00-09110,FALSE, clueweb09-en0002-82-35918,FALSE, clueweb09-en0004-51-37817,FALSE, clueweb09-en0006-17-18596,FALSE, clueweb09-en0004-43-01708,FALSE, clueweb09-en0002-38-17493,FALSE, clueweb09-en0003-68-25318,FALSE, clueweb09-en0007-10-18352,FALSE, nr-clueweb09-en0002-26-20699,FALSE, clueweb09-en0002-41-11848,FALSE, clueweb09-en0009-24-20591,FALSE, nr-clueweb09-en0002-40-01044,FALSE,1,0
3OEWW2KGRNRV51YTT8HTWO4DU7IOD0,3TAYZSBPLQOQN3Q0T2KM8UJYDJQS2F,ALDKDKRBR4LXD,1.62646E+12,1.62646E+12,74,1.233333333,34.108,0, sports card collecting, , Crafts &amp; Hobbies, clueweb09-en0007-11-35783,TRUE, nr-clueweb09-en0001-24-12914,FALSE, clueweb09-en0001-63-09137,TRUE, clueweb09-en0006-49-25601,FALSE, random-clueweb09-enwp02-01-03342,FALSE, clueweb09-en0008-70-26945,TRUE, clueweb09-en0010-02-27487,FALSE, clueweb09-en0006-50-26393,TRUE, clueweb09-en0004-36-14237,TRUE, clueweb09-en0002-18-33307,TRUE, clueweb09-en0003-65-09098,TRUE, clueweb09-en0000-81-20879,TRUE, nr-clueweb09-en0001-24-12908,TRUE,8,1
3OEWW2KGRNRV51YTT8HTWO4DU7IOD0,3B837J3LDTC7RN7L8SZN92R6PBISR6,AOTSBJGYMR4N8,1.62647E+12,1.62647E+12,40,0.666666667,10.845,0, american third parties, , Politics, nr-clueweb09-en0008-45-03058,FALSE, clueweb09-enwp03-35-08996,TRUE, clueweb09-enwp03-39-03192,TRUE, random-clueweb09-en0005-85-21121,FALSE, clueweb09-en0004-71-28297,FALSE, clueweb09-en0010-20-10640,FALSE, clueweb09-en0009-03-25161,TRUE, clueweb09-en0011-49-07651,FALSE, clueweb09-en0007-13-26514,FALSE, clueweb09-en0011-00-00568,TRUE, clueweb09-en0003-69-14148,FALSE, clueweb09-en0006-20-31544,FALSE, nr-clueweb09-en0004-89-21947,FALSE,4,0
37VUR2VJ7E504HLENAO70M9NGWWC11,3KMS4QQVK76C0EP4COQR1RMD5T7KFZ,A45HNDMV9V0NA,1.62645E+12,1.62646E+12,129,2.15,47.14,0, What nationality is Cristiano Ronaldo?, , Sports, clueweb09-en0006-20-25575,TRUE, clueweb09-en0006-76-21774,FALSE, random-clueweb09-en0009-64-30845,FALSE, nr-clueweb09-en0005-19-14009,TRUE, clueweb09-en0000-41-03240,TRUE, clueweb09-en0007-05-09419,TRUE, clueweb09-en0001-58-16391,FALSE, clueweb09-en0011-93-14279,FALSE, clueweb09-en0005-68-23120,FALSE, clueweb09-en0011-18-00240,TRUE, clueweb09-en0006-76-21782,FALSE, clueweb09-en0009-88-36956,FALSE, nr-clueweb09-en0008-55-02273,FALSE,4,1
37VUR2VJ7E504HLENAO70M9NGWWC11,3RRCEFRB7RS19VOLMUHFBK6WT904BM,ALDKDKRBR4LXD,1.62646E+12,1.62646E+12,57,0.95,22.017,0, ipad, , Technology, clueweb09-en0007-92-29648,TRUE, clueweb09-en0000-56-10054,FALSE, clueweb09-en0011-95-20863,FALSE, clueweb09-enwp03-04-21434,FALSE, nr-clueweb09-en0006-56-05879,FALSE, clueweb09-en0001-34-01567,FALSE, random-clueweb09-en0002-86-03239,FALSE, clueweb09-en0007-92-29649,TRUE, clueweb09-en0001-00-27799,TRUE, clueweb09-en0000-75-24870,TRUE, clueweb09-en0011-50-19916,FALSE, clueweb09-en0010-40-02023,TRUE, nr-clueweb09-en0006-56-05272,FALSE,5,0
37VUR2VJ7E504HLENAO70M9NGWWC11,3GGAI1SQE0E0NQ5X6YD68YTEXLKMC5,A38IPIPA3T3G4,1.62646E+12,1.62646E+12,138,2.3,92.811,0, NFL standing, , Sports, clueweb09-en0003-32-06865,TRUE, clueweb09-en0011-72-18944,FALSE, clueweb09-en0007-49-14792,FALSE, clueweb09-en0001-08-21087,FALSE, clueweb09-en0004-48-30771,FALSE, nr-clueweb09-en0007-16-36613,FALSE, clueweb09-en0005-65-04978,FALSE, clueweb09-en0005-66-18256,FALSE, clueweb09-en0006-09-41499,FALSE, clueweb09-en0006-04-44443,FALSE, clueweb09-en0011-26-26782,FALSE, random-clueweb09-en0005-85-21121,FALSE, nr-clueweb09-en0004-71-25666,TRUE,1,1
37VUR2VJ7E504HLENAO70M9NGWWC11,3R08VXYT7HBQGL4FJJBI1A3RUCK7W1,AOTSBJGYMR4N8,1.62647E+12,1.62647E+12,58,0.966666667,14.661,0, natural sleep aids, , Health &amp; Wellness, clueweb09-en0011-16-06519,TRUE, clueweb09-en0011-61-38029,FALSE, clueweb09-en0010-02-01410,FALSE, random-clueweb09-en0011-47-15958,FALSE, clueweb09-en0003-36-05996,FALSE, clueweb09-en0011-95-14350,FALSE, clueweb09-en0002-36-06525,FALSE, clueweb09-en0005-42-31241,FALSE, clueweb09-en0011-50-01005,FALSE, nr-clueweb09-en0009-40-34396,FALSE, clueweb09-en0008-29-28696,FALSE, clueweb09-en0009-24-19883,FALSE, nr-clueweb09-en0002-63-29884,FALSE,1,0
37VUR2VJ7E504HLENAO70M9NGWWC11,33IZTU6J86HROJTXHR5FYKDUQS6XSA,A35GM8O68RV7AV,1.62647E+12,1.62647E+12,93,1.55,33.459,0, is an iphone more popular than an android, , Technology, clueweb09-en0001-62-29385,FALSE, clueweb09-en0011-29-35919,FALSE, nr-clueweb09-en0002-45-17563,FALSE, clueweb09-en0005-36-37556,TRUE, clueweb09-en0002-23-04278,FALSE, clueweb09-en0009-45-00133,TRUE, clueweb09-en0001-94-28219,FALSE, clueweb09-en0003-77-28238,FALSE, clueweb09-en0001-62-28618,FALSE, clueweb09-en0006-33-05550,FALSE, random-clueweb09-en0009-06-35915,FALSE, clueweb09-en0009-45-00045,FALSE, nr-clueweb09-en0002-30-09750,FALSE,2,0
3L1EFR8WXXLPWY8JIPT1NYC9BLC9FI,3JAOYWH7VNKEJAG9U2206VDHRUY9LE,A195MOXRMNHRVT,1.62645E+12,1.62645E+12,1107,18.45,14.013,0, hidden beaches, , Travel, clueweb09-en0005-36-10435,TRUE, clueweb09-en0006-68-16433,FALSE, nr-clueweb09-en0011-72-26945,FALSE, clueweb09-en0006-68-16423,FALSE, clueweb09-en0001-96-08029,TRUE, clueweb09-en0006-71-10640,FALSE, random-clueweb09-en0000-21-15033,FALSE, clueweb09-en0001-96-08047,FALSE, clueweb09-en0005-59-24939,FALSE, clueweb09-en0003-54-14493,FALSE, clueweb09-en0004-05-09882,FALSE, clueweb09-en0010-20-10207,FALSE, nr-clueweb09-en0008-00-24063,FALSE,2,0
3L1EFR8WXXLPWY8JIPT1NYC9BLC9FI,37M28K1J0VTMT32EJN4NMBB9TOVAJE,A45HNDMV9V0NA,1.62646E+12,1.62646E+12,94,1.566666667,44.009,0, Where is the Taj Mahal?, , Travel, clueweb09-en0008-73-18951,TRUE, clueweb09-enwp01-35-17914,TRUE, clueweb09-en0008-18-05198,TRUE, clueweb09-en0006-39-08491,TRUE, clueweb09-en0005-13-00987,TRUE, random-clueweb09-en0008-13-05976,FALSE, nr-clueweb09-en0001-93-29352,TRUE, clueweb09-en0001-09-25731,TRUE, clueweb09-en0011-98-10051,TRUE, clueweb09-enwp03-13-22012,FALSE, clueweb09-en0005-00-00093,TRUE, clueweb09-en0005-49-36710,TRUE, nr-clueweb09-en0005-68-13670,FALSE,9,1
3L1EFR8WXXLPWY8JIPT1NYC9BLC9FI,3DIP6YHAPH80ZZN78O9IT4SMYS58ET,A38IPIPA3T3G4,1.62646E+12,1.62646E+12,121,2.016666667,42.512,0, inflation in the United kingdom, , Economy &amp; Finance, clueweb09-en0008-48-43990,FALSE, clueweb09-en0008-48-43982,FALSE, clueweb09-enwp03-05-22982,FALSE, clueweb09-en0009-55-11205,FALSE, clueweb09-enwp00-89-23617,FALSE, clueweb09-en0008-44-37147,TRUE, clueweb09-en0004-91-00628,FALSE, clueweb09-en0001-39-18025,FALSE, clueweb09-en0011-03-20367,FALSE, nr-clueweb09-enwp01-69-08876,FALSE, random-clueweb09-en0007-29-30662,FALSE, clueweb09-en0003-78-09266,FALSE, nr-clueweb09-en0007-17-17465,FALSE,1,0
3L1EFR8WXXLPWY8JIPT1NYC9BLC9FI,30X31N5D686FS6L46HD1EC2WP7IAS4,ALDKDKRBR4LXD,1.62646E+12,1.62646E+12,44,0.733333333,13.135,0, hubble telescope, , Science, clueweb09-en0005-11-13418,TRUE, clueweb09-en0006-17-30812,TRUE, clueweb09-enwp02-23-11464,TRUE, clueweb09-en0011-73-32090,TRUE, clueweb09-en0007-57-11500,TRUE, clueweb09-en0007-15-19549,TRUE, nr-clueweb09-en0001-65-19875,TRUE, clueweb09-en0003-20-18423,TRUE, clueweb09-en0003-16-15377,TRUE, clueweb09-enwp02-02-02424,TRUE, clueweb09-en0006-78-20776,TRUE, random-clueweb09-en0007-00-09110,FALSE, nr-clueweb09-en0011-11-24954,TRUE,10,2
3L1EFR8WXXLPWY8JIPT1NYC9BLC9FI,3OF2M9AATL4I5VG4D0KY4J2VHYOZKP,AOTSBJGYMR4N8,1.62647E+12,1.62647E+12,94,1.566666667,52.541,0, sights to see in paris, , Travel, clueweb09-en0010-97-14543,FALSE, clueweb09-en0006-10-14309,TRUE, clueweb09-en0011-07-22980,FALSE, clueweb09-en0008-77-17334,TRUE, random-clueweb09-enwp00-42-07293,FALSE, clueweb09-en0007-56-18889,TRUE, clueweb09-en0008-77-17333,TRUE, clueweb09-en0011-90-30226,FALSE, clueweb09-en0007-56-18884,FALSE, clueweb09-en0001-92-36397,TRUE, nr-clueweb09-en0010-75-18119,TRUE, clueweb09-en0001-60-27984,FALSE, nr-clueweb09-en0001-57-17515,FALSE,5,1
3HJ1EVZS3SZ0KMOCSBSLDAN6EHDR3E,3EJJQNKU9WLI1ET5XYNO5OK4GZURHB,A195MOXRMNHRVT,1.62645E+12,1.62645E+12,393,6.55,13.984,0, credit card offers, , Economy &amp; Finance, random-clueweb09-en0007-49-03198,FALSE, clueweb09-en0003-43-34810,FALSE, clueweb09-en0004-07-02298,FALSE, clueweb09-en0006-78-02697,FALSE, clueweb09-en0010-24-25505,FALSE, clueweb09-en0001-95-17381,FALSE, clueweb09-en0011-23-14098,FALSE, clueweb09-en0001-95-17389,FALSE, clueweb09-en0004-25-37405,TRUE, clueweb09-en0008-69-09476,TRUE, nr-clueweb09-en0010-28-22882,FALSE, clueweb09-en0004-75-05989,FALSE, nr-clueweb09-en0011-88-16484,FALSE,2,0
3HJ1EVZS3SZ0KMOCSBSLDAN6EHDR3E,3DPNQGW4LQVV3J7QQ30704K4F8E46Q,A45HNDMV9V0NA,1.62645E+12,1.62645E+12,90,1.5,43.6,0, Best valentines day gifts., , Relationships, clueweb09-en0010-62-22504,TRUE, clueweb09-en0003-92-28896,TRUE, clueweb09-en0010-50-08550,FALSE, clueweb09-en0007-09-33197,FALSE, clueweb09-en0008-94-13729,TRUE, clueweb09-en0003-43-34873,TRUE, clueweb09-en0003-92-28899,TRUE, nr-clueweb09-en0002-06-06296,FALSE, clueweb09-en0002-06-06113,FALSE, random-clueweb09-en0002-86-03239,FALSE, clueweb09-en0009-74-19472,TRUE, clueweb09-en0009-98-08360,TRUE, nr-clueweb09-en0002-06-06294,FALSE,7,0
3HJ1EVZS3SZ0KMOCSBSLDAN6EHDR3E,3ZDAD0O1T6TS3J6C6RA58P9GSB4TXF,A38IPIPA3T3G4,1.62646E+12,1.62646E+12,136,2.266666667,82.034,0, Oscars nomination, , Entertainment, random-clueweb09-en0004-13-04016,FALSE, clueweb09-en0009-70-21745,FALSE, clueweb09-en0008-64-04025,FALSE, clueweb09-en0000-70-23726,FALSE, nr-clueweb09-en0002-28-35429,FALSE, clueweb09-en0004-84-22760,FALSE, clueweb09-en0007-04-29180,FALSE, clueweb09-en0011-18-09686,FALSE, clueweb09-en0008-38-20369,FALSE, clueweb09-en0001-39-22573,FALSE, clueweb09-en0003-48-08590,TRUE, clueweb09-en0011-69-03453,FALSE, nr-clueweb09-enwp00-81-04522,TRUE,1,1
3HJ1EVZS3SZ0KMOCSBSLDAN6EHDR3E,3MH9DQ7571SWHAQBHM0BPZVN8ZGGU2,ALDKDKRBR4LXD,1.62646E+12,1.62646E+12,91,1.516666667,48.641,0, shamrock shake, , Food &amp; Drink, clueweb09-enwp02-22-00078,TRUE, random-clueweb09-en0000-21-15033,FALSE, clueweb09-en0004-15-07322,FALSE, clueweb09-en0006-32-13898,TRUE, clueweb09-en0000-96-04373,FALSE, clueweb09-en0006-68-22178,FALSE, clueweb09-en0011-15-21192,FALSE, clueweb09-en0000-04-01067,FALSE, nr-clueweb09-en0011-11-01964,FALSE, clueweb09-en0007-77-19212,FALSE, clueweb09-en0006-09-01621,FALSE, clueweb09-en0009-45-20193,TRUE, nr-clueweb09-enwp01-58-11919,FALSE,3,0
3HJ1EVZS3SZ0KMOCSBSLDAN6EHDR3E,39L1G8WVWV7FE1NPKJJ7V31HTXQ31U,AOTSBJGYMR4N8,1.62647E+12,1.62647E+12,43,0.716666667,20.248,0, eighties slasher movies, , Entertainment, clueweb09-en0008-46-16126,FALSE, clueweb09-enwp02-17-00926,FALSE, nr-clueweb09-en0008-15-01266,FALSE, clueweb09-en0004-40-23974,FALSE, clueweb09-en0008-46-16080,FALSE, clueweb09-en0006-65-23274,FALSE, random-clueweb09-en0006-75-34429,FALSE, clueweb09-en0007-41-02818,TRUE, clueweb09-en0006-54-06820,FALSE, clueweb09-en0005-21-18545,TRUE, clueweb09-enwp03-17-19952,FALSE, clueweb09-en0002-25-07004,TRUE, nr-clueweb09-en0004-76-29043,FALSE,3,0
39WSF6KUW610X7CTP3SD26MYUJJOET,34S9DKFK785J8BR2ERAVI4AX5YIYNT,A195MOXRMNHRVT,1.62645E+12,1.62645E+12,345,5.75,31.16,0, solid state drives, , Technology, clueweb09-en0002-68-24747,FALSE, clueweb09-en0003-22-11881,FALSE, clueweb09-enwp00-67-17381,TRUE, clueweb09-en0003-99-17548,FALSE, nr-clueweb09-en0005-62-02105,FALSE, clueweb09-en0001-87-28074,TRUE, clueweb09-en0007-15-35710,TRUE, clueweb09-enwp03-16-13650,FALSE, clueweb09-en0007-30-24019,FALSE, clueweb09-en0009-28-08735,FALSE, clueweb09-en0000-94-14282,FALSE, random-clueweb09-en0011-47-15958,FALSE, nr-clueweb09-en0006-00-17108,FALSE,3,0
39WSF6KUW610X7CTP3SD26MYUJJOET,36DSNE9QZAEBV7WFT695N6VEI5WJOJ,A45HNDMV9V0NA,1.62645E+12,1.62645E+12,86,1.433333333,27.826,0, Who won the first super bowl?, , Sports, clueweb09-en0002-30-00505,TRUE, random-clueweb09-en0008-31-37861,FALSE, clueweb09-en0004-83-12955,FALSE, clueweb09-enwp03-17-19789,FALSE, clueweb09-en0003-60-25265,FALSE, clueweb09-en0010-96-14085,FALSE, clueweb09-en0004-83-12950,FALSE, nr-clueweb09-en0004-83-05139,FALSE, clueweb09-enwp02-04-05591,TRUE, clueweb09-en0010-64-28368,FALSE, clueweb09-en0000-68-27249,FALSE, clueweb09-en0006-22-24373,FALSE, nr-clueweb09-en0011-77-07491,FALSE,2,0
39WSF6KUW610X7CTP3SD26MYUJJOET,304SM51WA8KKBGQWCVDX9NM27P1SBF,A38IPIPA3T3G4,1.62646E+12,1.62646E+12,147,2.45,88.497,0, how to meditate, , Spirituality, clueweb09-en0009-67-36960,TRUE, clueweb09-en0011-84-02598,TRUE, clueweb09-en0009-57-06714,TRUE, clueweb09-en0003-74-34738,TRUE, clueweb09-en0010-39-02817,TRUE, clueweb09-en0005-15-19829,TRUE, clueweb09-en0004-00-37526,TRUE, random-clueweb09-enwp02-01-03342,FALSE, nr-clueweb09-en0004-00-37486,TRUE, clueweb09-en0009-67-37092,TRUE, clueweb09-en0007-58-04623,TRUE, clueweb09-en0004-00-37504,TRUE, nr-clueweb09-en0010-43-38143,FALSE,10,1
39WSF6KUW610X7CTP3SD26MYUJJOET,3Y4W8Q93L40TI55KKM98F0U99E8VDV,ALDKDKRBR4LXD,1.62646E+12,1.62646E+12,80,1.333333333,45.47,0, shia labeouf, , Entertainment, clueweb09-enwp01-69-23160,TRUE, clueweb09-en0002-37-12164,TRUE, random-clueweb09-en0006-75-34429,FALSE, clueweb09-en0008-25-23302,TRUE, clueweb09-en0001-92-12789,TRUE, nr-clueweb09-en0002-21-08128,FALSE, clueweb09-enwp03-12-10337,TRUE, clueweb09-en0006-67-34954,TRUE, clueweb09-en0002-37-12155,TRUE, clueweb09-en0010-23-24532,TRUE, clueweb09-en0007-63-33715,TRUE, clueweb09-en0001-18-22397,TRUE, nr-clueweb09-en0002-86-23592,FALSE,10,0
39WSF6KUW610X7CTP3SD26MYUJJOET,3OHYZ19UGHL0UETBZ0WSU7SVSIRAOJ,AOTSBJGYMR4N8,1.62647E+12,1.62647E+12,71,1.183333333,18.5,0, chocolate chip cookie recipes, , Food &amp; Drink, clueweb09-en0005-46-04670,TRUE, clueweb09-en0000-92-27795,TRUE, nr-clueweb09-en0010-12-18283,FALSE, clueweb09-en0003-27-03624,TRUE, clueweb09-en0004-95-07469,TRUE, clueweb09-en0010-74-36577,TRUE, clueweb09-en0006-47-10921,TRUE, clueweb09-en0001-19-07650,FALSE, random-clueweb09-en0007-49-03198,FALSE, clueweb09-en0003-82-27944,FALSE, clueweb09-en0001-19-04186,TRUE, clueweb09-en0004-97-09482,FALSE, nr-clueweb09-en0006-47-10544,FALSE,7,0
35JDMRECD8PC5UVV1KF5XXDW3XSEGW,3Y54SXRO1Q10MFCH1MZIOIACYSTUTS,A195MOXRMNHRVT,1.62645E+12,1.62645E+12,1010,16.83333333,46.011,0, color temperature light bulb, , Home, clueweb09-en0008-88-19101,FALSE, clueweb09-en0007-73-24765,FALSE, clueweb09-en0008-70-20788,TRUE, clueweb09-en0008-90-08932,FALSE, nr-clueweb09-en0011-36-04099,FALSE, clueweb09-en0005-36-03870,TRUE, clueweb09-en0000-92-26619,FALSE, clueweb09-en0006-47-31006,FALSE, clueweb09-en0011-26-09976,FALSE, clueweb09-en0008-81-27791,FALSE, clueweb09-en0002-71-25156,FALSE, random-clueweb09-en0007-29-30662,FALSE, nr-clueweb09-en0008-88-16472,FALSE,2,0
35JDMRECD8PC5UVV1KF5XXDW3XSEGW,3TPWUS5F8EHWS2ZBA0JTHWV5VNOCWC,A45HNDMV9V0NA,1.62645E+12,1.62645E+12,85,1.416666667,43.605,0, What is the highest grossing movie?, , Entertainment, clueweb09-en0009-83-28631,FALSE, clueweb09-en0006-59-32772,FALSE, clueweb09-en0002-77-08139,FALSE, clueweb09-enwp02-12-02924,TRUE, clueweb09-en0006-24-13547,FALSE, clueweb09-en0006-59-33864,FALSE, clueweb09-enwp02-03-11985,TRUE, nr-clueweb09-enwp01-87-06322,FALSE, clueweb09-en0002-48-15355,FALSE, clueweb09-en0002-03-17735,FALSE, clueweb09-en0005-05-04771,FALSE, random-clueweb09-en0005-85-21121,FALSE, nr-clueweb09-enwp01-47-04539,FALSE,2,0
35JDMRECD8PC5UVV1KF5XXDW3XSEGW,3QECW5O0KMHJ10M20LRAG6IWZCUT55,ALDKDKRBR4LXD,1.62646E+12,1.62646E+12,52,0.866666667,22.244,0, long beach diet, , Health &amp; Wellness, random-clueweb09-en0005-94-21396,FALSE, clueweb09-en0007-55-08037,TRUE, clueweb09-en0005-55-18786,TRUE, clueweb09-en0010-32-38833,TRUE, clueweb09-en0003-03-33806,TRUE, clueweb09-en0007-49-14171,TRUE, clueweb09-en0004-60-01414,TRUE, nr-clueweb09-en0002-99-16872,FALSE, clueweb09-en0011-19-02816,TRUE, clueweb09-en0009-29-22490,TRUE, clueweb09-en0005-28-00593,TRUE, clueweb09-en0011-82-05632,TRUE, nr-clueweb09-en0002-99-16857,FALSE,10,0
35JDMRECD8PC5UVV1KF5XXDW3XSEGW,3L6L49WXW5DZKF7CLKQ28Y64JDE54M,A38IPIPA3T3G4,1.62646E+12,1.62646E+12,441,7.35,287.402,0, how to be closer to God, , Spirituality, clueweb09-en0011-10-26600,TRUE, clueweb09-en0005-25-35804,TRUE, clueweb09-en0007-21-18655,FALSE, clueweb09-en0011-88-12726,FALSE, clueweb09-en0009-38-04167,FALSE, clueweb09-en0002-92-19507,FALSE, random-clueweb09-en0003-07-27095,FALSE, nr-clueweb09-en0000-30-29160,FALSE, clueweb09-en0001-30-29113,FALSE, clueweb09-en0005-32-15061,FALSE, clueweb09-en0009-93-29206,FALSE, clueweb09-en0005-57-07822,FALSE, nr-clueweb09-en0003-26-16173,FALSE,2,0
35JDMRECD8PC5UVV1KF5XXDW3XSEGW,38BQUHLA91G1WF20W3MX3YNVMZGOMH,AOTSBJGYMR4N8,1.62647E+12,1.62647E+12,49,0.816666667,19.347,0, best diet soda, , Food &amp; Drink, clueweb09-en0005-02-33263,FALSE, nr-clueweb09-en0011-16-13822,FALSE, random-clueweb09-en0008-13-05976,FALSE, clueweb09-en0007-52-07923,FALSE, clueweb09-en0003-88-24268,FALSE, clueweb09-en0010-47-28118,FALSE, clueweb09-enwp00-54-23634,FALSE, clueweb09-en0000-57-11319,TRUE, clueweb09-en0003-97-29184,FALSE, clueweb09-en0000-73-32759,FALSE, clueweb09-en0000-08-14900,FALSE, clueweb09-en0003-03-33351,FALSE, nr-clueweb09-en0008-64-07637,FALSE,1,0
3QREJ3J447DVDM168XNO8KV9JBALKT,32UTUBMZ7LC038706QI2KA696S3BV9,A195MOXRMNHRVT,1.62645E+12,1.62645E+12,810,13.5,48.049,0, mile time gender, , Sports, clueweb09-en0001-50-14652,FALSE, clueweb09-en0005-16-00486,FALSE, clueweb09-en0000-32-31094,FALSE, random-clueweb09-en0008-13-05976,FALSE, clueweb09-en0002-44-15312,FALSE, clueweb09-en0011-64-28755,FALSE, clueweb09-en0002-68-15442,TRUE, clueweb09-en0010-94-27483,TRUE, clueweb09-en0003-05-00399,FALSE, clueweb09-en0003-27-07930,FALSE, nr-clueweb09-en0010-93-21386,FALSE, clueweb09-en0011-21-02619,FALSE, nr-clueweb09-en0010-45-27354,FALSE,2,0
3QREJ3J447DVDM168XNO8KV9JBALKT,3WYGZ5XF31VL4JUQI8QQ8Q5SUJ0KSH,A45HNDMV9V0NA,1.62645E+12,1.62645E+12,92,1.533333333,54.88,0, How to fix a hole on a wall?, , Home, clueweb09-en0002-90-08515,FALSE, clueweb09-en0008-13-35629,FALSE, clueweb09-en0001-13-32236,FALSE, clueweb09-en0003-56-28091,FALSE, clueweb09-en0008-69-02288,FALSE, clueweb09-en0008-27-03252,TRUE, random-clueweb09-en0011-47-15958,FALSE, nr-clueweb09-en0008-46-01007,TRUE, clueweb09-en0002-50-03891,TRUE, clueweb09-en0000-81-04009,FALSE, clueweb09-en0010-28-39359,FALSE, clueweb09-en0007-49-32797,FALSE, nr-clueweb09-en0007-14-32187,FALSE,2,1
3QREJ3J447DVDM168XNO8KV9JBALKT,3JRJSWSMQM1EY2H1W7EM2NKBI6GE3A,A38IPIPA3T3G4,1.62646E+12,1.62646E+12,129,2.15,73.957,0, top NHL players in the US, , Sports, clueweb09-enwp01-42-01779,TRUE, clueweb09-enwp02-27-03589,TRUE, clueweb09-en0009-42-19494,FALSE, clueweb09-en0009-42-19472,FALSE, clueweb09-en0002-31-24433,FALSE, clueweb09-en0003-77-11753,FALSE, clueweb09-en0007-28-26724,TRUE, clueweb09-en0008-47-03488,FALSE, nr-clueweb09-en0003-14-01813,FALSE, clueweb09-en0008-09-07078,FALSE, random-clueweb09-en0002-63-12795,FALSE, clueweb09-en0009-47-23133,FALSE, nr-clueweb09-en0003-14-01811,FALSE,3,0
3QREJ3J447DVDM168XNO8KV9JBALKT,31N2WW6R9W664GHXRIYSK55BU7X3FJ,ALDKDKRBR4LXD,1.62646E+12,1.62646E+12,76,1.266666667,29.638,0, online coupons for groceries, , Shopping, clueweb09-en0008-89-26505,FALSE, clueweb09-en0009-53-31280,FALSE, clueweb09-en0007-07-26697,TRUE, nr-clueweb09-en0010-41-35987,FALSE, random-clueweb09-en0008-31-37861,FALSE, clueweb09-en0011-14-18486,TRUE, clueweb09-en0006-09-06631,TRUE, clueweb09-en0011-14-18489,TRUE, clueweb09-en0006-79-08051,TRUE, clueweb09-en0001-40-22420,TRUE, clueweb09-en0008-36-18673,TRUE, clueweb09-en0010-46-30112,TRUE, nr-clueweb09-en0003-00-14830,FALSE,8,0
3QREJ3J447DVDM168XNO8KV9JBALKT,3NGI5ARFTYLMLQSCIHGE864IYTH1P3,AOTSBJGYMR4N8,1.62647E+12,1.62647E+12,62,1.033333333,28.086,0, fed interest rate, , Economy &amp; Finance, clueweb09-en0011-57-39164,TRUE, clueweb09-en0011-57-39170,TRUE, clueweb09-enwp00-69-14235,TRUE, random-clueweb09-en0006-26-18498,FALSE, nr-clueweb09-en0004-36-06859,FALSE, clueweb09-en0008-21-27542,FALSE, clueweb09-en0007-59-06929,FALSE, clueweb09-en0007-53-03470,FALSE, clueweb09-en0006-41-31182,FALSE, clueweb09-en0003-17-06099,TRUE, clueweb09-en0005-29-40995,FALSE, clueweb09-en0002-27-16198,FALSE, nr-clueweb09-en0005-53-05411,FALSE,4,0
3HKIF5DF72DVAY4ET9ZJ5JCLC0C9GH,38YMOXR4MZF7CLQA096QVW3VZ0U6WT,A195MOXRMNHRVT,1.62645E+12,1.62645E+12,662,11.03333333,9.841,0, credit card cash back, , Economy &amp; Finance, clueweb09-en0006-21-09212,FALSE, random-clueweb09-en0006-75-34429,FALSE, clueweb09-en0001-92-00380,FALSE, clueweb09-en0004-16-27403,TRUE, clueweb09-en0009-53-32157,FALSE, clueweb09-en0011-43-06017,TRUE, clueweb09-en0010-23-22513,TRUE, clueweb09-en0000-43-30739,FALSE, clueweb09-en0004-62-22350,FALSE, nr-clueweb09-en0010-24-29624,FALSE, clueweb09-en0000-02-34365,FALSE, clueweb09-en0004-16-25900,FALSE, nr-clueweb09-en0009-81-04335,FALSE,3,0
3HKIF5DF72DVAY4ET9ZJ5JCLC0C9GH,3WQQ9FUS6FA2SWBNYX7SSWM1VVS8BT,A45HNDMV9V0NA,1.62646E+12,1.62646E+12,84,1.4,32.121,0, What party was Abraham Lincoln?, , Politics, nr-clueweb09-en0002-91-20614,FALSE, clueweb09-enwp01-69-08674,TRUE, clueweb09-en0007-87-22201,TRUE, clueweb09-en0006-09-17232,TRUE, random-clueweb09-enwp00-42-07293,FALSE, clueweb09-en0004-02-21582,FALSE, clueweb09-en0011-18-30626,TRUE, clueweb09-en0010-10-03465,FALSE, clueweb09-en0011-18-30629,FALSE, clueweb09-en0006-37-20069,TRUE, clueweb09-en0011-63-18439,FALSE, clueweb09-enwp01-63-08723,FALSE, nr-clueweb09-en0000-62-00210,FALSE,5,0
3HKIF5DF72DVAY4ET9ZJ5JCLC0C9GH,38SKSKU7R6D7UB9CYW8DJOCKALELI4,A38IPIPA3T3G4,1.62646E+12,1.62646E+12,124,2.066666667,78.292,0, Grammy awards, , Entertainment, clueweb09-en0009-47-21946,TRUE, clueweb09-en0009-45-28854,TRUE, nr-clueweb09-enwp00-92-05651,FALSE, clueweb09-enwp00-33-09602,FALSE, clueweb09-en0009-39-30957,TRUE, clueweb09-en0008-84-18031,FALSE, clueweb09-enwp01-56-05219,TRUE, random-clueweb09-en0011-47-15958,FALSE, clueweb09-en0007-74-35123,FALSE, clueweb09-en0008-49-18579,FALSE, clueweb09-en0006-09-11877,TRUE, clueweb09-en0003-43-34720,TRUE, nr-clueweb09-en0010-14-09173,FALSE,6,0
3HKIF5DF72DVAY4ET9ZJ5JCLC0C9GH,36W0OB37H1UR35FW7FH1RRM3PH8HZR,ALDKDKRBR4LXD,1.62646E+12,1.62646E+12,62,1.033333333,24.97,0, how to keep a man, , Relationships, clueweb09-en0006-53-09477,TRUE, nr-clueweb09-en0000-71-31980,FALSE, random-clueweb09-en0008-13-05976,FALSE, clueweb09-en0011-85-13037,FALSE, clueweb09-en0004-54-22080,TRUE, clueweb09-en0004-54-21975,TRUE, clueweb09-en0009-96-22803,FALSE, clueweb09-en0008-91-15334,TRUE, clueweb09-en0007-58-01769,FALSE, clueweb09-en0008-11-15927,TRUE, clueweb09-en0008-11-15920,TRUE, clueweb09-en0000-77-20001,FALSE, nr-clueweb09-en0010-66-14449,FALSE,6,0
3HKIF5DF72DVAY4ET9ZJ5JCLC0C9GH,3QILPRALQAB4T50K1NC1JRMVCKNN8E,AOTSBJGYMR4N8,1.62647E+12,1.62647E+12,56,0.933333333,36.181,0, top selling albums, , Entertainment, random-clueweb09-en0000-21-15033,FALSE, clueweb09-en0002-45-00462,FALSE, clueweb09-en0009-47-23108,FALSE, clueweb09-en0002-97-12222,FALSE, clueweb09-en0006-12-35810,FALSE, nr-clueweb09-enwp00-38-03082,FALSE, clueweb09-en0006-12-17641,FALSE, clueweb09-en0004-92-22208,FALSE, clueweb09-en0009-89-32381,FALSE, clueweb09-en0000-25-25405,FALSE, clueweb09-en0009-47-21211,FALSE, clueweb09-enwp01-92-03041,TRUE, nr-clueweb09-enwp00-35-02822,FALSE,1,0
36BTXXLZ3ZOL2I7GSPX4NFFCSH9R4Z,3GD6L00D3XDG0NVZQ1OMR2ANTN01MZ,A195MOXRMNHRVT,1.62645E+12,1.62645E+12,715,11.91666667,18.197,0, betta fish sleep, , Pets, clueweb09-en0004-31-33041,TRUE, clueweb09-enwp00-67-15681,TRUE, clueweb09-en0005-21-14526,FALSE, clueweb09-en0004-83-13106,TRUE, clueweb09-en0011-74-17279,FALSE, random-clueweb09-en0008-13-05976,FALSE, clueweb09-en0011-75-03287,FALSE, clueweb09-en0005-98-16238,FALSE, clueweb09-en0006-52-25510,FALSE, clueweb09-en0004-54-10275,FALSE, nr-clueweb09-en0007-55-18216,FALSE, clueweb09-en0006-41-16787,FALSE, nr-clueweb09-en0008-50-05522,FALSE,3,0
36BTXXLZ3ZOL2I7GSPX4NFFCSH9R4Z,34S9DKFK785J8BR2ERAVI4AX5Z2YNF,A45HNDMV9V0NA,1.62646E+12,1.62646E+12,72,1.2,27.308,0, Tips on how to start dieting., , Health &amp; Wellness, clueweb09-en0005-23-12789,TRUE, clueweb09-en0005-44-15246,TRUE, clueweb09-en0007-35-14344,TRUE, nr-clueweb09-en0009-12-02185,FALSE, clueweb09-en0010-50-34257,TRUE, clueweb09-en0003-43-22144,TRUE, random-clueweb09-en0008-25-06683,FALSE, clueweb09-en0010-69-18743,TRUE, clueweb09-en0006-03-29764,TRUE, clueweb09-en0010-82-22137,TRUE, clueweb09-en0010-94-28306,TRUE, clueweb09-en0008-09-17211,TRUE, nr-clueweb09-en0003-15-09660,TRUE,10,1
36BTXXLZ3ZOL2I7GSPX4NFFCSH9R4Z,354P56DE9PJX94N6ZE1H4L06OZC7SA,ALDKDKRBR4LXD,1.62646E+12,1.62646E+12,48,0.8,16.592,0, pitbull breeding, , Pets, clueweb09-en0007-29-13749,TRUE, clueweb09-en0004-65-06596,FALSE, nr-clueweb09-en0009-07-00415,FALSE, clueweb09-en0006-99-21921,TRUE, clueweb09-en0006-99-21926,TRUE, clueweb09-en0000-79-13470,FALSE, clueweb09-en0004-30-24035,TRUE, clueweb09-en0007-28-06919,FALSE, clueweb09-en0011-71-13724,FALSE, random-clueweb09-enwp00-42-07293,FALSE, clueweb09-en0001-49-05957,TRUE, clueweb09-en0005-28-06708,FALSE, nr-clueweb09-en0005-16-03301,FALSE,5,0
36BTXXLZ3ZOL2I7GSPX4NFFCSH9R4Z,3DZQRBDBSQVF8LMJX2YRR4OQJXQS3Q,A38IPIPA3T3G4,1.62646E+12,1.62646E+12,82,1.366666667,45.09,0, how to sky dive, , Recreation, clueweb09-en0004-60-25032,TRUE, clueweb09-en0002-71-31227,FALSE, clueweb09-en0002-71-31221,FALSE, clueweb09-en0011-65-20659,FALSE, nr-clueweb09-en0011-09-25418,TRUE, clueweb09-en0011-77-15037,FALSE, clueweb09-en0000-21-19038,TRUE, clueweb09-en0011-65-20661,FALSE, random-clueweb09-en0000-87-03924,FALSE, clueweb09-en0011-47-07426,FALSE, clueweb09-en0000-01-00744,FALSE, clueweb09-en0011-12-24740,FALSE, nr-clueweb09-en0011-67-01866,FALSE,2,1
36BTXXLZ3ZOL2I7GSPX4NFFCSH9R4Z,3JMSRU9HQNAYABJKGHKSLICU9QMVE1,AOTSBJGYMR4N8,1.62647E+12,1.62647E+12,42,0.7,14.375,0, top rated universities, , Education, nr-clueweb09-en0011-85-02549,FALSE, clueweb09-en0009-49-32766,TRUE, clueweb09-en0001-70-19801,FALSE, clueweb09-enwp00-85-14032,FALSE, clueweb09-en0001-70-19802,FALSE, random-clueweb09-en0002-86-03239,FALSE, clueweb09-en0009-14-11903,FALSE, clueweb09-en0005-55-06633,FALSE, clueweb09-en0006-18-20371,TRUE, clueweb09-en0009-57-11820,FALSE, clueweb09-en0007-64-13099,TRUE, clueweb09-en0007-72-28724,FALSE, nr-clueweb09-en0003-81-08063,FALSE,3,0
3RSBJ6YZFG6S3LCPKECJKO7Y6KYOFB,3O7L7BFSHJ5TO5ZKHAL96TM01NKEIF,A195MOXRMNHRVT,1.62645E+12,1.62645E+12,1037,17.28333333,8.141,0, academy award winners, , Entertainment, clueweb09-en0004-76-18103,FALSE, nr-clueweb09-enwp00-02-05479,FALSE, clueweb09-enwp00-48-00102,TRUE, clueweb09-enwp00-08-09765,TRUE, clueweb09-en0003-73-04499,FALSE, clueweb09-en0004-76-18098,FALSE, clueweb09-en0001-44-11280,FALSE, clueweb09-en0007-18-16403,FALSE, random-clueweb09-en0003-07-27095,FALSE, clueweb09-en0005-61-14741,FALSE, clueweb09-en0007-33-28366,FALSE, clueweb09-en0000-17-20399,FALSE, nr-clueweb09-en0001-83-04164,FALSE,2,0
3RSBJ6YZFG6S3LCPKECJKO7Y6KYOFB,3PJUZCGDJBWJ43WQ0DTW1QRB7VF98A,A45HNDMV9V0NA,1.62645E+12,1.62645E+12,87,1.45,36.134,0, What year was Mona Lisa painted?, , Arts, random-clueweb09-en0009-77-38942,FALSE, clueweb09-en0008-68-02548,TRUE, clueweb09-en0011-85-04728,FALSE, clueweb09-en0001-99-05414,FALSE, clueweb09-en0010-53-32639,FALSE, clueweb09-en0003-57-13878,FALSE, clueweb09-enwp01-08-19708,TRUE, clueweb09-en0007-74-13605,FALSE, clueweb09-en0011-79-14463,FALSE, clueweb09-en0007-74-13754,FALSE, nr-clueweb09-en0000-25-06151,FALSE, clueweb09-en0001-29-08154,FALSE, nr-clueweb09-en0002-15-32265,FALSE,2,0
3RSBJ6YZFG6S3LCPKECJKO7Y6KYOFB,3Z4AIRP3CBTRUZU348QV2JQL0SE1XF,ALDKDKRBR4LXD,1.62646E+12,1.62646E+12,78,1.3,37.495,0, washington redskins draft, , Sports, random-clueweb09-en0007-49-03198,FALSE, clueweb09-enwp01-37-02473,TRUE, nr-clueweb09-enwp00-30-16838,FALSE, clueweb09-enwp00-15-02643,FALSE, clueweb09-en0010-24-07581,TRUE, clueweb09-en0004-75-11093,TRUE, clueweb09-en0002-30-00590,TRUE, clueweb09-en0003-23-10299,TRUE, clueweb09-en0005-54-09036,TRUE, clueweb09-en0003-23-10292,TRUE, clueweb09-en0000-12-19341,FALSE, clueweb09-en0010-96-13931,TRUE, nr-clueweb09-enwp00-58-07249,FALSE,8,0
3RSBJ6YZFG6S3LCPKECJKO7Y6KYOFB,3FIJLY1B6ZKDB5MKPGVZX88CZ3NPFF,A38IPIPA3T3G4,1.62646E+12,1.62646E+12,341,5.683333333,92.069,0, ways to spend time at home with a partner, , Relationships, clueweb09-en0006-36-29115,TRUE, random-clueweb09-en0008-25-06683,FALSE, clueweb09-en0003-70-21861,TRUE, clueweb09-en0001-84-31706,FALSE, clueweb09-en0006-33-04511,TRUE, clueweb09-en0003-52-29712,FALSE, clueweb09-en0009-48-36498,FALSE, nr-clueweb09-en0011-09-02444,FALSE, clueweb09-en0000-47-05945,FALSE, clueweb09-en0010-92-13314,FALSE, clueweb09-en0005-33-34777,FALSE, clueweb09-en0001-34-15555,FALSE, nr-clueweb09-en0009-85-17305,FALSE,3,0
3RSBJ6YZFG6S3LCPKECJKO7Y6KYOFB,34FNN24DCRPFIMLWARE9ONABEEPY5C,AOTSBJGYMR4N8,1.62647E+12,1.62647E+12,58,0.966666667,14.476,0, average sat score, , Education, clueweb09-en0007-10-00898,TRUE, clueweb09-en0003-07-07106,FALSE, clueweb09-en0006-92-33274,TRUE, clueweb09-en0000-46-18690,FALSE, clueweb09-enwp03-02-03463,TRUE, clueweb09-en0005-07-35833,TRUE, clueweb09-en0006-92-33284,FALSE, nr-clueweb09-en0004-80-21063,FALSE, clueweb09-en0010-10-31513,FALSE, clueweb09-enwp03-09-03427,TRUE, random-clueweb09-en0008-13-05976,FALSE, clueweb09-en0005-32-23519,FALSE, nr-clueweb09-en0006-92-33314,FALSE,5,0
368IUKXGB9OE5SVFYLMUFIZBNQR6P7,3OCHAWUVGT0T00GPCIWD7YMK9XJXKH,A195MOXRMNHRVT,1.62645E+12,1.62645E+12,570,9.5,8.438,0, sticky rice recipe, , Food &amp; Drink, clueweb09-en0004-86-16186,TRUE, clueweb09-en0004-86-16187,FALSE, clueweb09-en0007-33-32222,FALSE, random-clueweb09-en0009-64-30845,FALSE, clueweb09-en0002-79-00109,TRUE, clueweb09-en0002-22-12524,FALSE, nr-clueweb09-en0011-25-09926,FALSE, clueweb09-en0011-09-20741,TRUE, clueweb09-en0011-09-20738,TRUE, clueweb09-en0011-25-09967,FALSE, clueweb09-en0008-44-15796,FALSE, clueweb09-en0001-95-03698,FALSE, nr-clueweb09-en0011-25-09970,FALSE,4,0
368IUKXGB9OE5SVFYLMUFIZBNQR6P7,3LEIZ60CDOFYOZXD93T9EAOF64W9ZP,A45HNDMV9V0NA,1.62646E+12,1.62646E+12,135,2.25,72.737,0, What year did France win the world cup?, , Sports, clueweb09-en0007-32-09440,FALSE, clueweb09-en0003-63-13510,FALSE, clueweb09-en0011-49-06203,FALSE, clueweb09-enwp03-34-22752,TRUE, nr-clueweb09-en0003-17-07505,FALSE, clueweb09-en0003-10-32524,FALSE, clueweb09-en0011-62-22937,FALSE, clueweb09-en0011-90-30819,FALSE, random-clueweb09-en0007-09-17000,FALSE, clueweb09-en0008-48-14485,FALSE, clueweb09-en0009-26-18326,TRUE, clueweb09-en0002-81-28050,FALSE, nr-clueweb09-en0010-47-35925,FALSE,2,0
368IUKXGB9OE5SVFYLMUFIZBNQR6P7,3U088ZLJVP9CYA4VYKQ9MVT4MY1W0D,A38IPIPA3T3G4,1.62646E+12,1.62646E+12,129,2.15,85.112,0, UEFA champions league table, , Sports, clueweb09-en0005-58-13118,TRUE, clueweb09-en0009-41-15013,TRUE, clueweb09-en0007-93-27195,FALSE, clueweb09-en0010-43-38742,FALSE, clueweb09-enwp03-30-00831,FALSE, random-clueweb09-en0002-82-08074,FALSE, nr-clueweb09-enwp01-70-13500,FALSE, clueweb09-en0001-11-25808,FALSE, clueweb09-en0003-55-06044,FALSE, clueweb09-enwp02-01-13686,FALSE, clueweb09-en0007-40-08609,FALSE, clueweb09-en0000-26-11546,FALSE, nr-clueweb09-en0004-22-08061,FALSE,2,0
368IUKXGB9OE5SVFYLMUFIZBNQR6P7,3X4JMASXCRPKA76K3TUDZHGJCXL0B3,ALDKDKRBR4LXD,1.62646E+12,1.62646E+12,70,1.166666667,24.173,0, recent recession, , Economy &amp; Finance, clueweb09-en0006-61-18676,TRUE, random-clueweb09-en0002-63-12795,FALSE, clueweb09-en0005-68-20407,TRUE, nr-clueweb09-en0003-25-04586,TRUE, clueweb09-en0007-90-05145,FALSE, clueweb09-en0003-41-11072,TRUE, clueweb09-enwp01-57-13968,TRUE, clueweb09-en0008-41-28324,TRUE, clueweb09-en0002-33-16621,TRUE, clueweb09-en0001-41-12345,TRUE, clueweb09-en0010-85-21470,TRUE, clueweb09-enwp01-61-12820,TRUE, nr-clueweb09-en0003-98-09531,FALSE,9,1
368IUKXGB9OE5SVFYLMUFIZBNQR6P7,3KWTYT0875JVINEXRCPJUF8F5ZKL56,AOTSBJGYMR4N8,1.62647E+12,1.62647E+12,92,1.533333333,34.708,0, average dog lifespan, , Pets, clueweb09-en0006-13-19238,TRUE, clueweb09-en0006-63-11831,FALSE, clueweb09-enwp00-28-21569,FALSE, clueweb09-en0004-44-23509,FALSE, clueweb09-en0009-98-38180,FALSE, clueweb09-en0005-56-10686,FALSE, nr-clueweb09-en0011-06-34853,FALSE, clueweb09-en0005-49-26102,FALSE, clueweb09-en0010-52-03607,FALSE, random-clueweb09-enwp03-08-12100,FALSE, clueweb09-en0009-98-38183,FALSE, clueweb09-en0010-52-03598,FALSE, nr-clueweb09-en0011-06-34848,FALSE,1,0
3OND0WXMI0VQ5QQ6LQXNIXPXIX5EHV,37WLF8U1WU6GHLWTBVNN7L90CTL6KX,A195MOXRMNHRVT,1.62645E+12,1.62645E+12,437,7.283333333,22.909,0, bras 1940s, , Style, clueweb09-en0007-74-24746,FALSE, clueweb09-enwp01-84-09786,TRUE, clueweb09-enwp00-21-01330,FALSE, random-clueweb09-en0004-13-04016,FALSE, nr-clueweb09-en0000-38-23584,FALSE, clueweb09-en0007-48-07173,FALSE, clueweb09-en0003-63-00292,FALSE, clueweb09-en0004-11-39519,TRUE, clueweb09-en0001-85-21743,FALSE, clueweb09-en0002-70-26119,FALSE, clueweb09-en0007-74-24962,TRUE, clueweb09-en0001-71-21050,TRUE, nr-clueweb09-en0006-38-21863,FALSE,4,0
3OND0WXMI0VQ5QQ6LQXNIXPXIX5EHV,3DR23U6WEAUJXJFVBMKDK0O9C5EETC,A45HNDMV9V0NA,1.62645E+12,1.62645E+12,110,1.833333333,52.395,0, How old was Jesus when he died?, , Spirituality, random-clueweb09-en0000-87-03924,FALSE, clueweb09-en0006-54-24170,FALSE, clueweb09-en0001-45-24022,FALSE, clueweb09-en0006-54-24421,FALSE, clueweb09-en0006-58-12702,FALSE, clueweb09-en0008-98-11260,FALSE, clueweb09-en0004-74-26340,FALSE, nr-clueweb09-en0010-72-04983,FALSE, clueweb09-en0007-92-01374,FALSE, clueweb09-en0004-05-40244,FALSE, clueweb09-en0008-43-13363,FALSE, clueweb09-en0007-65-12344,FALSE, nr-clueweb09-en0009-08-25115,FALSE,0,0
3OND0WXMI0VQ5QQ6LQXNIXPXIX5EHV,3T3IWE1XGB38UM50KDFDEHDNV8IQTG,A38IPIPA3T3G4,1.62646E+12,1.62646E+12,228,3.8,183.38,0, how to care for the eyes, , Health &amp; Wellness, random-clueweb09-en0006-35-27399,FALSE, clueweb09-en0005-33-34966,FALSE, clueweb09-en0002-97-10264,FALSE, clueweb09-en0011-32-04804,FALSE, clueweb09-en0007-58-02487,TRUE, nr-clueweb09-en0005-96-13458,FALSE, clueweb09-en0007-75-20672,FALSE, clueweb09-en0007-35-27524,TRUE, clueweb09-en0009-51-00576,FALSE, clueweb09-en0005-51-38128,FALSE, clueweb09-en0008-42-20644,FALSE, clueweb09-en0011-50-31343,FALSE, nr-clueweb09-en0009-94-14514,FALSE,2,0
3OND0WXMI0VQ5QQ6LQXNIXPXIX5EHV,35BLDD71IBDWL6AGC4Y56SDCXWJZVZ,ALDKDKRBR4LXD,1.62646E+12,1.62646E+12,60,1,18.128,0, holistic medicine, , Health &amp; Wellness, clueweb09-en0000-90-22735,TRUE, random-clueweb09-en0009-77-38942,FALSE, clueweb09-en0002-90-08537,TRUE, nr-clueweb09-en0000-28-08918,TRUE, clueweb09-en0011-15-08983,TRUE, clueweb09-en0005-84-15759,TRUE, clueweb09-en0006-04-09301,TRUE, clueweb09-en0007-42-00941,TRUE, clueweb09-en0005-30-18347,TRUE, clueweb09-en0004-87-31284,TRUE, clueweb09-en0000-57-06470,TRUE, clueweb09-en0005-30-18348,TRUE, nr-clueweb09-en0005-24-10861,TRUE,10,2
3OND0WXMI0VQ5QQ6LQXNIXPXIX5EHV,3RU7GD8VPT9MFAR6V0VY47RROTUPSB,AOTSBJGYMR4N8,1.62647E+12,1.62647E+12,48,0.8,20.247,0, affordable male fashion, , Style, clueweb09-en0004-80-11579,FALSE, nr-clueweb09-en0002-02-30160,FALSE, clueweb09-en0008-66-20334,FALSE, clueweb09-en0005-84-20587,FALSE, clueweb09-en0001-06-25229,FALSE, clueweb09-en0006-62-32624,FALSE, random-clueweb09-en0004-13-04016,FALSE, clueweb09-en0002-92-30527,TRUE, clueweb09-en0005-06-25882,FALSE, clueweb09-en0009-98-31361,FALSE, clueweb09-en0011-92-17361,FALSE, clueweb09-en0007-11-27856,FALSE, nr-clueweb09-en0011-35-11487,FALSE,1,0
3LVTFB9DF9Y12XL0ABA5RE2AM0GGQA,3MYYFCXHJ8NX0CWW2G9TCVXT9LY4G7,A195MOXRMNHRVT,1.62645E+12,1.62645E+12,1176,19.6,13.408,0, luxurious bedsheets, , Home, nr-clueweb09-en0006-10-24648,FALSE, clueweb09-en0002-63-20724,TRUE, random-clueweb09-en0003-33-30335,FALSE, clueweb09-en0008-17-03548,FALSE, clueweb09-en0005-04-13017,FALSE, clueweb09-en0008-77-22803,FALSE, clueweb09-en0008-41-24810,FALSE, clueweb09-en0011-77-27022,FALSE, clueweb09-en0008-17-03542,TRUE, clueweb09-en0010-58-03686,FALSE, clueweb09-en0008-77-22785,FALSE, clueweb09-en0005-04-12920,FALSE, nr-clueweb09-en0006-35-18078,FALSE,2,0
3LVTFB9DF9Y12XL0ABA5RE2AM0GGQA,3X73LLYYQ6UXMG1D4R67W4FUF3ZNHF,A38IPIPA3T3G4,1.62646E+12,1.62646E+12,150,2.5,94.487,0, how to make a camp fire, , Recreation, clueweb09-enwp00-23-20528,FALSE, clueweb09-enwp00-31-20934,FALSE, clueweb09-en0008-34-23075,FALSE, clueweb09-en0005-04-21384,TRUE, clueweb09-en0005-66-33539,FALSE, clueweb09-en0005-66-33533,FALSE, clueweb09-en0006-38-28138,FALSE, random-clueweb09-en0008-31-37861,FALSE, nr-clueweb09-en0006-44-31748,FALSE, clueweb09-en0007-79-15505,TRUE, clueweb09-en0007-79-15794,TRUE, clueweb09-en0008-28-25798,FALSE, nr-clueweb09-en0003-28-23978,FALSE,3,0
3LVTFB9DF9Y12XL0ABA5RE2AM0GGQA,3NOKK93PR6OH80XYLRVILEO89V7EE2,ALDKDKRBR4LXD,1.62646E+12,1.62646E+12,57,0.95,21.15,0, john mccain, , Politics, clueweb09-en0001-15-08204,TRUE, clueweb09-en0004-34-02773,TRUE, random-clueweb09-en0003-33-30335,FALSE, clueweb09-en0005-25-06720,FALSE, clueweb09-en0001-45-36140,TRUE, clueweb09-en0000-07-24018,TRUE, clueweb09-en0008-01-03743,TRUE, nr-clueweb09-en0011-80-09000,TRUE, clueweb09-en0006-89-17377,TRUE, clueweb09-en0010-74-19200,TRUE, clueweb09-en0008-25-05820,TRUE, clueweb09-en0001-44-25202,TRUE, nr-clueweb09-en0011-29-08302,FALSE,9,1
3LVTFB9DF9Y12XL0ABA5RE2AM0GGQA,3FDJT1UU79OKYHWF6CDIFFV0GZHK54,AOTSBJGYMR4N8,1.62647E+12,1.62647E+12,63,1.05,13.016,0, credit card interest rates, , Economy &amp; Finance, clueweb09-en0000-08-17796,FALSE, clueweb09-en0005-42-03672,FALSE, random-clueweb09-en0007-29-30662,FALSE, clueweb09-en0004-15-31799,TRUE, clueweb09-en0002-88-10544,FALSE, clueweb09-en0000-08-16335,FALSE, nr-clueweb09-en0006-57-09399,FALSE, clueweb09-en0004-50-32462,TRUE, clueweb09-en0006-34-34034,FALSE, clueweb09-en0000-07-22091,FALSE, clueweb09-en0004-50-32728,FALSE, clueweb09-en0000-76-24722,FALSE, nr-clueweb09-en0001-97-04612,FALSE,2,0
3LVTFB9DF9Y12XL0ABA5RE2AM0GGQA,3K772S5NPDRTSAO0BS3O6HLL1BEHE0,A35GM8O68RV7AV,1.62647E+12,1.62647E+12,102,1.7,44.218,0, Same Sex Relationships, , Relationships, clueweb09-en0011-29-30871,FALSE, clueweb09-en0006-73-38403,FALSE, clueweb09-en0008-92-23172,FALSE, clueweb09-enwp03-12-05677,TRUE, clueweb09-en0002-47-19604,TRUE, random-clueweb09-en0003-33-30335,FALSE, clueweb09-en0011-65-23392,TRUE, clueweb09-en0004-00-03906,FALSE, nr-clueweb09-en0007-99-33996,FALSE, clueweb09-en0006-64-25153,TRUE, clueweb09-en0006-64-25151,TRUE, clueweb09-en0006-04-16463,FALSE, nr-clueweb09-en0006-14-35535,FALSE,5,0
,,,,,,,,,,,,,,,,,,,,,,,,,,,,,,,,,,,,,,,
402.7166667,,,,,,,,,,,,,,,,,,,,,,,,,,,,,,,,,,,,,,,
