docId,workerId,assignmentId,time,trecScore,workerScore,trecBinaryScore,workerBinaryScore
CAR_2174ad0aa50712ff24035c23f59a3c2b43267650,A1IBKP5PBH5EHC,3FQ5JJ512Q4OO62LAC949WVK7NIKNX,123000,3,3,1,1
MARCO_3219832,A1IBKP5PBH5EHC,3FQ5JJ512Q4OO62LAC949WVK7NIKNX,123000,0,0,0,0
MARCO_3521561,A1IBKP5PBH5EHC,3FQ5JJ512Q4OO62LAC949WVK7NIKNX,123000,0,0,0,0
MARCO_3581484,A1IBKP5PBH5EHC,3FQ5JJ512Q4OO62LAC949WVK7NIKNX,123000,1,1,0,0
MARCO_3705888,A1IBKP5PBH5EHC,3FQ5JJ512Q4OO62LAC949WVK7NIKNX,123000,4,4,1,1
MARCO_1293988,A1IBKP5PBH5EHC,3OXV7EAXLJ6ALNOMQPVOQZSW28736Q,87000,0,0,0,0
MARCO_1367262,A1IBKP5PBH5EHC,3OXV7EAXLJ6ALNOMQPVOQZSW28736Q,87000,0,0,0,0
MARCO_1367265,A1IBKP5PBH5EHC,3OXV7EAXLJ6ALNOMQPVOQZSW28736Q,87000,0,1,0,0
CAR_116d829c4c800c2fc70f11692fec5e8c7e975250,A1IBKP5PBH5EHC,3OXV7EAXLJ6ALNOMQPVOQZSW28736Q,87000,1,0,0,0
MARCO_1367266,A1IBKP5PBH5EHC,3OXV7EAXLJ6ALNOMQPVOQZSW28736Q,87000,0,1,0,0
CAR_9b0d1723ca0c358a6cbe3f81f00d83f08828f66d,A1IBKP5PBH5EHC,36W0OB37H1UR35FW7FH1RRM1QHKZHI,182000,1,0,0,0
CAR_a686991eb80261f9ad3b6b16d34571379639532e,A1IBKP5PBH5EHC,36W0OB37H1UR35FW7FH1RRM1QHKZHI,182000,0,0,0,0
CAR_b407590614db7d62fb035409bc0ec44908783c25,A1IBKP5PBH5EHC,36W0OB37H1UR35FW7FH1RRM1QHKZHI,182000,3,0,1,0
CAR_bc285835e2ded639fa3ca767f43c8ed4bbbbdfe6,A1IBKP5PBH5EHC,36W0OB37H1UR35FW7FH1RRM1QHKZHI,182000,4,2,1,1
CAR_bce2d03425f71a3bdd7d10f6d960e2b142ff2e2f,A1IBKP5PBH5EHC,36W0OB37H1UR35FW7FH1RRM1QHKZHI,182000,3,1,1,0
MARCO_3878345,A1IBKP5PBH5EHC,3RYC5T2D789AEVRTGBVTEXMT2UDPRR,124000,4,1,1,0
MARCO_3878346,A1IBKP5PBH5EHC,3RYC5T2D789AEVRTGBVTEXMT2UDPRR,124000,3,1,1,0
MARCO_3878347,A1IBKP5PBH5EHC,3RYC5T2D789AEVRTGBVTEXMT2UDPRR,124000,4,3,1,1
MARCO_3878348,A1IBKP5PBH5EHC,3RYC5T2D789AEVRTGBVTEXMT2UDPRR,124000,4,2,1,1
CAR_71fe664149cf06de1fcbb55dfb239f48687753c0,A1IBKP5PBH5EHC,3RYC5T2D789AEVRTGBVTEXMT2UDPRR,124000,3,1,1,0
CAR_172e16e89ea3d5546e53384a27c3be299bcfe968,A1IBKP5PBH5EHC,3KGTPGBS62162GI4I7FMNV1KYJT2UP,35000,1,0,0,0
CAR_1c93ef499a0c2856c4a857b0cb4720c380dda476,A1IBKP5PBH5EHC,3KGTPGBS62162GI4I7FMNV1KYJT2UP,35000,1,0,0,0
CAR_1f03ba408f108f9edc5ef4e9958cf0c1bab66da7,A1IBKP5PBH5EHC,3KGTPGBS62162GI4I7FMNV1KYJT2UP,35000,1,0,0,0
CAR_2174ad0aa50712ff24035c23f59a3c2b43267650,A1IBKP5PBH5EHC,3KGTPGBS62162GI4I7FMNV1KYJT2UP,35000,2,2,1,1
CAR_26f24506a2688c24da3c0a6158228dfdd2d13b67,A1IBKP5PBH5EHC,3KGTPGBS62162GI4I7FMNV1KYJT2UP,35000,1,0,0,0
MARCO_191056,A1IBKP5PBH5EHC,3R08VXYT7HBQGL4FJJBI1A3PUFLW7T,124000,4,4,1,1
CAR_d37891cd657001a45ae65a1864b6af96a9b4543c,A1IBKP5PBH5EHC,3R08VXYT7HBQGL4FJJBI1A3PUFLW7T,124000,4,1,1,0
MARCO_2715451,A1IBKP5PBH5EHC,3R08VXYT7HBQGL4FJJBI1A3PUFLW7T,124000,4,4,1,1
MARCO_291003,A1IBKP5PBH5EHC,3R08VXYT7HBQGL4FJJBI1A3PUFLW7T,124000,4,4,1,1
MARCO_291004,A1IBKP5PBH5EHC,3R08VXYT7HBQGL4FJJBI1A3PUFLW7T,124000,4,4,1,1
CAR_57a519b14399fa1c8b96e692d50c2c3b97e7517b,A1IBKP5PBH5EHC,32AT8R96GQPZ7FZ2CMUSEDEOXB5SUS,208000,1,1,0,0
CAR_5948e492cae77e722064b9db452f08ac192612e6,A1IBKP5PBH5EHC,32AT8R96GQPZ7FZ2CMUSEDEOXB5SUS,208000,4,2,1,1
CAR_670737e4cee60c80632e7f157b677dcce75d74f9,A1IBKP5PBH5EHC,32AT8R96GQPZ7FZ2CMUSEDEOXB5SUS,208000,3,3,1,1
CAR_6d9ed0c735dfc7b5e4c487b3582fa9e24adece7e,A1IBKP5PBH5EHC,32AT8R96GQPZ7FZ2CMUSEDEOXB5SUS,208000,4,4,1,1
CAR_718c8cc105b30b868a4e67353b9bcac233c0b90e,A1IBKP5PBH5EHC,32AT8R96GQPZ7FZ2CMUSEDEOXB5SUS,208000,3,2,1,1
CAR_25a576af9caa6422f55c2acf945dc79b423fb41e,A1IBKP5PBH5EHC,34S9DKFK785J8BR2ERAVI4AV52TNYX,116000,1,0,0,0
MARCO_7972824,A1IBKP5PBH5EHC,34S9DKFK785J8BR2ERAVI4AV52TNYX,116000,4,3,1,1
MARCO_8046971,A1IBKP5PBH5EHC,34S9DKFK785J8BR2ERAVI4AV52TNYX,116000,4,4,1,1
MARCO_8116566,A1IBKP5PBH5EHC,34S9DKFK785J8BR2ERAVI4AV52TNYX,116000,1,0,0,0
MARCO_8141109,A1IBKP5PBH5EHC,34S9DKFK785J8BR2ERAVI4AV52TNYX,116000,2,1,1,0
CAR_116d829c4c800c2fc70f11692fec5e8c7e975250,A1IBKP5PBH5EHC,31T4R4OBOXWH2NYA2SBHPGWM2Z17CT,277000,0,0,0,0
CAR_1463f964653c5c9f614a0a88d26b175e4a8120f1,A1IBKP5PBH5EHC,31T4R4OBOXWH2NYA2SBHPGWM2Z17CT,277000,1,1,0,0
CAR_172e16e89ea3d5546e53384a27c3be299bcfe968,A1IBKP5PBH5EHC,31T4R4OBOXWH2NYA2SBHPGWM2Z17CT,277000,2,0,1,0
CAR_1c93ef499a0c2856c4a857b0cb4720c380dda476,A1IBKP5PBH5EHC,31T4R4OBOXWH2NYA2SBHPGWM2Z17CT,277000,0,0,0,0
CAR_2174ad0aa50712ff24035c23f59a3c2b43267650,A1IBKP5PBH5EHC,31T4R4OBOXWH2NYA2SBHPGWM2Z17CT,277000,3,4,1,1
MARCO_265811,A1IBKP5PBH5EHC,326O153BMNECGUJYPWKYFW6LAJMDEL,70000,0,0,0,0
MARCO_2739087,A1IBKP5PBH5EHC,326O153BMNECGUJYPWKYFW6LAJMDEL,70000,0,0,0,0
MARCO_2779218,A1IBKP5PBH5EHC,326O153BMNECGUJYPWKYFW6LAJMDEL,70000,2,1,1,0
MARCO_2812884,A1IBKP5PBH5EHC,326O153BMNECGUJYPWKYFW6LAJMDEL,70000,0,0,0,0
MARCO_2815900,A1IBKP5PBH5EHC,326O153BMNECGUJYPWKYFW6LAJMDEL,70000,0,0,0,0
MARCO_5962842,A1IBKP5PBH5EHC,3X4MXAO0BL40Y4OUSX9O6RUPWPOWRY,132000,0,0,0,0
MARCO_608014,A1IBKP5PBH5EHC,3X4MXAO0BL40Y4OUSX9O6RUPWPOWRY,132000,2,1,1,0
MARCO_6169239,A1IBKP5PBH5EHC,3X4MXAO0BL40Y4OUSX9O6RUPWPOWRY,132000,1,0,0,0
MARCO_6217116,A1IBKP5PBH5EHC,3X4MXAO0BL40Y4OUSX9O6RUPWPOWRY,132000,2,0,1,0
MARCO_6242819,A1IBKP5PBH5EHC,3X4MXAO0BL40Y4OUSX9O6RUPWPOWRY,132000,0,0,0,0
CAR_95b0fab7d38c6d5a3cb75efd9b8958514d5ce45d,A1IBKP5PBH5EHC,3QAVNHZ3ERKSOTQEM8G02QOZYE6LAW,162000,3,2,1,1
CAR_9928ad5049b326c42227888d2280d6055adfcee1,A1IBKP5PBH5EHC,3QAVNHZ3ERKSOTQEM8G02QOZYE6LAW,162000,2,1,1,0
CAR_a412e40701b1dd9465cc4bc2faf52a02d649db70,A1IBKP5PBH5EHC,3QAVNHZ3ERKSOTQEM8G02QOZYE6LAW,162000,2,1,1,0
CAR_a4e3361a9eb63796174abfefeeaf289b4afd855f,A1IBKP5PBH5EHC,3QAVNHZ3ERKSOTQEM8G02QOZYE6LAW,162000,3,1,1,0
CAR_ad2ced24b6a7071817887c4d6b2d25443eab9833,A1IBKP5PBH5EHC,3QAVNHZ3ERKSOTQEM8G02QOZYE6LAW,162000,3,0,1,0
MARCO_8140038,A1IBKP5PBH5EHC,3DY4FPOOA64NJFOP2N4SKPBBPGPVRQ,74000,0,0,0,0
MARCO_8141109,A1IBKP5PBH5EHC,3DY4FPOOA64NJFOP2N4SKPBBPGPVRQ,74000,0,1,0,0
CAR_55f68f0a33f49f6015035f70d8685e293389c9d6,A1IBKP5PBH5EHC,3DY4FPOOA64NJFOP2N4SKPBBPGPVRQ,74000,2,0,1,0
MARCO_8149031,A1IBKP5PBH5EHC,3DY4FPOOA64NJFOP2N4SKPBBPGPVRQ,74000,1,1,0,0
MARCO_8163882,A1IBKP5PBH5EHC,3DY4FPOOA64NJFOP2N4SKPBBPGPVRQ,74000,0,0,0,0
CAR_2174ad0aa50712ff24035c23f59a3c2b43267650,A1IBKP5PBH5EHC,30MVJZJNHRT8OKS9RHQNQG0NO63J9V,124000,2,2,1,1
MARCO_2899435,A1IBKP5PBH5EHC,30MVJZJNHRT8OKS9RHQNQG0NO63J9V,124000,0,0,0,0
MARCO_291003,A1IBKP5PBH5EHC,30MVJZJNHRT8OKS9RHQNQG0NO63J9V,124000,4,4,1,1
MARCO_291004,A1IBKP5PBH5EHC,30MVJZJNHRT8OKS9RHQNQG0NO63J9V,124000,0,0,0,0
MARCO_2925881,A1IBKP5PBH5EHC,30MVJZJNHRT8OKS9RHQNQG0NO63J9V,124000,4,3,1,1
MARCO_2927308,A1IBKP5PBH5EHC,3MHW492WW5TWMZBXXF8BYQH1JSHVMR,81000,2,1,1,0
MARCO_297439,A1IBKP5PBH5EHC,3MHW492WW5TWMZBXXF8BYQH1JSHVMR,81000,0,0,0,0
MARCO_3090847,A1IBKP5PBH5EHC,3MHW492WW5TWMZBXXF8BYQH1JSHVMR,81000,0,0,0,0
MARCO_3102136,A1IBKP5PBH5EHC,3MHW492WW5TWMZBXXF8BYQH1JSHVMR,81000,2,0,1,0
MARCO_3123008,A1IBKP5PBH5EHC,3MHW492WW5TWMZBXXF8BYQH1JSHVMR,81000,0,0,0,0
CAR_79b9a16f02fba845741505cfa4bf613b5674ea8f,A1IBKP5PBH5EHC,3C5W7UE9CK6OQOGSXU9TMBEMY6RMXS,140000,2,0,1,0
CAR_876c45f0401a5d1a5603b380d55a8479fc4c6312,A1IBKP5PBH5EHC,3C5W7UE9CK6OQOGSXU9TMBEMY6RMXS,140000,3,1,1,0
CAR_87d4034ad40c274e7b3a40ab7cfe5aadc2fd214c,A1IBKP5PBH5EHC,3C5W7UE9CK6OQOGSXU9TMBEMY6RMXS,140000,4,0,1,0
CAR_8962748553f4a0d1e149376a851f5360e05e30a8,A1IBKP5PBH5EHC,3C5W7UE9CK6OQOGSXU9TMBEMY6RMXS,140000,4,0,1,0
CAR_8b6fd9825e935c86984b306a4595ffc11d72e8f7,A1IBKP5PBH5EHC,3C5W7UE9CK6OQOGSXU9TMBEMY6RMXS,140000,0,0,0,0
MARCO_5488480,A1IBKP5PBH5EHC,34S6N1K2Z0Z7YGYSSEQSJCB3B9LLHW,98000,1,0,0,0
MARCO_5668175,A1IBKP5PBH5EHC,34S6N1K2Z0Z7YGYSSEQSJCB3B9LLHW,98000,0,0,0,0
MARCO_5712650,A1IBKP5PBH5EHC,34S6N1K2Z0Z7YGYSSEQSJCB3B9LLHW,98000,0,0,0,0
MARCO_574275,A1IBKP5PBH5EHC,34S6N1K2Z0Z7YGYSSEQSJCB3B9LLHW,98000,0,0,0,0
MARCO_5773858,A1IBKP5PBH5EHC,34S6N1K2Z0Z7YGYSSEQSJCB3B9LLHW,98000,1,0,0,0
MARCO_7672899,A1IBKP5PBH5EHC,3MH9DQ7571SWHAQBHM0BPZVL905GUQ,113000,3,4,1,1
MARCO_7672900,A1IBKP5PBH5EHC,3MH9DQ7571SWHAQBHM0BPZVL905GUQ,113000,3,2,1,1
MARCO_7672901,A1IBKP5PBH5EHC,3MH9DQ7571SWHAQBHM0BPZVL905GUQ,113000,3,1,1,0
MARCO_7672902,A1IBKP5PBH5EHC,3MH9DQ7571SWHAQBHM0BPZVL905GUQ,113000,3,3,1,1
MARCO_7722004,A1IBKP5PBH5EHC,3MH9DQ7571SWHAQBHM0BPZVL905GUQ,113000,0,0,0,0
MARCO_2006564,A1IBKP5PBH5EHC,3ZPBJO59KUHO04A0FXS40Z3Y2ZDHD4,82000,2,1,1,0
MARCO_2084517,A1IBKP5PBH5EHC,3ZPBJO59KUHO04A0FXS40Z3Y2ZDHD4,82000,0,0,0,0
MARCO_2091338,A1IBKP5PBH5EHC,3ZPBJO59KUHO04A0FXS40Z3Y2ZDHD4,82000,0,0,0,0
MARCO_218331,A1IBKP5PBH5EHC,3ZPBJO59KUHO04A0FXS40Z3Y2ZDHD4,82000,0,0,0,0
MARCO_220381,A1IBKP5PBH5EHC,3ZPBJO59KUHO04A0FXS40Z3Y2ZDHD4,82000,0,0,0,0
CAR_25a576af9caa6422f55c2acf945dc79b423fb41e,A1IBKP5PBH5EHC,3EA3QWIZ4NBVDOHH75A45FMZ41CTIT,128000,1,0,0,0
CAR_2dc597ac2fc10917a752552bc335e6ac1aedc3f0,A1IBKP5PBH5EHC,3EA3QWIZ4NBVDOHH75A45FMZ41CTIT,128000,2,1,1,0
CAR_3249e5618575a849152c02b05f4fda924f10326f,A1IBKP5PBH5EHC,3EA3QWIZ4NBVDOHH75A45FMZ41CTIT,128000,2,0,1,0
CAR_393cb4e18a9d30018e843c4d37c564272ec5fa6f,A1IBKP5PBH5EHC,3EA3QWIZ4NBVDOHH75A45FMZ41CTIT,128000,1,0,0,0
CAR_40c64256e988c8103550008f4e9b7ce436d9536d,A1IBKP5PBH5EHC,3EA3QWIZ4NBVDOHH75A45FMZ41CTIT,128000,2,0,1,0
MARCO_4976184,A1IBKP5PBH5EHC,3OF2M9AATL4I5VG4D0KY4J2TIZVZKV,122000,4,4,1,1
MARCO_4976187,A1IBKP5PBH5EHC,3OF2M9AATL4I5VG4D0KY4J2TIZVZKV,122000,1,0,0,0
MARCO_4976188,A1IBKP5PBH5EHC,3OF2M9AATL4I5VG4D0KY4J2TIZVZKV,122000,0,0,0,0
MARCO_4976190,A1IBKP5PBH5EHC,3OF2M9AATL4I5VG4D0KY4J2TIZVZKV,122000,1,0,0,0
MARCO_5048256,A1IBKP5PBH5EHC,3OF2M9AATL4I5VG4D0KY4J2TIZVZKV,122000,0,0,0,0
MARCO_8675604,A1IBKP5PBH5EHC,3QJOXOW4XO7FKOPB2PJ1YMTFJYOEMG,83000,0,0,0,0
MARCO_89756,A1IBKP5PBH5EHC,3QJOXOW4XO7FKOPB2PJ1YMTFJYOEMG,83000,0,0,0,0
MARCO_928716,A1IBKP5PBH5EHC,3QJOXOW4XO7FKOPB2PJ1YMTFJYOEMG,83000,0,0,0,0
CAR_87d4034ad40c274e7b3a40ab7cfe5aadc2fd214c,A1IBKP5PBH5EHC,3QJOXOW4XO7FKOPB2PJ1YMTFJYOEMG,83000,4,1,1,0
MARCO_928721,A1IBKP5PBH5EHC,3QJOXOW4XO7FKOPB2PJ1YMTFJYOEMG,83000,0,0,0,0
MARCO_6291959,A1IBKP5PBH5EHC,3D4CH1LGEF9YXI28JB5KT387WFTG9X,100000,0,0,0,0
MARCO_6325362,A1IBKP5PBH5EHC,3D4CH1LGEF9YXI28JB5KT387WFTG9X,100000,0,0,0,0
MARCO_6561204,A1IBKP5PBH5EHC,3D4CH1LGEF9YXI28JB5KT387WFTG9X,100000,2,0,1,0
MARCO_6608641,A1IBKP5PBH5EHC,3D4CH1LGEF9YXI28JB5KT387WFTG9X,100000,0,0,0,0
MARCO_6617627,A1IBKP5PBH5EHC,3D4CH1LGEF9YXI28JB5KT387WFTG9X,100000,3,2,1,1
MARCO_3339006,A1IBKP5PBH5EHC,3NPI0JQDATLNUA4LK00OECNBRCDTP6,63000,0,0,0,0
CAR_0baad9b74477434c04136d8c994af6bcb3aed7ed,A1IBKP5PBH5EHC,3NPI0JQDATLNUA4LK00OECNBRCDTP6,63000,0,0,0,0
MARCO_3439882,A1IBKP5PBH5EHC,3NPI0JQDATLNUA4LK00OECNBRCDTP6,63000,0,0,0,0
MARCO_3470061,A1IBKP5PBH5EHC,3NPI0JQDATLNUA4LK00OECNBRCDTP6,63000,0,0,0,0
MARCO_355100,A1IBKP5PBH5EHC,3NPI0JQDATLNUA4LK00OECNBRCDTP6,63000,0,0,0,0
MARCO_3563229,A1IBKP5PBH5EHC,3T111IHZ5J6PM8BMZMZWS7MEYNZ9RF,78000,3,1,1,0
MARCO_3581481,A1IBKP5PBH5EHC,3T111IHZ5J6PM8BMZMZWS7MEYNZ9RF,78000,4,4,1,1
MARCO_3581484,A1IBKP5PBH5EHC,3T111IHZ5J6PM8BMZMZWS7MEYNZ9RF,78000,0,0,0,0
MARCO_3581486,A1IBKP5PBH5EHC,3T111IHZ5J6PM8BMZMZWS7MEYNZ9RF,78000,3,4,1,1
MARCO_3646725,A1IBKP5PBH5EHC,3T111IHZ5J6PM8BMZMZWS7MEYNZ9RF,78000,0,0,0,0
MARCO_1295084,A1IBKP5PBH5EHC,30BUDKLTXIBHCH45AQ2FHKITW5LE5G,153000,2,0,1,0
MARCO_1331560,A1IBKP5PBH5EHC,30BUDKLTXIBHCH45AQ2FHKITW5LE5G,153000,2,1,1,0
CAR_d37891cd657001a45ae65a1864b6af96a9b4543c,A1IBKP5PBH5EHC,30BUDKLTXIBHCH45AQ2FHKITW5LE5G,153000,4,1,1,0
MARCO_1373522,A1IBKP5PBH5EHC,30BUDKLTXIBHCH45AQ2FHKITW5LE5G,153000,4,4,1,1
MARCO_1462317,A1IBKP5PBH5EHC,30BUDKLTXIBHCH45AQ2FHKITW5LE5G,153000,4,1,1,0
MARCO_7208606,A1IBKP5PBH5EHC,323Q6SJS8NWLYOOW63NUOZ6JDFUHFL,142000,2,0,1,0
CAR_1463f964653c5c9f614a0a88d26b175e4a8120f1,A1IBKP5PBH5EHC,323Q6SJS8NWLYOOW63NUOZ6JDFUHFL,142000,1,1,0,0
MARCO_745277,A1IBKP5PBH5EHC,323Q6SJS8NWLYOOW63NUOZ6JDFUHFL,142000,3,1,1,0
MARCO_7524397,A1IBKP5PBH5EHC,323Q6SJS8NWLYOOW63NUOZ6JDFUHFL,142000,2,0,1,0
MARCO_7632622,A1IBKP5PBH5EHC,323Q6SJS8NWLYOOW63NUOZ6JDFUHFL,142000,2,1,1,0
CAR_8b8521b6835068974cc26ff1dfb3d76f84b7a504,A1IBKP5PBH5EHC,3300DTYQT7X653N3UIQIFVDKS17QE4,85000,2,0,1,0
CAR_92ebabc3db04d4bf31156d9db5f9d6917cac6906,A1IBKP5PBH5EHC,3300DTYQT7X653N3UIQIFVDKS17QE4,85000,0,0,0,0
CAR_bc285835e2ded639fa3ca767f43c8ed4bbbbdfe6,A1IBKP5PBH5EHC,3300DTYQT7X653N3UIQIFVDKS17QE4,85000,2,1,1,0
CAR_172e16e89ea3d5546e53384a27c3be299bcfe968,A1IBKP5PBH5EHC,3300DTYQT7X653N3UIQIFVDKS17QE4,85000,2,0,1,0
CAR_d37891cd657001a45ae65a1864b6af96a9b4543c,A1IBKP5PBH5EHC,3300DTYQT7X653N3UIQIFVDKS17QE4,85000,4,3,1,1
MARCO_1845838,A1IBKP5PBH5EHC,3FTYUGLFSZ1CKBQ5EVRVB208XQMD5J,100000,0,0,0,0
MARCO_191050,A1IBKP5PBH5EHC,3FTYUGLFSZ1CKBQ5EVRVB208XQMD5J,100000,0,0,0,0
MARCO_191055,A1IBKP5PBH5EHC,3FTYUGLFSZ1CKBQ5EVRVB208XQMD5J,100000,0,0,0,0
MARCO_191056,A1IBKP5PBH5EHC,3FTYUGLFSZ1CKBQ5EVRVB208XQMD5J,100000,0,0,0,0
CAR_16b23027e80fe73ba67f32995c488f89b12d0ac9,A1IBKP5PBH5EHC,3FTYUGLFSZ1CKBQ5EVRVB208XQMD5J,100000,1,0,0,0
MARCO_717027,A1IBKP5PBH5EHC,3I7DHKZYGSG9IV4151MLZ23T94C5FY,86000,1,1,0,0
MARCO_7198206,A1IBKP5PBH5EHC,3I7DHKZYGSG9IV4151MLZ23T94C5FY,86000,0,0,0,0
MARCO_7310025,A1IBKP5PBH5EHC,3I7DHKZYGSG9IV4151MLZ23T94C5FY,86000,0,0,0,0
MARCO_7364330,A1IBKP5PBH5EHC,3I7DHKZYGSG9IV4151MLZ23T94C5FY,86000,4,3,1,1
MARCO_7391562,A1IBKP5PBH5EHC,3I7DHKZYGSG9IV4151MLZ23T94C5FY,86000,0,0,0,0
MARCO_6775353,A1IBKP5PBH5EHC,3BV8HQ2ZZ1HA58N7Z4AYD7627L16AW,106000,1,0,0,0
MARCO_6914824,A1IBKP5PBH5EHC,3BV8HQ2ZZ1HA58N7Z4AYD7627L16AW,106000,3,4,1,1
MARCO_7035862,A1IBKP5PBH5EHC,3BV8HQ2ZZ1HA58N7Z4AYD7627L16AW,106000,3,1,1,0
MARCO_7069063,A1IBKP5PBH5EHC,3BV8HQ2ZZ1HA58N7Z4AYD7627L16AW,106000,3,0,1,0
MARCO_7113009,A1IBKP5PBH5EHC,3BV8HQ2ZZ1HA58N7Z4AYD7627L16AW,106000,3,2,1,1
MARCO_7672895,A1IBKP5PBH5EHC,35K3O9HUAGT9EEXUG2FO3W96LZ2FE3,136000,0,0,0,0
MARCO_7672898,A1IBKP5PBH5EHC,35K3O9HUAGT9EEXUG2FO3W96LZ2FE3,136000,1,0,0,0
MARCO_7722004,A1IBKP5PBH5EHC,35K3O9HUAGT9EEXUG2FO3W96LZ2FE3,136000,2,1,1,0
MARCO_7722005,A1IBKP5PBH5EHC,35K3O9HUAGT9EEXUG2FO3W96LZ2FE3,136000,2,1,1,0
MARCO_789620,A1IBKP5PBH5EHC,35K3O9HUAGT9EEXUG2FO3W96LZ2FE3,136000,4,4,1,1
CAR_41ab200340a8fcae748b366ff0b0506e6b87cefa,A1IBKP5PBH5EHC,3IO1LGZLKEDWMKUS26QKHG07HXX68O,178000,1,0,0,0
CAR_41b7dce4f8a72ee34d78c2b5c363272a54997f27,A1IBKP5PBH5EHC,3IO1LGZLKEDWMKUS26QKHG07HXX68O,178000,2,0,1,0
CAR_462db9a569840533b644a7eb3e2557a23ae8204b,A1IBKP5PBH5EHC,3IO1LGZLKEDWMKUS26QKHG07HXX68O,178000,0,0,0,0
CAR_55f68f0a33f49f6015035f70d8685e293389c9d6,A1IBKP5PBH5EHC,3IO1LGZLKEDWMKUS26QKHG07HXX68O,178000,2,0,1,0
CAR_5b50a00d9e1bd1d4ac3a973a656c1b20ab96ec1e,A1IBKP5PBH5EHC,3IO1LGZLKEDWMKUS26QKHG07HXX68O,178000,2,1,1,0
CAR_6a057adb9ceec057f64849cacfd142afe1ea1ad8,A1IBKP5PBH5EHC,31LM9EDVOQ8TDMW3SR9S8HV7SYMJN1,87000,1,0,0,0
CAR_6b3bbfda183e6f1b99ac397a43ba489ccb0d55a6,A1IBKP5PBH5EHC,31LM9EDVOQ8TDMW3SR9S8HV7SYMJN1,87000,0,0,0,0
CAR_6cf97c4207acf40ec1c19b10840e0cec17a106c9,A1IBKP5PBH5EHC,31LM9EDVOQ8TDMW3SR9S8HV7SYMJN1,87000,3,1,1,0
CAR_764218e1e68f5d0d6090cea1e3683efffe521a14,A1IBKP5PBH5EHC,31LM9EDVOQ8TDMW3SR9S8HV7SYMJN1,87000,0,0,0,0
CAR_795c96e2a1881cbbe6a5e5558269738c99d916bb,A1IBKP5PBH5EHC,31LM9EDVOQ8TDMW3SR9S8HV7SYMJN1,87000,4,3,1,1
MARCO_7035860,A1IBKP5PBH5EHC,3L4PIM1GQYW4N9JU7YRCROF57XQRYU,112000,0,0,0,0
MARCO_7035861,A1IBKP5PBH5EHC,3L4PIM1GQYW4N9JU7YRCROF57XQRYU,112000,0,0,0,0
MARCO_7084181,A1IBKP5PBH5EHC,3L4PIM1GQYW4N9JU7YRCROF57XQRYU,112000,0,0,0,0
MARCO_710355,A1IBKP5PBH5EHC,3L4PIM1GQYW4N9JU7YRCROF57XQRYU,112000,0,0,0,0
MARCO_7165544,A1IBKP5PBH5EHC,3L4PIM1GQYW4N9JU7YRCROF57XQRYU,112000,0,0,0,0
MARCO_3286052,A1IBKP5PBH5EHC,3E337GFOLEOJMK62KLOPB43R134GNO,76000,2,0,1,0
MARCO_3286053,A1IBKP5PBH5EHC,3E337GFOLEOJMK62KLOPB43R134GNO,76000,2,0,1,0
MARCO_3286054,A1IBKP5PBH5EHC,3E337GFOLEOJMK62KLOPB43R134GNO,76000,2,0,1,0
MARCO_3294238,A1IBKP5PBH5EHC,3E337GFOLEOJMK62KLOPB43R134GNO,76000,0,0,0,0
MARCO_3312834,A1IBKP5PBH5EHC,3E337GFOLEOJMK62KLOPB43R134GNO,76000,0,0,0,0
CAR_73cab8acdf22cbe0d31afa18285069bb4b3a3807,A1IBKP5PBH5EHC,3DY4FPOOA64NJFOP2N4SKPBBOICRVC,122000,0,0,0,0
CAR_76a4a716d4b1b01995c6663ee16e94b4ca35fdd3,A1IBKP5PBH5EHC,3DY4FPOOA64NJFOP2N4SKPBBOICRVC,122000,0,0,0,0
CAR_7b85fdb20fa85b01050fc49656cbc548d231defe,A1IBKP5PBH5EHC,3DY4FPOOA64NJFOP2N4SKPBBOICRVC,122000,3,1,1,0
CAR_87d4034ad40c274e7b3a40ab7cfe5aadc2fd214c,A1IBKP5PBH5EHC,3DY4FPOOA64NJFOP2N4SKPBBOICRVC,122000,3,4,1,1
CAR_8b6fd9825e935c86984b306a4595ffc11d72e8f7,A1IBKP5PBH5EHC,3DY4FPOOA64NJFOP2N4SKPBBOICRVC,122000,0,0,0,0
MARCO_3671702,A1IBKP5PBH5EHC,3QHK8ZVMIRYX73V6SMGWX185GVDLBB,82000,0,0,0,0
MARCO_3705888,A1IBKP5PBH5EHC,3QHK8ZVMIRYX73V6SMGWX185GVDLBB,82000,0,0,0,0
MARCO_3878345,A1IBKP5PBH5EHC,3QHK8ZVMIRYX73V6SMGWX185GVDLBB,82000,0,0,0,0
MARCO_3878347,A1IBKP5PBH5EHC,3QHK8ZVMIRYX73V6SMGWX185GVDLBB,82000,0,1,0,0
MARCO_3878348,A1IBKP5PBH5EHC,3QHK8ZVMIRYX73V6SMGWX185GVDLBB,82000,0,0,0,0
MARCO_3975251,A1IBKP5PBH5EHC,3LJ7UR74RMT3A4DIPKMO2F6OBYWN49,103000,0,0,0,0
MARCO_4139291,A1IBKP5PBH5EHC,3LJ7UR74RMT3A4DIPKMO2F6OBYWN49,103000,3,3,1,1
CAR_4fc9cfd310dfb8eaf3fbfa60723ec5b8072b876d,A1IBKP5PBH5EHC,3LJ7UR74RMT3A4DIPKMO2F6OBYWN49,103000,4,3,1,1
MARCO_4144833,A1IBKP5PBH5EHC,3LJ7UR74RMT3A4DIPKMO2F6OBYWN49,103000,0,0,0,0
MARCO_4190373,A1IBKP5PBH5EHC,3LJ7UR74RMT3A4DIPKMO2F6OBYWN49,103000,0,0,0,0
MARCO_7541279,A1IBKP5PBH5EHC,3HVVDCPGTJ8H3OWMBNW7R3GNVINYTE,102000,0,0,0,0
CAR_1244f628b92ca5ff3bc28191a370726561154166,A1IBKP5PBH5EHC,3HVVDCPGTJ8H3OWMBNW7R3GNVINYTE,102000,0,0,0,0
MARCO_7632622,A1IBKP5PBH5EHC,3HVVDCPGTJ8H3OWMBNW7R3GNVINYTE,102000,2,1,1,0
MARCO_7635344,A1IBKP5PBH5EHC,3HVVDCPGTJ8H3OWMBNW7R3GNVINYTE,102000,1,1,0,0
MARCO_7672895,A1IBKP5PBH5EHC,3HVVDCPGTJ8H3OWMBNW7R3GNVINYTE,102000,3,1,1,0
CAR_55f68f0a33f49f6015035f70d8685e293389c9d6,A1IBKP5PBH5EHC,3018Q3ZVON63RRLRRSDWO2XY38GRAG,82000,2,0,1,0
CAR_5afea520c45103a5637ed021a5129766d37341bc,A1IBKP5PBH5EHC,3018Q3ZVON63RRLRRSDWO2XY38GRAG,82000,0,0,0,0
CAR_5b50a00d9e1bd1d4ac3a973a656c1b20ab96ec1e,A1IBKP5PBH5EHC,3018Q3ZVON63RRLRRSDWO2XY38GRAG,82000,0,0,0,0
CAR_63e2ffba97498caee83a1f9c36e2cb5f9700df9d,A1IBKP5PBH5EHC,3018Q3ZVON63RRLRRSDWO2XY38GRAG,82000,0,0,0,0
CAR_66e78c6918b07df45d2e26ebaba74baaeb0c0da0,A1IBKP5PBH5EHC,3018Q3ZVON63RRLRRSDWO2XY38GRAG,82000,0,0,0,0
MARCO_5060027,A1IBKP5PBH5EHC,3CTOC39K3C64A14GCKS3CK9HTHJJ7P,60000,0,0,0,0
MARCO_5200885,A1IBKP5PBH5EHC,3CTOC39K3C64A14GCKS3CK9HTHJJ7P,60000,0,0,0,0
MARCO_5240197,A1IBKP5PBH5EHC,3CTOC39K3C64A14GCKS3CK9HTHJJ7P,60000,0,0,0,0
CAR_08489902963b8b03a75ebfc2afad422660c1cc71,A1IBKP5PBH5EHC,3CTOC39K3C64A14GCKS3CK9HTHJJ7P,60000,3,0,1,0
MARCO_5277022,A1IBKP5PBH5EHC,3CTOC39K3C64A14GCKS3CK9HTHJJ7P,60000,0,0,0,0
MARCO_4976182,A1IBKP5PBH5EHC,3WEV0KO0OR8DQDOGQR434DA0ADUDSQ,132000,1,0,0,0
MARCO_4976187,A1IBKP5PBH5EHC,3WEV0KO0OR8DQDOGQR434DA0ADUDSQ,132000,3,1,1,0
MARCO_5289694,A1IBKP5PBH5EHC,3WEV0KO0OR8DQDOGQR434DA0ADUDSQ,132000,2,1,1,0
CAR_116d829c4c800c2fc70f11692fec5e8c7e975250,A1IBKP5PBH5EHC,3WEV0KO0OR8DQDOGQR434DA0ADUDSQ,132000,0,0,0,0
MARCO_5488478,A1IBKP5PBH5EHC,3WEV0KO0OR8DQDOGQR434DA0ADUDSQ,132000,2,1,1,0
MARCO_8168665,A1IBKP5PBH5EHC,3KWTYT0875JVINEXRCPJUF8D60Z5L4,71000,0,0,0,0
MARCO_8245894,A1IBKP5PBH5EHC,3KWTYT0875JVINEXRCPJUF8D60Z5L4,71000,0,0,0,0
MARCO_842106,A1IBKP5PBH5EHC,3KWTYT0875JVINEXRCPJUF8D60Z5L4,71000,0,0,0,0
MARCO_8452824,A1IBKP5PBH5EHC,3KWTYT0875JVINEXRCPJUF8D60Z5L4,71000,0,0,0,0
MARCO_8509630,A1IBKP5PBH5EHC,3KWTYT0875JVINEXRCPJUF8D60Z5L4,71000,4,4,1,1
MARCO_2398608,A1IBKP5PBH5EHC,32KTQ2V7RIVYPSYUUE3F68S4S0Y9MP,92000,0,0,0,0
MARCO_243658,A1IBKP5PBH5EHC,32KTQ2V7RIVYPSYUUE3F68S4S0Y9MP,92000,0,0,0,0
MARCO_2504183,A1IBKP5PBH5EHC,32KTQ2V7RIVYPSYUUE3F68S4S0Y9MP,92000,1,0,0,0
MARCO_2534660,A1IBKP5PBH5EHC,32KTQ2V7RIVYPSYUUE3F68S4S0Y9MP,92000,0,0,0,0
MARCO_2539307,A1IBKP5PBH5EHC,32KTQ2V7RIVYPSYUUE3F68S4S0Y9MP,92000,0,0,0,0
CAR_c4c85efe4162c05603c8cae819662c38da5617eb,A1IBKP5PBH5EHC,3CPLWGV3MTF47AJU6FIFJNH4XQ5N90,167000,0,0,0,0
CAR_cdc94acb190f2c39bb2aa654e5b2447abfb9df0d,A1IBKP5PBH5EHC,3CPLWGV3MTF47AJU6FIFJNH4XQ5N90,167000,1,0,0,0
CAR_d37891cd657001a45ae65a1864b6af96a9b4543c,A1IBKP5PBH5EHC,3CPLWGV3MTF47AJU6FIFJNH4XQ5N90,167000,0,0,0,0
CAR_dbeb8cd6edbddddd97b665073523548470dffe44,A1IBKP5PBH5EHC,3CPLWGV3MTF47AJU6FIFJNH4XQ5N90,167000,0,0,0,0
CAR_deaeb84c1bcbefdd05b5909e8d98384ab29061bf,A1IBKP5PBH5EHC,3CPLWGV3MTF47AJU6FIFJNH4XQ5N90,167000,1,0,0,0
CAR_874c9a1cdfc4997c5f2740bdbf3aeb44aa9a6fa2,A1IBKP5PBH5EHC,3QEMNNSB22FR7F4O2O6S9ME4OXYD7H,132000,1,0,0,0
CAR_87894b75f3ddc6e89450169e544bd6dabe434157,A1IBKP5PBH5EHC,3QEMNNSB22FR7F4O2O6S9ME4OXYD7H,132000,3,3,1,1
CAR_8be3647ac0ff5327d31c825f92d1030c914c72b2,A1IBKP5PBH5EHC,3QEMNNSB22FR7F4O2O6S9ME4OXYD7H,132000,4,3,1,1
CAR_92f38a3fd60d280b5092d8df212a7952e3c35fff,A1IBKP5PBH5EHC,3QEMNNSB22FR7F4O2O6S9ME4OXYD7H,132000,3,1,1,0
CAR_93385bf80ce7553b23a92735a9ff3e39dab46236,A1IBKP5PBH5EHC,3QEMNNSB22FR7F4O2O6S9ME4OXYD7H,132000,1,1,0,0
MARCO_789620,A1IBKP5PBH5EHC,35DR22AR5I0N428IRC4EQC5GZDHX3R,107000,0,1,0,0
MARCO_7972825,A1IBKP5PBH5EHC,35DR22AR5I0N428IRC4EQC5GZDHX3R,107000,3,3,1,1
MARCO_7972827,A1IBKP5PBH5EHC,35DR22AR5I0N428IRC4EQC5GZDHX3R,107000,4,3,1,1
MARCO_8039684,A1IBKP5PBH5EHC,35DR22AR5I0N428IRC4EQC5GZDHX3R,107000,0,0,0,0
MARCO_8046970,A1IBKP5PBH5EHC,35DR22AR5I0N428IRC4EQC5GZDHX3R,107000,4,4,1,1
MARCO_5357610,A1IBKP5PBH5EHC,33JKGHPFYHAJEU2OVOMKO9NOXQJMN7,92000,2,1,1,0
MARCO_5375362,A1IBKP5PBH5EHC,33JKGHPFYHAJEU2OVOMKO9NOXQJMN7,92000,0,0,0,0
MARCO_5419970,A1IBKP5PBH5EHC,33JKGHPFYHAJEU2OVOMKO9NOXQJMN7,92000,1,1,0,0
MARCO_5472492,A1IBKP5PBH5EHC,33JKGHPFYHAJEU2OVOMKO9NOXQJMN7,92000,0,0,0,0
MARCO_5485077,A1IBKP5PBH5EHC,33JKGHPFYHAJEU2OVOMKO9NOXQJMN7,92000,1,0,0,0
MARCO_1367267,A1IBKP5PBH5EHC,33OOO72IVM140LVHFVEIUCO4STVTCP,130000,0,2,0,1
MARCO_1373522,A1IBKP5PBH5EHC,33OOO72IVM140LVHFVEIUCO4STVTCP,130000,0,0,0,0
MARCO_1462317,A1IBKP5PBH5EHC,33OOO72IVM140LVHFVEIUCO4STVTCP,130000,0,0,0,0
MARCO_1467228,A1IBKP5PBH5EHC,33OOO72IVM140LVHFVEIUCO4STVTCP,130000,2,0,1,0
MARCO_1661806,A1IBKP5PBH5EHC,33OOO72IVM140LVHFVEIUCO4STVTCP,130000,0,0,0,0
MARCO_1705591,A1IBKP5PBH5EHC,3RWE2M8QWMQMBGVH6JZMQCGBTPBN0T,215000,2,0,1,0
MARCO_1905584,A1IBKP5PBH5EHC,3RWE2M8QWMQMBGVH6JZMQCGBTPBN0T,215000,3,1,1,0
MARCO_1905587,A1IBKP5PBH5EHC,3RWE2M8QWMQMBGVH6JZMQCGBTPBN0T,215000,4,4,1,1
MARCO_191050,A1IBKP5PBH5EHC,3RWE2M8QWMQMBGVH6JZMQCGBTPBN0T,215000,4,1,1,0
MARCO_191055,A1IBKP5PBH5EHC,3RWE2M8QWMQMBGVH6JZMQCGBTPBN0T,215000,2,2,1,1
MARCO_8149031,A1IBKP5PBH5EHC,3GS6S824SVDFJ6W2ZQS7X7PFUUTWN7,150000,2,2,1,1
MARCO_8168665,A1IBKP5PBH5EHC,3GS6S824SVDFJ6W2ZQS7X7PFUUTWN7,150000,3,1,1,0
MARCO_8452824,A1IBKP5PBH5EHC,3GS6S824SVDFJ6W2ZQS7X7PFUUTWN7,150000,2,0,1,0
MARCO_8452826,A1IBKP5PBH5EHC,3GS6S824SVDFJ6W2ZQS7X7PFUUTWN7,150000,1,0,0,0
MARCO_1373522,A1IBKP5PBH5EHC,3GS6S824SVDFJ6W2ZQS7X7PFUUTWN7,150000,4,4,1,1
MARCO_8530121,A1IBKP5PBH5EHC,3JZQSN0I3VQ7YSTLMX5C3ZUIZDRGFS,105000,1,1,0,0
MARCO_8531479,A1IBKP5PBH5EHC,3JZQSN0I3VQ7YSTLMX5C3ZUIZDRGFS,105000,0,0,0,0
MARCO_8554833,A1IBKP5PBH5EHC,3JZQSN0I3VQ7YSTLMX5C3ZUIZDRGFS,105000,4,4,1,1
MARCO_8610842,A1IBKP5PBH5EHC,3JZQSN0I3VQ7YSTLMX5C3ZUIZDRGFS,105000,0,1,0,0
MARCO_8610846,A1IBKP5PBH5EHC,3JZQSN0I3VQ7YSTLMX5C3ZUIZDRGFS,105000,1,1,0,0
MARCO_5779541,A1IBKP5PBH5EHC,386CSBG1O422SOUOO07K37L7C1SQ6P,162000,0,0,0,0
MARCO_5783561,A1IBKP5PBH5EHC,386CSBG1O422SOUOO07K37L7C1SQ6P,162000,0,0,0,0
MARCO_5873357,A1IBKP5PBH5EHC,386CSBG1O422SOUOO07K37L7C1SQ6P,162000,0,0,0,0
MARCO_5921637,A1IBKP5PBH5EHC,386CSBG1O422SOUOO07K37L7C1SQ6P,162000,0,0,0,0
CAR_6cf97c4207acf40ec1c19b10840e0cec17a106c9,A1IBKP5PBH5EHC,386CSBG1O422SOUOO07K37L7C1SQ6P,162000,3,1,1,0
CAR_72f9d92856c655d8348c37af126c14dafdb4376a,A1IBKP5PBH5EHC,3ZSY5X72N2RSTVFS1BIEPXH3TNYROQ,168000,2,2,1,1
CAR_756ff857f0eb6449d44d82a0463016cf7dff1904,A1IBKP5PBH5EHC,3ZSY5X72N2RSTVFS1BIEPXH3TNYROQ,168000,3,3,1,1
CAR_7deb706e9a1ac22770ab3c0d0fe441adeaaa61c0,A1IBKP5PBH5EHC,3ZSY5X72N2RSTVFS1BIEPXH3TNYROQ,168000,2,1,1,0
CAR_7e64aec75a1631c86d3d82986d2c440bc42c7e6a,A1IBKP5PBH5EHC,3ZSY5X72N2RSTVFS1BIEPXH3TNYROQ,168000,2,1,1,0
CAR_867a3c2147aa4a57c8881d93c2f8f2a338c54bc3,A1IBKP5PBH5EHC,3ZSY5X72N2RSTVFS1BIEPXH3TNYROQ,168000,3,4,1,1
CAR_795c96e2a1881cbbe6a5e5558269738c99d916bb,A1IBKP5PBH5EHC,3W92K5RLWZXYESQR5GRPHO6FXYZ5VL,237000,4,2,1,1
MARCO_6965459,A1IBKP5PBH5EHC,3W92K5RLWZXYESQR5GRPHO6FXYZ5VL,237000,0,0,0,0
MARCO_7035854,A1IBKP5PBH5EHC,3W92K5RLWZXYESQR5GRPHO6FXYZ5VL,237000,0,0,0,0
MARCO_7035858,A1IBKP5PBH5EHC,3W92K5RLWZXYESQR5GRPHO6FXYZ5VL,237000,0,0,0,0
MARCO_7035859,A1IBKP5PBH5EHC,3W92K5RLWZXYESQR5GRPHO6FXYZ5VL,237000,0,0,0,0
MARCO_3975251,A1IBKP5PBH5EHC,33C7UALJVQE1FYTVW0E3MK9Q9MK18O,137000,0,0,0,0
MARCO_3990599,A1IBKP5PBH5EHC,33C7UALJVQE1FYTVW0E3MK9Q9MK18O,137000,2,0,1,0
MARCO_3990603,A1IBKP5PBH5EHC,33C7UALJVQE1FYTVW0E3MK9Q9MK18O,137000,4,3,1,1
MARCO_4032696,A1IBKP5PBH5EHC,33C7UALJVQE1FYTVW0E3MK9Q9MK18O,137000,0,0,0,0
MARCO_4239408,A1IBKP5PBH5EHC,33C7UALJVQE1FYTVW0E3MK9Q9MK18O,137000,3,1,1,0
CAR_683d2822b14dca56ef1ffd93c997258c3b2cc083,A1IBKP5PBH5EHC,32KTQ2V7RIVYPSYUUE3F68S4R3U9MQ,115000,2,0,1,0
CAR_6a057adb9ceec057f64849cacfd142afe1ea1ad8,A1IBKP5PBH5EHC,32KTQ2V7RIVYPSYUUE3F68S4R3U9MQ,115000,0,0,0,0
CAR_6b3bbfda183e6f1b99ac397a43ba489ccb0d55a6,A1IBKP5PBH5EHC,32KTQ2V7RIVYPSYUUE3F68S4R3U9MQ,115000,0,0,0,0
CAR_6d27d16be918eb5090e90a4bd08e459a4441529e,A1IBKP5PBH5EHC,32KTQ2V7RIVYPSYUUE3F68S4R3U9MQ,115000,0,0,0,0
CAR_71fe664149cf06de1fcbb55dfb239f48687753c0,A1IBKP5PBH5EHC,32KTQ2V7RIVYPSYUUE3F68S4R3U9MQ,115000,3,1,1,0
CAR_08489902963b8b03a75ebfc2afad422660c1cc71,A1IBKP5PBH5EHC,3XM0HYN6NPFL5RMOU5BTFQNAN5QPEH,118000,3,1,1,0
CAR_0baad9b74477434c04136d8c994af6bcb3aed7ed,A1IBKP5PBH5EHC,3XM0HYN6NPFL5RMOU5BTFQNAN5QPEH,118000,0,0,0,0
CAR_116d829c4c800c2fc70f11692fec5e8c7e975250,A1IBKP5PBH5EHC,3XM0HYN6NPFL5RMOU5BTFQNAN5QPEH,118000,1,0,0,0
CAR_1244f628b92ca5ff3bc28191a370726561154166,A1IBKP5PBH5EHC,3XM0HYN6NPFL5RMOU5BTFQNAN5QPEH,118000,0,0,0,0
CAR_16b23027e80fe73ba67f32995c488f89b12d0ac9,A1IBKP5PBH5EHC,3XM0HYN6NPFL5RMOU5BTFQNAN5QPEH,118000,1,0,0,0
MARCO_1019257,A1IBKP5PBH5EHC,39L1G8WVWV7FE1NPKJJ7V31FUXR13Q,148000,3,2,1,1
MARCO_1044829,A1IBKP5PBH5EHC,39L1G8WVWV7FE1NPKJJ7V31FUXR13Q,148000,0,0,0,0
MARCO_1172370,A1IBKP5PBH5EHC,39L1G8WVWV7FE1NPKJJ7V31FUXR13Q,148000,1,3,0,1
MARCO_1232334,A1IBKP5PBH5EHC,39L1G8WVWV7FE1NPKJJ7V31FUXR13Q,148000,0,0,0,0
MARCO_1273740,A1IBKP5PBH5EHC,39L1G8WVWV7FE1NPKJJ7V31FUXR13Q,148000,3,2,1,1
MARCO_6520903,A1IBKP5PBH5EHC,3KWTYT0875JVINEXRCPJUF8D52OL5C,159000,0,0,0,0
MARCO_6617627,A1IBKP5PBH5EHC,3KWTYT0875JVINEXRCPJUF8D52OL5C,159000,3,1,1,0
CAR_2dc597ac2fc10917a752552bc335e6ac1aedc3f0,A1IBKP5PBH5EHC,3KWTYT0875JVINEXRCPJUF8D52OL5C,159000,2,1,1,0
MARCO_6624741,A1IBKP5PBH5EHC,3KWTYT0875JVINEXRCPJUF8D52OL5C,159000,3,3,1,1
MARCO_6676020,A1IBKP5PBH5EHC,3KWTYT0875JVINEXRCPJUF8D52OL5C,159000,1,0,0,0
MARCO_291006,A1IBKP5PBH5EHC,3BV8HQ2ZZ1HA58N7Z4AYD7627LZ6AU,118000,2,2,1,1
MARCO_2925879,A1IBKP5PBH5EHC,3BV8HQ2ZZ1HA58N7Z4AYD7627LZ6AU,118000,4,3,1,1
MARCO_2954451,A1IBKP5PBH5EHC,3BV8HQ2ZZ1HA58N7Z4AYD7627LZ6AU,118000,4,4,1,1
MARCO_3005493,A1IBKP5PBH5EHC,3BV8HQ2ZZ1HA58N7Z4AYD7627LZ6AU,118000,2,0,1,0
MARCO_3090847,A1IBKP5PBH5EHC,3BV8HQ2ZZ1HA58N7Z4AYD7627LZ6AU,118000,4,4,1,1
MARCO_8530114,A1IBKP5PBH5EHC,3XM0HYN6NPFL5RMOU5BTFQNAN5QEP6,93000,2,1,1,0
MARCO_8554836,A1IBKP5PBH5EHC,3XM0HYN6NPFL5RMOU5BTFQNAN5QEP6,93000,1,0,0,0
MARCO_8610842,A1IBKP5PBH5EHC,3XM0HYN6NPFL5RMOU5BTFQNAN5QEP6,93000,4,4,1,1
MARCO_8610846,A1IBKP5PBH5EHC,3XM0HYN6NPFL5RMOU5BTFQNAN5QEP6,93000,1,0,0,0
MARCO_8637099,A1IBKP5PBH5EHC,3XM0HYN6NPFL5RMOU5BTFQNAN5QEP6,93000,0,0,0,0
MARCO_5947605,A1IBKP5PBH5EHC,3PDJHANYKAWPFVVL5AKQUTT6KGQH6H,157000,2,0,1,0
MARCO_5990560,A1IBKP5PBH5EHC,3PDJHANYKAWPFVVL5AKQUTT6KGQH6H,157000,4,4,1,1
MARCO_6060239,A1IBKP5PBH5EHC,3PDJHANYKAWPFVVL5AKQUTT6KGQH6H,157000,3,4,1,1
MARCO_6291496,A1IBKP5PBH5EHC,3PDJHANYKAWPFVVL5AKQUTT6KGQH6H,157000,1,0,0,0
MARCO_6430441,A1IBKP5PBH5EHC,3PDJHANYKAWPFVVL5AKQUTT6KGQH6H,157000,4,1,1,0
MARCO_1663363,A1IBKP5PBH5EHC,3JBT3HLQFDIJGMDKQSP600OSC8WZPP,71000,0,0,0,0
MARCO_1707008,A1IBKP5PBH5EHC,3JBT3HLQFDIJGMDKQSP600OSC8WZPP,71000,0,0,0,0
MARCO_1747985,A1IBKP5PBH5EHC,3JBT3HLQFDIJGMDKQSP600OSC8WZPP,71000,0,0,0,0
MARCO_1786254,A1IBKP5PBH5EHC,3JBT3HLQFDIJGMDKQSP600OSC8WZPP,71000,0,0,0,0
MARCO_1842742,A1IBKP5PBH5EHC,3JBT3HLQFDIJGMDKQSP600OSC8WZPP,71000,0,0,0,0
MARCO_6624254,A1IBKP5PBH5EHC,3AAJC4I4FL8NUBAMVFKM342G3AZZJ0,72000,0,0,0,0
MARCO_6624741,A1IBKP5PBH5EHC,3AAJC4I4FL8NUBAMVFKM342G3AZZJ0,72000,0,0,0,0
MARCO_667313,A1IBKP5PBH5EHC,3AAJC4I4FL8NUBAMVFKM342G3AZZJ0,72000,0,0,0,0
MARCO_6869171,A1IBKP5PBH5EHC,3AAJC4I4FL8NUBAMVFKM342G3AZZJ0,72000,0,0,0,0
MARCO_6894666,A1IBKP5PBH5EHC,3AAJC4I4FL8NUBAMVFKM342G3AZZJ0,72000,0,0,0,0
CAR_dbeb8cd6edbddddd97b665073523548470dffe44,A1IBKP5PBH5EHC,3RRCEFRB7RS19VOLMUHFBK6UTCDB48,144000,2,0,1,0
CAR_eed3d1eb3efc8660a01023593eaf27043ac77111,A1IBKP5PBH5EHC,3RRCEFRB7RS19VOLMUHFBK6UTCDB48,144000,1,0,0,0
CAR_f1665e72ddfd638bd4e9e936a5dc61cd76ff6037,A1IBKP5PBH5EHC,3RRCEFRB7RS19VOLMUHFBK6UTCDB48,144000,2,0,1,0
MARCO_1092925,A1IBKP5PBH5EHC,3RRCEFRB7RS19VOLMUHFBK6UTCDB48,144000,3,1,1,0
MARCO_1092929,A1IBKP5PBH5EHC,3RRCEFRB7RS19VOLMUHFBK6UTCDB48,144000,3,0,1,0
CAR_b89529770fd5f731a7b35be786cb861d035a4255,A1IBKP5PBH5EHC,36WLNQG784QJ1XLEB0TSK6IL7ZREBY,143000,2,1,1,0
CAR_cd918db68e0c1e8fb164652ef9894733ef98ae70,A1IBKP5PBH5EHC,36WLNQG784QJ1XLEB0TSK6IL7ZREBY,143000,3,2,1,1
CAR_d37891cd657001a45ae65a1864b6af96a9b4543c,A1IBKP5PBH5EHC,36WLNQG784QJ1XLEB0TSK6IL7ZREBY,143000,2,0,1,0
CAR_dd3f7ea0a28cfcb48837bedfdc5079a41eb2e56b,A1IBKP5PBH5EHC,36WLNQG784QJ1XLEB0TSK6IL7ZREBY,143000,1,0,0,0
CAR_dedad08c40164cee79464fdeb8da5e3e46b402ea,A1IBKP5PBH5EHC,36WLNQG784QJ1XLEB0TSK6IL7ZREBY,143000,4,4,1,1
MARCO_4213602,A1IBKP5PBH5EHC,3VAR3R6G1UHMBQ0W22CEYGMY3VYO8Z,62000,0,0,0,0
MARCO_4449456,A1IBKP5PBH5EHC,3VAR3R6G1UHMBQ0W22CEYGMY3VYO8Z,62000,0,0,0,0
MARCO_4480160,A1IBKP5PBH5EHC,3VAR3R6G1UHMBQ0W22CEYGMY3VYO8Z,62000,0,0,0,0
MARCO_4662511,A1IBKP5PBH5EHC,3VAR3R6G1UHMBQ0W22CEYGMY3VYO8Z,62000,4,3,1,1
MARCO_471484,A1IBKP5PBH5EHC,3VAR3R6G1UHMBQ0W22CEYGMY3VYO8Z,62000,0,0,0,0
CAR_2dc597ac2fc10917a752552bc335e6ac1aedc3f0,A1IBKP5PBH5EHC,3XC1O3LBOX2X3PPNS87HXVERL5CLT5,81000,0,0,0,0
CAR_393cb4e18a9d30018e843c4d37c564272ec5fa6f,A1IBKP5PBH5EHC,3XC1O3LBOX2X3PPNS87HXVERL5CLT5,81000,0,0,0,0
CAR_462db9a569840533b644a7eb3e2557a23ae8204b,A1IBKP5PBH5EHC,3XC1O3LBOX2X3PPNS87HXVERL5CLT5,81000,1,0,0,0
CAR_4fc9cfd310dfb8eaf3fbfa60723ec5b8072b876d,A1IBKP5PBH5EHC,3XC1O3LBOX2X3PPNS87HXVERL5CLT5,81000,4,3,1,1
CAR_55a95284bc782f3da5d3651a9c0e6f4df0ba7458,A1IBKP5PBH5EHC,3XC1O3LBOX2X3PPNS87HXVERL5CLT5,81000,0,0,0,0
